[
{
  "model": "address.country",
  "pk": 1,
  "fields": {
    "name": "New Zealand",
    "code": ""
  }
},
{
  "model": "address.state",
  "pk": 1,
  "fields": {
    "name": "Hawkes Bay",
    "code": "",
    "country": 1
  }
},
{
  "model": "address.locality",
  "pk": 1,
  "fields": {
    "name": "Puketapu",
    "postal_code": "4182",
    "state": 1
  }
},
{
  "model": "address.locality",
  "pk": 2,
  "fields": {
    "name": "Bay View",
    "postal_code": "4104",
    "state": 1
  }
},
{
  "model": "address.address",
  "pk": 1,
  "fields": {
    "street_number": "642",
    "route": "Puketitiri Road",
    "locality": 1,
    "raw": "642 Puketitiri Road",
    "formatted": "",
    "latitude": -39.482469,
    "longitude": 176.809461
  }
},
{
  "model": "address.address",
  "pk": 2,
  "fields": {
    "street_number": "492",
    "route": "Puketitiri Road",
    "locality": 1,
    "raw": "492 Puketittiri Road",
    "formatted": "",
    "latitude": -39.490617,
    "longitude": 176.814498
  }
},
{
  "model": "address.address",
  "pk": 3,
  "fields": {
    "street_number": "990",
    "route": "Puketapu Road",
    "locality": 1,
    "raw": "990 Puketapu Road",
    "formatted": "",
    "latitude": null,
    "longitude": 176.812488
  }
},
{
  "model": "address.address",
  "pk": 4,
  "fields": {
    "street_number": "615",
    "route": "Puketitiri Road",
    "locality": 1,
    "raw": "615 Puketitiri Road",
    "formatted": "",
    "latitude": -39.4815,
    "longitude": 176.808951
  }
},
{
  "model": "address.address",
  "pk": 5,
  "fields": {
    "street_number": "826",
    "route": "Main Road North",
    "locality": 2,
    "raw": "826 Main Road North",
    "formatted": "",
    "latitude": -39.404077,
    "longitude": 176.876457
  }
},
{
  "model": "address.address",
  "pk": 6,
  "fields": {
    "street_number": "144",
    "route": "Poraiti Road",
    "locality": 1,
    "raw": "144 Poraiti Road",
    "formatted": "",
    "latitude": -39.492762,
    "longitude": 176.841965
  }
},
{
  "model": "auth.group",
  "pk": 1,
  "fields": {
    "name": "Technician",
    "permissions": []
  }
},
{
  "model": "auth.user",
  "pk": 1,
  "fields": {
    "password": "pbkdf2_sha256$150000$s1tgXax98CQE$YJNmsRCg0yAXSC+8wLM31WAuRE7/EymXToBSlemq3sE=",
    "last_login": "2020-03-12T20:30:09.125Z",
    "is_superuser": true,
    "username": "admin",
    "first_name": "",
    "last_name": "",
    "email": "",
    "is_staff": true,
    "is_active": true,
    "date_joined": "2020-01-13T18:25:40.239Z",
    "groups": [],
    "user_permissions": []
  }
},
{
  "model": "auth.user",
  "pk": 2,
  "fields": {
    "password": "pbkdf2_sha256$150000$81opyzmmJiKM$mVRB9VnO4PvMSflzJUOi+xZjAPqTC7ObP941HNJOybQ=",
    "last_login": null,
    "is_superuser": false,
    "username": "hamiltonb",
    "first_name": "Brendan",
    "last_name": "Hamilton",
    "email": "brendan@fruition.net.nz",
    "is_staff": false,
    "is_active": true,
    "date_joined": "2020-01-16T02:45:17Z",
    "groups": [
      1
    ],
    "user_permissions": []
  }
},
{
  "model": "sessions.session",
  "pk": "6svswwsafzog1fidnrrof5t0a2nj6scj",
  "fields": {
    "session_data": "NjNhNjhjOGQyZGUzOWZlMzFlZjViOTQzZjE1NWI5NTA1MTRhYjNlOTp7IndpemFyZF9zZWFzb25fd2l6YXJkIjp7InN0ZXAiOiJzZWxlY3RfY3JzZiIsInN0ZXBfZGF0YSI6e30sInN0ZXBfZmlsZXMiOnt9LCJleHRyYV9kYXRhIjp7fX19",
    "expire_date": "2020-03-05T23:19:31.872Z"
  }
},
{
  "model": "sessions.session",
  "pk": "8vvi2otx8sydag2oqxfjob6dxzwgmgzm",
  "fields": {
    "session_data": "MmEyNTMzNTg2NWI2MTJmYzNmZmIwMzMyNmFkZWUyMGU5NDM1ZjYyODp7Il9hdXRoX3VzZXJfaWQiOiIxIiwiX2F1dGhfdXNlcl9iYWNrZW5kIjoiZGphbmdvLmNvbnRyaWIuYXV0aC5iYWNrZW5kcy5Nb2RlbEJhY2tlbmQiLCJfYXV0aF91c2VyX2hhc2giOiI5MjIwMWY2MGRjYzZhYzkwYWRmZjU0NjE5ZjU2ZWIyMTRjYmEwNGIxIn0=",
    "expire_date": "2020-03-25T23:07:39.865Z"
  }
},
{
  "model": "sessions.session",
  "pk": "dw8hitq8rbmgdnq8pvn9oynjz8nla14s",
  "fields": {
    "session_data": "MmEyNTMzNTg2NWI2MTJmYzNmZmIwMzMyNmFkZWUyMGU5NDM1ZjYyODp7Il9hdXRoX3VzZXJfaWQiOiIxIiwiX2F1dGhfdXNlcl9iYWNrZW5kIjoiZGphbmdvLmNvbnRyaWIuYXV0aC5iYWNrZW5kcy5Nb2RlbEJhY2tlbmQiLCJfYXV0aF91c2VyX2hhc2giOiI5MjIwMWY2MGRjYzZhYzkwYWRmZjU0NjE5ZjU2ZWIyMTRjYmEwNGIxIn0=",
    "expire_date": "2020-03-19T23:21:08.514Z"
  }
},
{
  "model": "sessions.session",
  "pk": "j4zoyk33jupiv3s83sz4f15z9c029zqe",
  "fields": {
    "session_data": "MmEyNTMzNTg2NWI2MTJmYzNmZmIwMzMyNmFkZWUyMGU5NDM1ZjYyODp7Il9hdXRoX3VzZXJfaWQiOiIxIiwiX2F1dGhfdXNlcl9iYWNrZW5kIjoiZGphbmdvLmNvbnRyaWIuYXV0aC5iYWNrZW5kcy5Nb2RlbEJhY2tlbmQiLCJfYXV0aF91c2VyX2hhc2giOiI5MjIwMWY2MGRjYzZhYzkwYWRmZjU0NjE5ZjU2ZWIyMTRjYmEwNGIxIn0=",
    "expire_date": "2020-02-10T01:32:46.553Z"
  }
},
{
  "model": "sessions.session",
  "pk": "mnjr4rvzni98yankqczy6qci3nv2zgi8",
  "fields": {
    "session_data": "MmEyNTMzNTg2NWI2MTJmYzNmZmIwMzMyNmFkZWUyMGU5NDM1ZjYyODp7Il9hdXRoX3VzZXJfaWQiOiIxIiwiX2F1dGhfdXNlcl9iYWNrZW5kIjoiZGphbmdvLmNvbnRyaWIuYXV0aC5iYWNrZW5kcy5Nb2RlbEJhY2tlbmQiLCJfYXV0aF91c2VyX2hhc2giOiI5MjIwMWY2MGRjYzZhYzkwYWRmZjU0NjE5ZjU2ZWIyMTRjYmEwNGIxIn0=",
    "expire_date": "2020-02-19T17:29:04.461Z"
  }
},
{
  "model": "sessions.session",
  "pk": "nbw9h544rsadc409i6kwaqrcqg1oye8l",
  "fields": {
    "session_data": "YWFlMjQwZDUzMWY1ODRhNDFiMDFmMTI0YmM4NjFlZDE5Y2FjNzVjODp7Il9hdXRoX3VzZXJfaWQiOiIxIiwiX2F1dGhfdXNlcl9iYWNrZW5kIjoiZGphbmdvLmNvbnRyaWIuYXV0aC5iYWNrZW5kcy5Nb2RlbEJhY2tlbmQiLCJfYXV0aF91c2VyX2hhc2giOiI5MjIwMWY2MGRjYzZhYzkwYWRmZjU0NjE5ZjU2ZWIyMTRjYmEwNGIxIiwid2l6YXJkX3NlYXNvbl93aXphcmQiOnsic3RlcCI6InNlbGVjdF9jcnNmIiwic3RlcF9kYXRhIjp7fSwic3RlcF9maWxlcyI6e30sImV4dHJhX2RhdGEiOnt9fX0=",
    "expire_date": "2020-03-08T23:16:55.816Z"
  }
},
{
  "model": "sessions.session",
  "pk": "nehjcsso7mqfhmes8ym41pq679dnj008",
  "fields": {
    "session_data": "MmEyNTMzNTg2NWI2MTJmYzNmZmIwMzMyNmFkZWUyMGU5NDM1ZjYyODp7Il9hdXRoX3VzZXJfaWQiOiIxIiwiX2F1dGhfdXNlcl9iYWNrZW5kIjoiZGphbmdvLmNvbnRyaWIuYXV0aC5iYWNrZW5kcy5Nb2RlbEJhY2tlbmQiLCJfYXV0aF91c2VyX2hhc2giOiI5MjIwMWY2MGRjYzZhYzkwYWRmZjU0NjE5ZjU2ZWIyMTRjYmEwNGIxIn0=",
    "expire_date": "2020-03-26T01:30:42.711Z"
  }
},
{
  "model": "sessions.session",
  "pk": "oj610pinr5hv8d4ylpcy1z9xovs4zw6w",
  "fields": {
    "session_data": "Njg0M2NlODViZDVjZTBiMzI1ZjNkNTY3MThiOTI0Yzk1MmY1OGEzYTp7Il9hdXRoX3VzZXJfaWQiOiIxIiwiX2F1dGhfdXNlcl9iYWNrZW5kIjoiZGphbmdvLmNvbnRyaWIuYXV0aC5iYWNrZW5kcy5Nb2RlbEJhY2tlbmQiLCJfYXV0aF91c2VyX2hhc2giOiI5MjIwMWY2MGRjYzZhYzkwYWRmZjU0NjE5ZjU2ZWIyMTRjYmEwNGIxIiwid2l6YXJkX3NlYXNvbl93aXphcmQiOnsic3RlcCI6bnVsbCwic3RlcF9kYXRhIjp7fSwic3RlcF9maWxlcyI6e30sImV4dHJhX2RhdGEiOnt9fX0=",
    "expire_date": "2020-03-05T23:20:17.490Z"
  }
},
{
  "model": "sessions.session",
  "pk": "p45brylb1jwyvlpsnsvx6ftfaucjm0ng",
  "fields": {
    "session_data": "MmEyNTMzNTg2NWI2MTJmYzNmZmIwMzMyNmFkZWUyMGU5NDM1ZjYyODp7Il9hdXRoX3VzZXJfaWQiOiIxIiwiX2F1dGhfdXNlcl9iYWNrZW5kIjoiZGphbmdvLmNvbnRyaWIuYXV0aC5iYWNrZW5kcy5Nb2RlbEJhY2tlbmQiLCJfYXV0aF91c2VyX2hhc2giOiI5MjIwMWY2MGRjYzZhYzkwYWRmZjU0NjE5ZjU2ZWIyMTRjYmEwNGIxIn0=",
    "expire_date": "2020-01-27T18:26:05.568Z"
  }
},
{
  "model": "sessions.session",
  "pk": "prw8gygoxtc83i9fkk5b5sl5mybaqe2x",
  "fields": {
    "session_data": "YWFlMjQwZDUzMWY1ODRhNDFiMDFmMTI0YmM4NjFlZDE5Y2FjNzVjODp7Il9hdXRoX3VzZXJfaWQiOiIxIiwiX2F1dGhfdXNlcl9iYWNrZW5kIjoiZGphbmdvLmNvbnRyaWIuYXV0aC5iYWNrZW5kcy5Nb2RlbEJhY2tlbmQiLCJfYXV0aF91c2VyX2hhc2giOiI5MjIwMWY2MGRjYzZhYzkwYWRmZjU0NjE5ZjU2ZWIyMTRjYmEwNGIxIiwid2l6YXJkX3NlYXNvbl93aXphcmQiOnsic3RlcCI6InNlbGVjdF9jcnNmIiwic3RlcF9kYXRhIjp7fSwic3RlcF9maWxlcyI6e30sImV4dHJhX2RhdGEiOnt9fX0=",
    "expire_date": "2020-03-15T18:54:28.288Z"
  }
},
{
  "model": "sessions.session",
  "pk": "vciszrrl72tvk4kriwfxnozrtjjahtv2",
  "fields": {
    "session_data": "MmEyNTMzNTg2NWI2MTJmYzNmZmIwMzMyNmFkZWUyMGU5NDM1ZjYyODp7Il9hdXRoX3VzZXJfaWQiOiIxIiwiX2F1dGhfdXNlcl9iYWNrZW5kIjoiZGphbmdvLmNvbnRyaWIuYXV0aC5iYWNrZW5kcy5Nb2RlbEJhY2tlbmQiLCJfYXV0aF91c2VyX2hhc2giOiI5MjIwMWY2MGRjYzZhYzkwYWRmZjU0NjE5ZjU2ZWIyMTRjYmEwNGIxIn0=",
    "expire_date": "2020-03-26T20:30:09.127Z"
  }
},
{
  "model": "sessions.session",
  "pk": "w4mzj7upr8eggdhlkc0ys0phcs84fzrd",
  "fields": {
    "session_data": "NjNhNjhjOGQyZGUzOWZlMzFlZjViOTQzZjE1NWI5NTA1MTRhYjNlOTp7IndpemFyZF9zZWFzb25fd2l6YXJkIjp7InN0ZXAiOiJzZWxlY3RfY3JzZiIsInN0ZXBfZGF0YSI6e30sInN0ZXBfZmlsZXMiOnt9LCJleHRyYV9kYXRhIjp7fX19",
    "expire_date": "2020-03-05T23:17:32.318Z"
  }
},
{
  "model": "skeleton.document",
  "pk": 1,
  "fields": {
    "description": "",
    "document": "documents/S0000028.TXT"
  }
},
{
  "model": "skeleton.document",
  "pk": 2,
  "fields": {
    "description": "",
    "document": "documents/S0000068.TXT"
  }
},
{
  "model": "skeleton.document",
  "pk": 3,
  "fields": {
    "description": "",
    "document": "documents/neutron_probe_test_upload_3_sites.csv"
  }
},
{
  "model": "skeleton.document",
  "pk": 4,
  "fields": {
    "description": "",
    "document": "documents/S0000071.TXT"
  }
},
{
  "model": "skeleton.document",
  "pk": 5,
  "fields": {
    "description": "",
    "document": "documents/Brendan_28120.csv"
  }
},
{
  "model": "skeleton.document",
  "pk": 6,
  "fields": {
    "description": "",
    "document": "documents/Brendan_28120_mLl3okS.csv"
  }
},
{
  "model": "skeleton.document",
  "pk": 7,
  "fields": {
    "description": "",
    "document": "documents/Brendan_28120_0cPPlVQ.csv"
  }
},
{
  "model": "skeleton.document",
  "pk": 8,
  "fields": {
    "description": "",
    "document": "documents/Brendan_28120_LUAwAJe.csv"
  }
},
{
  "model": "skeleton.document",
  "pk": 9,
  "fields": {
    "description": "",
    "document": "documents/Brendan_28120_EXDiZum.csv"
  }
},
{
  "model": "skeleton.document",
  "pk": 10,
  "fields": {
    "description": "",
    "document": "documents/Brendan_28120_K0yWoDF.csv"
  }
},
{
  "model": "skeleton.document",
  "pk": 11,
  "fields": {
    "description": "",
    "document": "documents/Brendan_28120_g35PSp7.csv"
  }
},
{
  "model": "skeleton.document",
  "pk": 12,
  "fields": {
    "description": "",
    "document": "documents/Brendan_28120_wsmUi0P.csv"
  }
},
{
  "model": "skeleton.document",
  "pk": 13,
  "fields": {
    "description": "",
    "document": "documents/Brendan_28120_2ncX1F3.csv"
  }
},
{
  "model": "skeleton.document",
  "pk": 14,
  "fields": {
    "description": "",
    "document": "documents/Brendan_28120_R0Bd2RW.csv"
  }
},
{
  "model": "skeleton.document",
  "pk": 15,
  "fields": {
    "description": "",
    "document": "documents/Brendan_28120_ngNyFtm.csv"
  }
},
{
  "model": "skeleton.document",
  "pk": 16,
  "fields": {
    "description": "",
    "document": "documents/Brendan_28120_jzmh04e.csv"
  }
},
{
  "model": "skeleton.document",
  "pk": 17,
  "fields": {
    "description": "",
    "document": "documents/Brendan_28120_1.csv"
  }
},
{
  "model": "skeleton.document",
  "pk": 18,
  "fields": {
    "description": "",
    "document": "documents/Brendan_28120_1_YyQblrr.csv"
  }
},
{
  "model": "skeleton.document",
  "pk": 19,
  "fields": {
    "description": "",
    "document": "documents/Brendan_25220.csv"
  }
},
{
  "model": "skeleton.document",
  "pk": 20,
  "fields": {
    "description": "",
    "document": "documents/Brendan_25220_3KOPANa.csv"
  }
},
{
  "model": "skeleton.document",
  "pk": 21,
  "fields": {
    "description": "",
    "document": "documents/Brendan_25220_tYDpc2P.csv"
  }
},
{
  "model": "skeleton.document",
  "pk": 22,
  "fields": {
    "description": "",
    "document": "documents/Brendan_25220_GFDFDM0.csv"
  }
},
{
  "model": "skeleton.document",
  "pk": 23,
  "fields": {
    "description": "",
    "document": "documents/Brendan_25220_k28X4z8.csv"
  }
},
{
  "model": "skeleton.document",
  "pk": 24,
  "fields": {
    "description": "",
    "document": "documents/Brendan_25220_jeVXcuL.csv"
  }
},
{
  "model": "skeleton.document",
  "pk": 25,
  "fields": {
    "description": "",
    "document": "documents/Brendan_25220_2hHw2za.csv"
  }
},
{
  "model": "skeleton.document",
  "pk": 26,
  "fields": {
    "description": "",
    "document": "documents/Brendan_25220_aKVnJGH.csv"
  }
},
{
  "model": "skeleton.document",
  "pk": 27,
  "fields": {
    "description": "",
    "document": "documents/Brendan_25220_w3YxyoB.csv"
  }
},
{
  "model": "skeleton.document",
  "pk": 28,
  "fields": {
    "description": "",
    "document": "documents/Brendan_25220_SHSSijH.csv"
  }
},
{
  "model": "skeleton.document",
  "pk": 29,
  "fields": {
    "description": "",
    "document": "documents/Brendan030320.csv"
  }
},
{
  "model": "skeleton.readingtype",
  "pk": 1,
  "fields": {
    "name": "Probe",
    "comment": null,
    "formula": null,
    "created_date": "2020-01-15T23:00:24Z",
    "created_by": 1
  }
},
{
  "model": "skeleton.readingtype",
  "pk": 2,
  "fields": {
    "name": "Refill",
    "comment": null,
    "formula": null,
    "created_date": "2020-01-15T23:00:51Z",
    "created_by": 1
  }
},
{
  "model": "skeleton.readingtype",
  "pk": 3,
  "fields": {
    "name": "Full Point",
    "comment": null,
    "formula": null,
    "created_date": "2020-01-15T23:01:01Z",
    "created_by": 1
  }
},
{
  "model": "skeleton.season",
  "pk": 1,
  "fields": {
    "name": "2019-20",
    "current_flag": true,
    "created_date": "2020-01-27T00:54:00Z",
    "created_by": 1
  }
},
{
  "model": "skeleton.weatherstation",
  "pk": 1,
  "fields": {
    "region": 1,
    "name": "Puketapu, HB",
    "code": "PKT"
  }
},
{
  "model": "skeleton.weatherstation",
  "pk": 2,
  "fields": {
    "region": 1,
    "name": "Bay View, HB",
    "code": "BAY"
  }
},
{
  "model": "skeleton.weatherstation",
  "pk": 3,
  "fields": {
    "region": 1,
    "name": "Crownthorpe, HB",
    "code": "CRN"
  }
},
{
  "model": "skeleton.weatherstation",
  "pk": 4,
  "fields": {
    "region": 1,
    "name": "Trinity Hill, HB",
    "code": "TRI"
  }
},
{
  "model": "skeleton.weatherstation",
  "pk": 5,
  "fields": {
    "region": 1,
    "name": "Roys Hill, HB",
    "code": "RYH"
  }
},
{
  "model": "skeleton.weatherstation",
  "pk": 6,
  "fields": {
    "region": 1,
    "name": "Twford, HB",
    "code": "TRT"
  }
},
{
  "model": "skeleton.weatherstation",
  "pk": 7,
  "fields": {
    "region": 1,
    "name": "Pakowhai, HB",
    "code": "PAK"
  }
},
{
  "model": "skeleton.weatherstation",
  "pk": 8,
  "fields": {
    "region": 1,
    "name": "Lawn Rd, HB",
    "code": "LWN"
  }
},
{
  "model": "skeleton.weatherstation",
  "pk": 9,
  "fields": {
    "region": 1,
    "name": "Ruahapia Rd, HB",
    "code": "RUA"
  }
},
{
  "model": "skeleton.weatherstation",
  "pk": 10,
  "fields": {
    "region": 1,
    "name": "Havelock North, HB",
    "code": "HAV"
  }
},
{
  "model": "skeleton.weatherstation",
  "pk": 11,
  "fields": {
    "region": 1,
    "name": "Longlands Road, HB",
    "code": "LNG"
  }
},
{
  "model": "skeleton.weatherstation",
  "pk": 12,
  "fields": {
    "region": 1,
    "name": "Te Aute Road, HB",
    "code": "TEA"
  }
},
{
  "model": "skeleton.weatherstation",
  "pk": 13,
  "fields": {
    "region": 1,
    "name": "Ongaonga CHB",
    "code": "GTP"
  }
},
{
  "model": "skeleton.criticaldatetype",
  "pk": 1,
  "fields": {
    "name": "Start",
    "season_flag": true,
    "comment": null,
    "created_date": "2020-01-27T00:59:23Z",
    "created_by": 1
  }
},
{
  "model": "skeleton.criticaldatetype",
  "pk": 2,
  "fields": {
    "name": "Harvest estimate",
    "season_flag": false,
    "comment": null,
    "created_date": "2020-01-27T00:59:53Z",
    "created_by": 1
  }
},
{
  "model": "skeleton.criticaldatetype",
  "pk": 3,
  "fields": {
    "name": "End",
    "season_flag": true,
    "comment": null,
    "created_date": "2020-01-27T01:00:16Z",
    "created_by": 1
  }
},
{
  "model": "skeleton.criticaldatetype",
  "pk": 4,
  "fields": {
    "name": "Start  test test",
    "season_flag": false,
    "comment": null,
    "created_date": "2020-02-20T23:10:38Z",
    "created_by": 1
  }
},
{
  "model": "skeleton.criticaldatetype",
  "pk": 5,
  "fields": {
    "name": "End test test",
    "season_flag": false,
    "comment": null,
    "created_date": "2020-02-20T23:10:55Z",
    "created_by": 1
  }
},
{
  "model": "skeleton.criticaldatetype",
  "pk": 6,
  "fields": {
    "name": "Veraison",
    "season_flag": false,
    "comment": null,
    "created_date": "2020-02-24T03:08:54Z",
    "created_by": 1
  }
},
{
  "model": "skeleton.criticaldatetype",
  "pk": 7,
  "fields": {
    "name": "Flowering",
    "season_flag": false,
    "comment": null,
    "created_date": "2020-02-24T03:09:04Z",
    "created_by": 1
  }
},
{
  "model": "skeleton.farm",
  "pk": 1,
  "fields": {
    "name": "Rockit Whar 2",
    "owner": "Rockit",
    "comment": null,
    "address": 1,
    "report": null,
    "weatherstation": 1,
    "landline": null,
    "mobile": null,
    "email": "chris.skea@rockitapple.com",
    "folder": null,
    "created_date": "2020-01-16T02:21:59Z",
    "created_by": 1
  }
},
{
  "model": "skeleton.farm",
  "pk": 2,
  "fields": {
    "name": "Rockit Steel",
    "owner": "Rockit",
    "comment": null,
    "address": 2,
    "report": null,
    "weatherstation": 1,
    "landline": null,
    "mobile": null,
    "email": "chris.skea@rockitapple.com",
    "folder": null,
    "created_date": "2020-01-16T02:28:35Z",
    "created_by": 1
  }
},
{
  "model": "skeleton.farm",
  "pk": 3,
  "fields": {
    "name": "Rockit Simmons",
    "owner": "Rockit",
    "comment": null,
    "address": 3,
    "report": null,
    "weatherstation": 1,
    "landline": null,
    "mobile": null,
    "email": "chris.skea@rockitapple.com",
    "folder": null,
    "created_date": "2020-01-16T02:31:58Z",
    "created_by": 1
  }
},
{
  "model": "skeleton.farm",
  "pk": 4,
  "fields": {
    "name": "Rockit Whar",
    "owner": "Rockit",
    "comment": null,
    "address": 4,
    "report": null,
    "weatherstation": 1,
    "landline": null,
    "mobile": null,
    "email": "chris.skea@rockitapple.com",
    "folder": null,
    "created_date": "2020-01-16T02:33:45Z",
    "created_by": 1
  }
},
{
  "model": "skeleton.farm",
  "pk": 5,
  "fields": {
    "name": "The Orchard",
    "owner": "TEST",
    "comment": "Roger Brownlie",
    "address": 5,
    "report": null,
    "weatherstation": 2,
    "landline": null,
    "mobile": null,
    "email": "the.orchard@xtra.co.nz",
    "folder": null,
    "created_date": "2020-01-16T02:34:58Z",
    "created_by": 1
  }
},
{
  "model": "skeleton.farm",
  "pk": 6,
  "fields": {
    "name": "HLZ",
    "owner": "Brendan",
    "comment": null,
    "address": 6,
    "report": null,
    "weatherstation": 1,
    "landline": null,
    "mobile": null,
    "email": "brendan@fruition.net.nz",
    "folder": null,
    "created_date": "2020-01-16T03:22:19Z",
    "created_by": 1
  }
},
{
  "model": "skeleton.variety",
  "pk": 1,
  "fields": {
    "name": "Envy",
    "comment": "Harvests early April",
    "created_date": "2020-03-01T19:18:14Z",
    "created_by": 1
  }
},
{
  "model": "skeleton.variety",
  "pk": 2,
  "fields": {
    "name": "Pink Lady",
    "comment": "Harvests early April",
    "created_date": "2020-03-01T19:19:33Z",
    "created_by": 1
  }
},
{
  "model": "skeleton.variety",
  "pk": 3,
  "fields": {
    "name": "Royal Gala",
    "comment": "Harvests Mid Feb to late March",
    "created_date": "2020-03-01T19:19:53Z",
    "created_by": 1
  }
},
{
  "model": "skeleton.variety",
  "pk": 4,
  "fields": {
    "name": "Jazz",
    "comment": "Harvests Early mid march",
    "created_date": "2020-03-01T19:21:38Z",
    "created_by": 1
  }
},
{
  "model": "skeleton.variety",
  "pk": 5,
  "fields": {
    "name": "Koru",
    "comment": "Harvests early mid march",
    "created_date": "2020-03-01T19:23:46Z",
    "created_by": 1
  }
},
{
  "model": "skeleton.variety",
  "pk": 6,
  "fields": {
    "name": "Rockit",
    "comment": "Harvests early to mid march",
    "created_date": "2020-03-01T19:24:02Z",
    "created_by": 1
  }
},
{
  "model": "skeleton.variety",
  "pk": 7,
  "fields": {
    "name": "Braeburn",
    "comment": "Harvests mimd late march",
    "created_date": "2020-03-01T19:24:38Z",
    "created_by": 1
  }
},
{
  "model": "skeleton.variety",
  "pk": 8,
  "fields": {
    "name": "Pacific Queen",
    "comment": "Harvests late march",
    "created_date": "2020-03-01T19:26:17Z",
    "created_by": 1
  }
},
{
  "model": "skeleton.variety",
  "pk": 9,
  "fields": {
    "name": "Fuji",
    "comment": "Harvests late march",
    "created_date": "2020-03-01T19:26:40Z",
    "created_by": 1
  }
},
{
  "model": "skeleton.variety",
  "pk": 10,
  "fields": {
    "name": "Granny Smith",
    "comment": "Harvests early April",
    "created_date": "2020-03-01T19:26:56Z",
    "created_by": 1
  }
},
{
  "model": "skeleton.variety",
  "pk": 11,
  "fields": {
    "name": "Smooth cone",
    "comment": "Harvests Early to mid march",
    "created_date": "2020-03-01T19:53:01Z",
    "created_by": 1
  }
},
{
  "model": "skeleton.variety",
  "pk": 14,
  "fields": {
    "name": "Citrus- general",
    "comment": "",
    "created_date": "2020-03-01T19:54:23Z",
    "created_by": 1
  }
},
{
  "model": "skeleton.variety",
  "pk": 15,
  "fields": {
    "name": "Green",
    "comment": "Kiwifuit green variety harvests late March",
    "created_date": "2020-03-01T19:56:04Z",
    "created_by": 1
  }
},
{
  "model": "skeleton.variety",
  "pk": 16,
  "fields": {
    "name": "Haywards",
    "comment": "Kiwifruit- harvests late March",
    "created_date": "2020-03-01T19:56:29Z",
    "created_by": 1
  }
},
{
  "model": "skeleton.variety",
  "pk": 17,
  "fields": {
    "name": "Sungold",
    "comment": "Kiwifruit harevsts late mid late march",
    "created_date": "2020-03-01T19:56:48Z",
    "created_by": 1
  }
},
{
  "model": "skeleton.variety",
  "pk": 18,
  "fields": {
    "name": "Pinot Noir",
    "comment": "Harvests early April",
    "created_date": "2020-03-01T19:57:15Z",
    "created_by": 1
  }
},
{
  "model": "skeleton.variety",
  "pk": 19,
  "fields": {
    "name": "Cabernet",
    "comment": "Harvests mid April",
    "created_date": "2020-03-01T22:58:20Z",
    "created_by": 1
  }
},
{
  "model": "skeleton.variety",
  "pk": 20,
  "fields": {
    "name": "Riesling",
    "comment": "Harvest mid April",
    "created_date": "2020-03-01T22:59:03Z",
    "created_by": 1
  }
},
{
  "model": "skeleton.variety",
  "pk": 21,
  "fields": {
    "name": "Chardonnay",
    "comment": "Harvests late March",
    "created_date": "2020-03-01T22:59:25Z",
    "created_by": 1
  }
},
{
  "model": "skeleton.variety",
  "pk": 22,
  "fields": {
    "name": "Syrah",
    "comment": "Harvest mid April",
    "created_date": "2020-03-01T22:59:42Z",
    "created_by": 1
  }
},
{
  "model": "skeleton.variety",
  "pk": 23,
  "fields": {
    "name": "Cabernet Franc",
    "comment": "Harvests mid April",
    "created_date": "2020-03-01T23:00:03Z",
    "created_by": 1
  }
},
{
  "model": "skeleton.variety",
  "pk": 24,
  "fields": {
    "name": "Malbec",
    "comment": "Harvests mid April",
    "created_date": "2020-03-01T23:00:18Z",
    "created_by": 1
  }
},
{
  "model": "skeleton.variety",
  "pk": 25,
  "fields": {
    "name": "Pinot Gris",
    "comment": "Harvests mid April",
    "created_date": "2020-03-01T23:00:32Z",
    "created_by": 1
  }
},
{
  "model": "skeleton.variety",
  "pk": 26,
  "fields": {
    "name": "Peaches",
    "comment": "",
    "created_date": "2020-03-01T23:00:51Z",
    "created_by": 1
  }
},
{
  "model": "skeleton.variety",
  "pk": 27,
  "fields": {
    "name": "Nectarines",
    "comment": "",
    "created_date": "2020-03-01T23:01:07Z",
    "created_by": 1
  }
},
{
  "model": "skeleton.variety",
  "pk": 28,
  "fields": {
    "name": "Merlot",
    "comment": "Harvests late March",
    "created_date": "2020-03-01T23:01:12Z",
    "created_by": 1
  }
},
{
  "model": "skeleton.variety",
  "pk": 29,
  "fields": {
    "name": "Gold",
    "comment": "Kiwifruit harvests mid April",
    "created_date": "2020-03-01T23:01:31Z",
    "created_by": 1
  }
},
{
  "model": "skeleton.variety",
  "pk": 30,
  "fields": {
    "name": "Boysenberries",
    "comment": "",
    "created_date": "2020-03-01T23:02:13Z",
    "created_by": 1
  }
},
{
  "model": "skeleton.variety",
  "pk": 31,
  "fields": {
    "name": "Pears",
    "comment": "",
    "created_date": "2020-03-01T23:02:22Z",
    "created_by": 1
  }
},
{
  "model": "skeleton.crop",
  "pk": 1,
  "fields": {
    "name": "Apple",
    "variety": 2,
    "report": null,
    "dwu_formaula": null,
    "created_date": "2020-01-16T02:41:02Z",
    "created_by": 1
  }
},
{
  "model": "skeleton.crop",
  "pk": 2,
  "fields": {
    "name": "Grapes",
    "variety": null,
    "report": null,
    "dwu_formaula": null,
    "created_date": "2020-01-16T02:41:55Z",
    "created_by": 1
  }
},
{
  "model": "skeleton.crop",
  "pk": 3,
  "fields": {
    "name": "Citrus",
    "variety": 14,
    "report": null,
    "dwu_formaula": null,
    "created_date": "2020-01-16T03:26:09Z",
    "created_by": 1
  }
},
{
  "model": "skeleton.crop",
  "pk": 4,
  "fields": {
    "name": "Hops",
    "variety": 11,
    "report": null,
    "dwu_formaula": null,
    "created_date": "2020-01-16T03:28:45Z",
    "created_by": 1
  }
},
{
  "model": "skeleton.crop",
  "pk": 19,
  "fields": {
    "name": "Kiwi Fruit",
    "variety": null,
    "report": null,
    "dwu_formaula": null,
    "created_date": "2020-02-24T02:50:23Z",
    "created_by": 1
  }
},
{
  "model": "skeleton.crop",
  "pk": 20,
  "fields": {
    "name": "Apple",
    "variety": 3,
    "report": null,
    "dwu_formaula": null,
    "created_date": "2020-03-01T19:44:37Z",
    "created_by": 1
  }
},
{
  "model": "skeleton.crop",
  "pk": 21,
  "fields": {
    "name": "Apple",
    "variety": 4,
    "report": null,
    "dwu_formaula": null,
    "created_date": "2020-03-01T19:44:47Z",
    "created_by": 1
  }
},
{
  "model": "skeleton.crop",
  "pk": 22,
  "fields": {
    "name": "Apple",
    "variety": 5,
    "report": null,
    "dwu_formaula": null,
    "created_date": "2020-03-01T19:44:54Z",
    "created_by": 1
  }
},
{
  "model": "skeleton.crop",
  "pk": 23,
  "fields": {
    "name": "Apple",
    "variety": 6,
    "report": null,
    "dwu_formaula": null,
    "created_date": "2020-03-01T19:45:04Z",
    "created_by": 1
  }
},
{
  "model": "skeleton.crop",
  "pk": 24,
  "fields": {
    "name": "Apple",
    "variety": 7,
    "report": null,
    "dwu_formaula": null,
    "created_date": "2020-03-01T19:45:16Z",
    "created_by": 1
  }
},
{
  "model": "skeleton.crop",
  "pk": 25,
  "fields": {
    "name": "Apple",
    "variety": 8,
    "report": null,
    "dwu_formaula": null,
    "created_date": "2020-03-01T19:45:22Z",
    "created_by": 1
  }
},
{
  "model": "skeleton.crop",
  "pk": 26,
  "fields": {
    "name": "Apple",
    "variety": 9,
    "report": null,
    "dwu_formaula": null,
    "created_date": "2020-03-01T19:45:28Z",
    "created_by": 1
  }
},
{
  "model": "skeleton.crop",
  "pk": 27,
  "fields": {
    "name": "Apple",
    "variety": 10,
    "report": null,
    "dwu_formaula": null,
    "created_date": "2020-03-01T19:45:37Z",
    "created_by": 1
  }
},
{
  "model": "skeleton.crop",
  "pk": 28,
  "fields": {
    "name": "Apple",
    "variety": 1,
    "report": null,
    "dwu_formaula": null,
    "created_date": "2020-03-01T19:46:20Z",
    "created_by": 1
  }
},
{
  "model": "skeleton.site",
  "pk": 1,
  "fields": {
    "site_number": "1372",
    "farm": 1,
    "technician": 2,
    "selected": null,
    "name": "Whar 2 (name unknown yet)",
    "crop": 23,
    "report": null,
    "irrigation_method": 1,
    "irrigation_area": 10.0,
    "irrigation_time": 1.0,
    "irrigation_delivered_volume": 189.0,
    "irrigation_position": 10.0,
    "irrigation_yield": null,
    "irrigation_allocation_volume": null,
    "rz1_top": 0,
    "rz1_bottom": 40,
    "rz2_top": null,
    "rz2_bottom": null,
    "rz3_top": null,
    "rz3_bottom": null,
    "depth1": 20,
    "depth2": 30,
    "depth3": 40,
    "depth4": 50,
    "depth5": 60,
    "depth6": 80,
    "depth7": 100,
    "depth8": null,
    "depth9": null,
    "depth10": null,
    "depth_he1": 1,
    "depth_he2": 2,
    "depth_he3": 3,
    "depth_he4": 4,
    "depth_he5": 5,
    "depth_he6": 6,
    "depth_he7": 7,
    "depth_he8": null,
    "depth_he9": null,
    "depth_he10": null,
    "upper_limit": 3,
    "upper_strategy": null,
    "lower_limit": 2,
    "lower_strategy": null,
    "emitter_rate": 17.0,
    "row_spacing": 300,
    "emitter_spacing": 300,
    "plant_spacing": 150,
    "wetted_width": 300,
    "delivery_time": 1,
    "area": 10.0,
    "comment": "",
    "created_date": "2020-01-16T02:47:39Z",
    "created_by": 1
  }
},
{
  "model": "skeleton.site",
  "pk": 2,
  "fields": {
    "site_number": "1364",
    "farm": 2,
    "technician": 2,
    "selected": null,
    "name": "Front (Name TBD)",
    "crop": 23,
    "report": null,
    "irrigation_method": 1,
    "irrigation_area": 10.0,
    "irrigation_time": 1.0,
    "irrigation_delivered_volume": 485.0,
    "irrigation_position": 10.0,
    "irrigation_yield": null,
    "irrigation_allocation_volume": null,
    "rz1_top": 0,
    "rz1_bottom": 60,
    "rz2_top": null,
    "rz2_bottom": null,
    "rz3_top": null,
    "rz3_bottom": null,
    "depth1": 20,
    "depth2": 30,
    "depth3": 40,
    "depth4": 50,
    "depth5": 60,
    "depth6": 80,
    "depth7": 100,
    "depth8": 120,
    "depth9": null,
    "depth10": null,
    "depth_he1": 1,
    "depth_he2": 2,
    "depth_he3": 3,
    "depth_he4": 4,
    "depth_he5": 5,
    "depth_he6": 6,
    "depth_he7": 7,
    "depth_he8": 8,
    "depth_he9": null,
    "depth_he10": null,
    "upper_limit": null,
    "upper_strategy": null,
    "lower_limit": null,
    "lower_strategy": null,
    "emitter_rate": 17.0,
    "row_spacing": 300,
    "emitter_spacing": 280,
    "plant_spacing": 140,
    "wetted_width": 300,
    "delivery_time": 1,
    "area": 10.0,
    "comment": "",
    "created_date": "2020-01-16T02:51:01Z",
    "created_by": 1
  }
},
{
  "model": "skeleton.site",
  "pk": 3,
  "fields": {
    "site_number": "1365",
    "farm": 2,
    "technician": 2,
    "selected": null,
    "name": "Zone 6 (Name TBD)",
    "crop": 23,
    "report": null,
    "irrigation_method": 1,
    "irrigation_area": 10.0,
    "irrigation_time": 1.0,
    "irrigation_delivered_volume": 486.0,
    "irrigation_position": 10.0,
    "irrigation_yield": null,
    "irrigation_allocation_volume": null,
    "rz1_top": 0,
    "rz1_bottom": 60,
    "rz2_top": null,
    "rz2_bottom": null,
    "rz3_top": null,
    "rz3_bottom": null,
    "depth1": 20,
    "depth2": 30,
    "depth3": 40,
    "depth4": 50,
    "depth5": 60,
    "depth6": 80,
    "depth7": 100,
    "depth8": 120,
    "depth9": null,
    "depth10": null,
    "depth_he1": 1,
    "depth_he2": 2,
    "depth_he3": 3,
    "depth_he4": 4,
    "depth_he5": 5,
    "depth_he6": 6,
    "depth_he7": 7,
    "depth_he8": 8,
    "depth_he9": null,
    "depth_he10": null,
    "upper_limit": 3,
    "upper_strategy": null,
    "lower_limit": 2,
    "lower_strategy": null,
    "emitter_rate": 17.0,
    "row_spacing": 300,
    "emitter_spacing": 280,
    "plant_spacing": 140,
    "wetted_width": 300,
    "delivery_time": null,
    "area": null,
    "comment": "",
    "created_date": "2020-01-16T03:00:28Z",
    "created_by": 1
  }
},
{
  "model": "skeleton.site",
  "pk": 4,
  "fields": {
    "site_number": "1366",
    "farm": 2,
    "technician": 2,
    "selected": null,
    "name": "Zone 10 (Name TBD)",
    "crop": 23,
    "report": null,
    "irrigation_method": 1,
    "irrigation_area": 10.0,
    "irrigation_time": 1.0,
    "irrigation_delivered_volume": 486.0,
    "irrigation_position": 10.0,
    "irrigation_yield": null,
    "irrigation_allocation_volume": null,
    "rz1_top": 0,
    "rz1_bottom": 60,
    "rz2_top": null,
    "rz2_bottom": null,
    "rz3_top": null,
    "rz3_bottom": null,
    "depth1": 20,
    "depth2": 30,
    "depth3": 40,
    "depth4": 50,
    "depth5": 60,
    "depth6": 80,
    "depth7": 100,
    "depth8": null,
    "depth9": null,
    "depth10": null,
    "depth_he1": 1,
    "depth_he2": 2,
    "depth_he3": 3,
    "depth_he4": 4,
    "depth_he5": 5,
    "depth_he6": 6,
    "depth_he7": 7,
    "depth_he8": null,
    "depth_he9": null,
    "depth_he10": null,
    "upper_limit": null,
    "upper_strategy": null,
    "lower_limit": null,
    "lower_strategy": null,
    "emitter_rate": 17.0,
    "row_spacing": 300,
    "emitter_spacing": 280,
    "plant_spacing": 140,
    "wetted_width": 300,
    "delivery_time": null,
    "area": null,
    "comment": "",
    "created_date": "2020-01-16T03:02:39Z",
    "created_by": 1
  }
},
{
  "model": "skeleton.site",
  "pk": 5,
  "fields": {
    "site_number": "1367",
    "farm": 2,
    "technician": 2,
    "selected": null,
    "name": "Zone 7 (Name TBD)",
    "crop": 23,
    "report": null,
    "irrigation_method": 1,
    "irrigation_area": 10.0,
    "irrigation_time": 1.0,
    "irrigation_delivered_volume": 486.0,
    "irrigation_position": 10.0,
    "irrigation_yield": null,
    "irrigation_allocation_volume": null,
    "rz1_top": 0,
    "rz1_bottom": 60,
    "rz2_top": null,
    "rz2_bottom": null,
    "rz3_top": null,
    "rz3_bottom": null,
    "depth1": 20,
    "depth2": 30,
    "depth3": 40,
    "depth4": 50,
    "depth5": 60,
    "depth6": 80,
    "depth7": 100,
    "depth8": null,
    "depth9": null,
    "depth10": null,
    "depth_he1": 1,
    "depth_he2": 2,
    "depth_he3": 3,
    "depth_he4": 4,
    "depth_he5": 5,
    "depth_he6": 6,
    "depth_he7": 7,
    "depth_he8": null,
    "depth_he9": null,
    "depth_he10": null,
    "upper_limit": null,
    "upper_strategy": null,
    "lower_limit": null,
    "lower_strategy": null,
    "emitter_rate": 17.0,
    "row_spacing": 300,
    "emitter_spacing": 280,
    "plant_spacing": 140,
    "wetted_width": 300,
    "delivery_time": null,
    "area": null,
    "comment": "",
    "created_date": "2020-01-16T03:04:35Z",
    "created_by": 1
  }
},
{
  "model": "skeleton.site",
  "pk": 6,
  "fields": {
    "site_number": "1368",
    "farm": 2,
    "technician": 2,
    "selected": null,
    "name": "Zone 15 (Name TBD)",
    "crop": 23,
    "report": null,
    "irrigation_method": 1,
    "irrigation_area": 10.0,
    "irrigation_time": 1.0,
    "irrigation_delivered_volume": 486.0,
    "irrigation_position": 10.0,
    "irrigation_yield": null,
    "irrigation_allocation_volume": null,
    "rz1_top": 0,
    "rz1_bottom": 60,
    "rz2_top": null,
    "rz2_bottom": null,
    "rz3_top": null,
    "rz3_bottom": null,
    "depth1": 20,
    "depth2": 30,
    "depth3": 40,
    "depth4": 50,
    "depth5": 60,
    "depth6": 80,
    "depth7": 100,
    "depth8": null,
    "depth9": null,
    "depth10": null,
    "depth_he1": 1,
    "depth_he2": 2,
    "depth_he3": 3,
    "depth_he4": 4,
    "depth_he5": 5,
    "depth_he6": 6,
    "depth_he7": 7,
    "depth_he8": null,
    "depth_he9": null,
    "depth_he10": null,
    "upper_limit": null,
    "upper_strategy": null,
    "lower_limit": null,
    "lower_strategy": null,
    "emitter_rate": 17.0,
    "row_spacing": 300,
    "emitter_spacing": 280,
    "plant_spacing": 140,
    "wetted_width": 300,
    "delivery_time": null,
    "area": null,
    "comment": "",
    "created_date": "2020-01-16T03:07:43Z",
    "created_by": 1
  }
},
{
  "model": "skeleton.site",
  "pk": 7,
  "fields": {
    "site_number": "1360",
    "farm": 3,
    "technician": 2,
    "selected": null,
    "name": "Front Entrance (Name TBD)",
    "crop": 23,
    "report": null,
    "irrigation_method": 1,
    "irrigation_area": 10.0,
    "irrigation_time": 1.0,
    "irrigation_delivered_volume": 486.0,
    "irrigation_position": 10.0,
    "irrigation_yield": null,
    "irrigation_allocation_volume": null,
    "rz1_top": 0,
    "rz1_bottom": 60,
    "rz2_top": null,
    "rz2_bottom": null,
    "rz3_top": null,
    "rz3_bottom": null,
    "depth1": 20,
    "depth2": 30,
    "depth3": 40,
    "depth4": 50,
    "depth5": 60,
    "depth6": 80,
    "depth7": 100,
    "depth8": null,
    "depth9": null,
    "depth10": null,
    "depth_he1": 1,
    "depth_he2": 2,
    "depth_he3": 3,
    "depth_he4": 4,
    "depth_he5": 5,
    "depth_he6": 6,
    "depth_he7": 7,
    "depth_he8": null,
    "depth_he9": null,
    "depth_he10": null,
    "upper_limit": null,
    "upper_strategy": null,
    "lower_limit": null,
    "lower_strategy": null,
    "emitter_rate": 17.0,
    "row_spacing": 300,
    "emitter_spacing": 280,
    "plant_spacing": 140,
    "wetted_width": 300,
    "delivery_time": null,
    "area": null,
    "comment": "",
    "created_date": "2020-01-16T03:10:29Z",
    "created_by": 1
  }
},
{
  "model": "skeleton.site",
  "pk": 8,
  "fields": {
    "site_number": "1361",
    "farm": 3,
    "technician": 2,
    "selected": null,
    "name": "In front of house (Name TBD)",
    "crop": 23,
    "report": null,
    "irrigation_method": 1,
    "irrigation_area": 10.0,
    "irrigation_time": 1.0,
    "irrigation_delivered_volume": 486.0,
    "irrigation_position": 10.0,
    "irrigation_yield": null,
    "irrigation_allocation_volume": null,
    "rz1_top": 0,
    "rz1_bottom": 60,
    "rz2_top": null,
    "rz2_bottom": null,
    "rz3_top": null,
    "rz3_bottom": null,
    "depth1": 20,
    "depth2": 30,
    "depth3": 40,
    "depth4": 50,
    "depth5": 60,
    "depth6": 80,
    "depth7": 100,
    "depth8": null,
    "depth9": null,
    "depth10": null,
    "depth_he1": 1,
    "depth_he2": 2,
    "depth_he3": 3,
    "depth_he4": 4,
    "depth_he5": 5,
    "depth_he6": 6,
    "depth_he7": 7,
    "depth_he8": null,
    "depth_he9": null,
    "depth_he10": null,
    "upper_limit": null,
    "upper_strategy": null,
    "lower_limit": null,
    "lower_strategy": null,
    "emitter_rate": 17.0,
    "row_spacing": 300,
    "emitter_spacing": 280,
    "plant_spacing": 140,
    "wetted_width": 300,
    "delivery_time": null,
    "area": null,
    "comment": "",
    "created_date": "2020-01-16T03:12:12Z",
    "created_by": 1
  }
},
{
  "model": "skeleton.site",
  "pk": 9,
  "fields": {
    "site_number": "1362",
    "farm": 3,
    "technician": 2,
    "selected": null,
    "name": "To Side of House (Name TBD)",
    "crop": 23,
    "report": null,
    "irrigation_method": 1,
    "irrigation_area": 10.0,
    "irrigation_time": 1.0,
    "irrigation_delivered_volume": 486.0,
    "irrigation_position": 10.0,
    "irrigation_yield": null,
    "irrigation_allocation_volume": null,
    "rz1_top": 0,
    "rz1_bottom": 60,
    "rz2_top": null,
    "rz2_bottom": null,
    "rz3_top": null,
    "rz3_bottom": null,
    "depth1": 20,
    "depth2": 30,
    "depth3": 40,
    "depth4": 50,
    "depth5": 60,
    "depth6": 80,
    "depth7": 100,
    "depth8": null,
    "depth9": null,
    "depth10": null,
    "depth_he1": 1,
    "depth_he2": 2,
    "depth_he3": 3,
    "depth_he4": 4,
    "depth_he5": 5,
    "depth_he6": 6,
    "depth_he7": 7,
    "depth_he8": null,
    "depth_he9": null,
    "depth_he10": null,
    "upper_limit": null,
    "upper_strategy": null,
    "lower_limit": null,
    "lower_strategy": null,
    "emitter_rate": 17.0,
    "row_spacing": 300,
    "emitter_spacing": 280,
    "plant_spacing": 140,
    "wetted_width": 300,
    "delivery_time": null,
    "area": null,
    "comment": "",
    "created_date": "2020-01-16T03:13:52Z",
    "created_by": 1
  }
},
{
  "model": "skeleton.site",
  "pk": 10,
  "fields": {
    "site_number": "1363",
    "farm": 3,
    "technician": 2,
    "selected": null,
    "name": "Back (Name TBD)",
    "crop": 23,
    "report": null,
    "irrigation_method": 1,
    "irrigation_area": 10.0,
    "irrigation_time": 1.0,
    "irrigation_delivered_volume": 486.0,
    "irrigation_position": 10.0,
    "irrigation_yield": null,
    "irrigation_allocation_volume": null,
    "rz1_top": 0,
    "rz1_bottom": 60,
    "rz2_top": null,
    "rz2_bottom": null,
    "rz3_top": null,
    "rz3_bottom": null,
    "depth1": 20,
    "depth2": 30,
    "depth3": 40,
    "depth4": 50,
    "depth5": 60,
    "depth6": 80,
    "depth7": 100,
    "depth8": null,
    "depth9": null,
    "depth10": null,
    "depth_he1": 1,
    "depth_he2": 2,
    "depth_he3": 3,
    "depth_he4": 4,
    "depth_he5": 5,
    "depth_he6": 6,
    "depth_he7": 7,
    "depth_he8": null,
    "depth_he9": null,
    "depth_he10": null,
    "upper_limit": null,
    "upper_strategy": null,
    "lower_limit": null,
    "lower_strategy": null,
    "emitter_rate": 17.0,
    "row_spacing": 300,
    "emitter_spacing": 280,
    "plant_spacing": 140,
    "wetted_width": 300,
    "delivery_time": null,
    "area": null,
    "comment": "",
    "created_date": "2020-01-16T03:15:12Z",
    "created_by": 1
  }
},
{
  "model": "skeleton.site",
  "pk": 11,
  "fields": {
    "site_number": "1370",
    "farm": 4,
    "technician": 2,
    "selected": null,
    "name": "Block A1",
    "crop": 23,
    "report": null,
    "irrigation_method": 1,
    "irrigation_area": 10.0,
    "irrigation_time": 1.0,
    "irrigation_delivered_volume": 486.0,
    "irrigation_position": 10.0,
    "irrigation_yield": null,
    "irrigation_allocation_volume": null,
    "rz1_top": 0,
    "rz1_bottom": 60,
    "rz2_top": null,
    "rz2_bottom": null,
    "rz3_top": null,
    "rz3_bottom": null,
    "depth1": 20,
    "depth2": 30,
    "depth3": 40,
    "depth4": 50,
    "depth5": 60,
    "depth6": 80,
    "depth7": 100,
    "depth8": null,
    "depth9": null,
    "depth10": null,
    "depth_he1": 1,
    "depth_he2": 2,
    "depth_he3": 3,
    "depth_he4": 4,
    "depth_he5": 5,
    "depth_he6": 6,
    "depth_he7": 7,
    "depth_he8": null,
    "depth_he9": null,
    "depth_he10": null,
    "upper_limit": null,
    "upper_strategy": null,
    "lower_limit": null,
    "lower_strategy": null,
    "emitter_rate": 45.0,
    "row_spacing": 450,
    "emitter_spacing": 500,
    "plant_spacing": 250,
    "wetted_width": 450,
    "delivery_time": null,
    "area": null,
    "comment": "",
    "created_date": "2020-01-16T03:16:56Z",
    "created_by": 1
  }
},
{
  "model": "skeleton.site",
  "pk": 12,
  "fields": {
    "site_number": "1371",
    "farm": 4,
    "technician": 2,
    "selected": null,
    "name": "Block D",
    "crop": 23,
    "report": null,
    "irrigation_method": 1,
    "irrigation_area": 10.0,
    "irrigation_time": 345.0,
    "irrigation_delivered_volume": null,
    "irrigation_position": 10.0,
    "irrigation_yield": null,
    "irrigation_allocation_volume": null,
    "rz1_top": 0,
    "rz1_bottom": 60,
    "rz2_top": null,
    "rz2_bottom": null,
    "rz3_top": null,
    "rz3_bottom": null,
    "depth1": 20,
    "depth2": 30,
    "depth3": 40,
    "depth4": 50,
    "depth5": 60,
    "depth6": 80,
    "depth7": 100,
    "depth8": null,
    "depth9": null,
    "depth10": null,
    "depth_he1": 1,
    "depth_he2": 2,
    "depth_he3": 3,
    "depth_he4": 4,
    "depth_he5": 5,
    "depth_he6": 6,
    "depth_he7": 7,
    "depth_he8": null,
    "depth_he9": null,
    "depth_he10": null,
    "upper_limit": null,
    "upper_strategy": null,
    "lower_limit": null,
    "lower_strategy": null,
    "emitter_rate": 29.0,
    "row_spacing": 300,
    "emitter_spacing": 280,
    "plant_spacing": 140,
    "wetted_width": 300,
    "delivery_time": null,
    "area": null,
    "comment": "",
    "created_date": "2020-01-16T03:19:26Z",
    "created_by": 1
  }
},
{
  "model": "skeleton.site",
  "pk": 13,
  "fields": {
    "site_number": "1450",
    "farm": 5,
    "technician": 2,
    "selected": null,
    "name": "Envy",
    "crop": 28,
    "report": null,
    "irrigation_method": 1,
    "irrigation_area": 10.0,
    "irrigation_time": 1.0,
    "irrigation_delivered_volume": null,
    "irrigation_position": 10.0,
    "irrigation_yield": null,
    "irrigation_allocation_volume": null,
    "rz1_top": 0,
    "rz1_bottom": 60,
    "rz2_top": null,
    "rz2_bottom": null,
    "rz3_top": null,
    "rz3_bottom": null,
    "depth1": 20,
    "depth2": 30,
    "depth3": 40,
    "depth4": 50,
    "depth5": 60,
    "depth6": 80,
    "depth7": 100,
    "depth8": 120,
    "depth9": null,
    "depth10": null,
    "depth_he1": 1,
    "depth_he2": 2,
    "depth_he3": 3,
    "depth_he4": 4,
    "depth_he5": 5,
    "depth_he6": 6,
    "depth_he7": 7,
    "depth_he8": 8,
    "depth_he9": null,
    "depth_he10": null,
    "upper_limit": 3,
    "upper_strategy": null,
    "lower_limit": 2,
    "lower_strategy": null,
    "emitter_rate": 40.0,
    "row_spacing": 330,
    "emitter_spacing": 300,
    "plant_spacing": 150,
    "wetted_width": 300,
    "delivery_time": null,
    "area": null,
    "comment": "",
    "created_date": "2020-01-16T03:24:18Z",
    "created_by": 1
  }
},
{
  "model": "skeleton.site",
  "pk": 14,
  "fields": {
    "site_number": "1",
    "farm": 6,
    "technician": 2,
    "selected": null,
    "name": "Citrus",
    "crop": 3,
    "report": null,
    "irrigation_method": 1,
    "irrigation_area": 10.0,
    "irrigation_time": 1.0,
    "irrigation_delivered_volume": null,
    "irrigation_position": 12.0,
    "irrigation_yield": null,
    "irrigation_allocation_volume": null,
    "rz1_top": 0,
    "rz1_bottom": 110,
    "rz2_top": null,
    "rz2_bottom": null,
    "rz3_top": null,
    "rz3_bottom": null,
    "depth1": 20,
    "depth2": 30,
    "depth3": 40,
    "depth4": 50,
    "depth5": 60,
    "depth6": 80,
    "depth7": 100,
    "depth8": 120,
    "depth9": null,
    "depth10": null,
    "depth_he1": 1,
    "depth_he2": 2,
    "depth_he3": 3,
    "depth_he4": 4,
    "depth_he5": 5,
    "depth_he6": 6,
    "depth_he7": 7,
    "depth_he8": 8,
    "depth_he9": null,
    "depth_he10": null,
    "upper_limit": null,
    "upper_strategy": null,
    "lower_limit": null,
    "lower_strategy": null,
    "emitter_rate": 35.0,
    "row_spacing": 300,
    "emitter_spacing": 300,
    "plant_spacing": 150,
    "wetted_width": 300,
    "delivery_time": null,
    "area": null,
    "comment": "Lemon, Grapefruit and mandarins",
    "created_date": "2020-01-16T03:25:48Z",
    "created_by": 1
  }
},
{
  "model": "skeleton.site",
  "pk": 15,
  "fields": {
    "site_number": "2",
    "farm": 6,
    "technician": 2,
    "selected": null,
    "name": "Hops",
    "crop": 4,
    "report": null,
    "irrigation_method": 1,
    "irrigation_area": 10.0,
    "irrigation_time": 1.0,
    "irrigation_delivered_volume": null,
    "irrigation_position": 12.0,
    "irrigation_yield": null,
    "irrigation_allocation_volume": null,
    "rz1_top": 0,
    "rz1_bottom": 110,
    "rz2_top": null,
    "rz2_bottom": null,
    "rz3_top": null,
    "rz3_bottom": null,
    "depth1": 20,
    "depth2": 30,
    "depth3": 40,
    "depth4": 50,
    "depth5": 60,
    "depth6": 80,
    "depth7": 100,
    "depth8": 120,
    "depth9": null,
    "depth10": null,
    "depth_he1": 1,
    "depth_he2": 2,
    "depth_he3": 3,
    "depth_he4": 4,
    "depth_he5": 5,
    "depth_he6": 6,
    "depth_he7": 7,
    "depth_he8": 8,
    "depth_he9": null,
    "depth_he10": null,
    "upper_limit": 3,
    "upper_strategy": null,
    "lower_limit": 2,
    "lower_strategy": null,
    "emitter_rate": 35.0,
    "row_spacing": 300,
    "emitter_spacing": 300,
    "plant_spacing": 150,
    "wetted_width": 300,
    "delivery_time": null,
    "area": null,
    "comment": "",
    "created_date": "2020-01-16T03:28:17Z",
    "created_by": 1
  }
},
{
  "model": "skeleton.criticaldate",
  "pk": 1,
  "fields": {
    "site": 1,
    "season": 1,
    "type": 1,
    "date": "2019-10-14",
    "comment": null,
    "created_date": "2020-01-27T01:15:38Z",
    "created_by": 1
  }
},
{
  "model": "skeleton.criticaldate",
  "pk": 2,
  "fields": {
    "site": 1,
    "season": 1,
    "type": 2,
    "date": "2020-02-27",
    "comment": null,
    "created_date": "2020-01-27T01:16:01Z",
    "created_by": 1
  }
},
{
  "model": "skeleton.criticaldate",
  "pk": 3,
  "fields": {
    "site": 2,
    "season": 1,
    "type": 1,
    "date": "2019-10-14",
    "comment": null,
    "created_date": "2020-01-27T01:16:50Z",
    "created_by": 1
  }
},
{
  "model": "skeleton.criticaldate",
  "pk": 4,
  "fields": {
    "site": 2,
    "season": 1,
    "type": 2,
    "date": "2020-02-27",
    "comment": null,
    "created_date": "2020-01-27T01:17:12Z",
    "created_by": 1
  }
},
{
  "model": "skeleton.criticaldate",
  "pk": 5,
  "fields": {
    "site": 3,
    "season": 1,
    "type": 1,
    "date": "2019-10-14",
    "comment": null,
    "created_date": "2020-01-27T01:18:19Z",
    "created_by": 1
  }
},
{
  "model": "skeleton.criticaldate",
  "pk": 6,
  "fields": {
    "site": 3,
    "season": 1,
    "type": 2,
    "date": "2020-02-27",
    "comment": null,
    "created_date": "2020-01-27T01:18:34Z",
    "created_by": 1
  }
},
{
  "model": "skeleton.criticaldate",
  "pk": 7,
  "fields": {
    "site": 4,
    "season": 1,
    "type": 1,
    "date": "2019-10-14",
    "comment": null,
    "created_date": "2020-01-27T01:18:46Z",
    "created_by": 1
  }
},
{
  "model": "skeleton.criticaldate",
  "pk": 8,
  "fields": {
    "site": 4,
    "season": 1,
    "type": 2,
    "date": "2020-02-27",
    "comment": null,
    "created_date": "2020-01-27T01:19:01Z",
    "created_by": 1
  }
},
{
  "model": "skeleton.criticaldate",
  "pk": 9,
  "fields": {
    "site": 5,
    "season": 1,
    "type": 1,
    "date": "2019-10-14",
    "comment": null,
    "created_date": "2020-01-27T01:19:12Z",
    "created_by": 1
  }
},
{
  "model": "skeleton.criticaldate",
  "pk": 10,
  "fields": {
    "site": 5,
    "season": 1,
    "type": 2,
    "date": "2020-02-27",
    "comment": null,
    "created_date": "2020-01-27T01:19:22Z",
    "created_by": 1
  }
},
{
  "model": "skeleton.criticaldate",
  "pk": 11,
  "fields": {
    "site": 6,
    "season": 1,
    "type": 1,
    "date": "2019-10-14",
    "comment": null,
    "created_date": "2020-01-27T01:19:50Z",
    "created_by": 1
  }
},
{
  "model": "skeleton.criticaldate",
  "pk": 12,
  "fields": {
    "site": 6,
    "season": 1,
    "type": 2,
    "date": "2020-02-27",
    "comment": null,
    "created_date": "2020-01-27T01:20:02Z",
    "created_by": 1
  }
},
{
  "model": "skeleton.criticaldate",
  "pk": 13,
  "fields": {
    "site": 7,
    "season": 1,
    "type": 1,
    "date": "2019-10-14",
    "comment": null,
    "created_date": "2020-01-27T01:20:16Z",
    "created_by": 1
  }
},
{
  "model": "skeleton.criticaldate",
  "pk": 14,
  "fields": {
    "site": 7,
    "season": 1,
    "type": 2,
    "date": "2020-02-27",
    "comment": null,
    "created_date": "2020-01-27T01:20:31Z",
    "created_by": 1
  }
},
{
  "model": "skeleton.criticaldate",
  "pk": 15,
  "fields": {
    "site": 8,
    "season": 1,
    "type": 1,
    "date": "2019-10-14",
    "comment": null,
    "created_date": "2020-01-27T01:20:43Z",
    "created_by": 1
  }
},
{
  "model": "skeleton.criticaldate",
  "pk": 16,
  "fields": {
    "site": 8,
    "season": 1,
    "type": 2,
    "date": "2020-02-17",
    "comment": null,
    "created_date": "2020-01-27T01:20:56Z",
    "created_by": 1
  }
},
{
  "model": "skeleton.criticaldate",
  "pk": 17,
  "fields": {
    "site": 9,
    "season": 1,
    "type": 1,
    "date": "2019-10-14",
    "comment": null,
    "created_date": "2020-01-27T01:23:20Z",
    "created_by": 1
  }
},
{
  "model": "skeleton.criticaldate",
  "pk": 18,
  "fields": {
    "site": 9,
    "season": 1,
    "type": 2,
    "date": "2020-02-27",
    "comment": null,
    "created_date": "2020-01-27T01:23:31Z",
    "created_by": 1
  }
},
{
  "model": "skeleton.criticaldate",
  "pk": 19,
  "fields": {
    "site": 10,
    "season": 1,
    "type": 1,
    "date": "2019-10-14",
    "comment": null,
    "created_date": "2020-01-27T01:23:47Z",
    "created_by": 1
  }
},
{
  "model": "skeleton.criticaldate",
  "pk": 20,
  "fields": {
    "site": 10,
    "season": 1,
    "type": 2,
    "date": "2020-02-27",
    "comment": null,
    "created_date": "2020-01-27T01:24:02Z",
    "created_by": 1
  }
},
{
  "model": "skeleton.criticaldate",
  "pk": 21,
  "fields": {
    "site": 11,
    "season": 1,
    "type": 1,
    "date": "2019-10-14",
    "comment": null,
    "created_date": "2020-01-27T01:24:17Z",
    "created_by": 1
  }
},
{
  "model": "skeleton.criticaldate",
  "pk": 22,
  "fields": {
    "site": 11,
    "season": 1,
    "type": 2,
    "date": "2020-02-27",
    "comment": null,
    "created_date": "2020-01-27T01:24:30Z",
    "created_by": 1
  }
},
{
  "model": "skeleton.criticaldate",
  "pk": 23,
  "fields": {
    "site": 12,
    "season": 1,
    "type": 1,
    "date": "2019-10-14",
    "comment": null,
    "created_date": "2020-01-27T01:24:41Z",
    "created_by": 1
  }
},
{
  "model": "skeleton.criticaldate",
  "pk": 24,
  "fields": {
    "site": 12,
    "season": 1,
    "type": 2,
    "date": "2020-02-27",
    "comment": null,
    "created_date": "2020-01-27T01:24:54Z",
    "created_by": 1
  }
},
{
  "model": "skeleton.criticaldate",
  "pk": 25,
  "fields": {
    "site": 13,
    "season": 1,
    "type": 1,
    "date": "2019-10-14",
    "comment": null,
    "created_date": "2020-01-27T01:25:07Z",
    "created_by": 1
  }
},
{
  "model": "skeleton.criticaldate",
  "pk": 26,
  "fields": {
    "site": 13,
    "season": 1,
    "type": 2,
    "date": "2020-04-01",
    "comment": null,
    "created_date": "2020-01-27T01:26:36Z",
    "created_by": 1
  }
},
{
  "model": "skeleton.criticaldate",
  "pk": 27,
  "fields": {
    "site": 14,
    "season": 1,
    "type": 1,
    "date": "2019-10-14",
    "comment": null,
    "created_date": "2020-01-27T01:29:05Z",
    "created_by": 1
  }
},
{
  "model": "skeleton.criticaldate",
  "pk": 28,
  "fields": {
    "site": 14,
    "season": 1,
    "type": 2,
    "date": "2020-03-31",
    "comment": null,
    "created_date": "2020-01-27T01:29:23Z",
    "created_by": 1
  }
},
{
  "model": "skeleton.criticaldate",
  "pk": 29,
  "fields": {
    "site": 15,
    "season": 1,
    "type": 1,
    "date": "2019-10-14",
    "comment": null,
    "created_date": "2020-01-27T01:29:38Z",
    "created_by": 1
  }
},
{
  "model": "skeleton.criticaldate",
  "pk": 30,
  "fields": {
    "site": 15,
    "season": 1,
    "type": 2,
    "date": "2020-03-10",
    "comment": null,
    "created_date": "2020-01-27T01:29:53Z",
    "created_by": 1
  }
},
{
  "model": "skeleton.criticaldate",
  "pk": 31,
  "fields": {
    "site": 15,
    "season": 1,
    "type": 3,
    "date": "2020-04-11",
    "comment": null,
    "created_date": "2020-02-24T03:16:39Z",
    "created_by": 1
  }
},
{
  "model": "skeleton.criticaldate",
  "pk": 32,
  "fields": {
    "site": 14,
    "season": 1,
    "type": 3,
    "date": "2020-02-24",
    "comment": null,
    "created_date": "2020-02-24T03:17:17Z",
    "created_by": 1
  }
},
{
  "model": "skeleton.criticaldate",
  "pk": 33,
  "fields": {
    "site": 13,
    "season": 1,
    "type": 3,
    "date": "2020-04-30",
    "comment": null,
    "created_date": "2020-02-24T03:17:49Z",
    "created_by": 1
  }
},
{
  "model": "skeleton.criticaldate",
  "pk": 34,
  "fields": {
    "site": 12,
    "season": 1,
    "type": 3,
    "date": "2020-04-10",
    "comment": null,
    "created_date": "2020-02-24T03:18:20Z",
    "created_by": 1
  }
},
{
  "model": "skeleton.criticaldate",
  "pk": 35,
  "fields": {
    "site": 1,
    "season": 1,
    "type": 3,
    "date": "2020-04-10",
    "comment": null,
    "created_date": "2020-02-24T03:22:56Z",
    "created_by": 1
  }
},
{
  "model": "skeleton.criticaldate",
  "pk": 36,
  "fields": {
    "site": 2,
    "season": 1,
    "type": 3,
    "date": "2020-04-10",
    "comment": null,
    "created_date": "2020-02-24T03:23:14Z",
    "created_by": 1
  }
},
{
  "model": "skeleton.criticaldate",
  "pk": 37,
  "fields": {
    "site": 3,
    "season": 1,
    "type": 3,
    "date": "2020-04-10",
    "comment": null,
    "created_date": "2020-02-24T03:23:32Z",
    "created_by": 1
  }
},
{
  "model": "skeleton.criticaldate",
  "pk": 38,
  "fields": {
    "site": 4,
    "season": 1,
    "type": 3,
    "date": "2020-04-10",
    "comment": null,
    "created_date": "2020-02-24T03:23:44Z",
    "created_by": 1
  }
},
{
  "model": "skeleton.criticaldate",
  "pk": 39,
  "fields": {
    "site": 5,
    "season": 1,
    "type": 3,
    "date": "2020-04-10",
    "comment": null,
    "created_date": "2020-02-24T03:23:56Z",
    "created_by": 1
  }
},
{
  "model": "skeleton.criticaldate",
  "pk": 40,
  "fields": {
    "site": 6,
    "season": 1,
    "type": 3,
    "date": "2020-04-10",
    "comment": null,
    "created_date": "2020-02-24T03:24:06Z",
    "created_by": 1
  }
},
{
  "model": "skeleton.criticaldate",
  "pk": 41,
  "fields": {
    "site": 7,
    "season": 1,
    "type": 3,
    "date": "2020-04-10",
    "comment": null,
    "created_date": "2020-02-24T03:24:21Z",
    "created_by": 1
  }
},
{
  "model": "skeleton.criticaldate",
  "pk": 42,
  "fields": {
    "site": 8,
    "season": 1,
    "type": 3,
    "date": "2020-04-10",
    "comment": null,
    "created_date": "2020-02-24T03:24:34Z",
    "created_by": 1
  }
},
{
  "model": "skeleton.criticaldate",
  "pk": 43,
  "fields": {
    "site": 9,
    "season": 1,
    "type": 3,
    "date": "2020-04-10",
    "comment": null,
    "created_date": "2020-02-24T03:24:46Z",
    "created_by": 1
  }
},
{
  "model": "skeleton.criticaldate",
  "pk": 44,
  "fields": {
    "site": 10,
    "season": 1,
    "type": 3,
    "date": "2020-04-10",
    "comment": null,
    "created_date": "2020-02-24T03:25:01Z",
    "created_by": 1
  }
},
{
  "model": "skeleton.criticaldate",
  "pk": 45,
  "fields": {
    "site": 11,
    "season": 1,
    "type": 3,
    "date": "2020-04-10",
    "comment": null,
    "created_date": "2020-02-24T03:25:13Z",
    "created_by": 1
  }
},
{
  "model": "skeleton.probe",
  "pk": 1,
  "fields": {
    "serial_number": "50616",
    "comment": "Neutron Probe- Purchased Dec 2019",
    "created_date": "2020-01-24T01:19:41Z",
    "created_by": 1
  }
},
{
  "model": "skeleton.probe",
  "pk": 2,
  "fields": {
    "serial_number": "50618",
    "comment": "NP",
    "created_date": "2020-02-24T01:06:37Z",
    "created_by": 1
  }
},
{
  "model": "skeleton.probe",
  "pk": 3,
  "fields": {
    "serial_number": "50597",
    "comment": "NP",
    "created_date": "2020-02-24T01:14:41Z",
    "created_by": 1
  }
},
{
  "model": "skeleton.probe",
  "pk": 4,
  "fields": {
    "serial_number": "708",
    "comment": "NP",
    "created_date": "2020-02-24T01:41:00Z",
    "created_by": 1
  }
},
{
  "model": "skeleton.probe",
  "pk": 5,
  "fields": {
    "serial_number": "607",
    "comment": "NP",
    "created_date": "2020-02-24T01:43:43Z",
    "created_by": 1
  }
},
{
  "model": "skeleton.probe",
  "pk": 6,
  "fields": {
    "serial_number": "50579",
    "comment": "NP",
    "created_date": "2020-02-24T01:46:03Z",
    "created_by": 1
  }
},
{
  "model": "skeleton.probe",
  "pk": 7,
  "fields": {
    "serial_number": "50617",
    "comment": "NP",
    "created_date": "2020-02-24T01:49:30Z",
    "created_by": 1
  }
},
{
  "model": "skeleton.probe",
  "pk": 8,
  "fields": {
    "serial_number": "7003",
    "comment": "Diviner",
    "created_date": "2020-02-24T01:52:39Z",
    "created_by": 1
  }
},
{
  "model": "skeleton.probe",
  "pk": 9,
  "fields": {
    "serial_number": "7777",
    "comment": "Diviner",
    "created_date": "2020-02-24T01:57:16Z",
    "created_by": 1
  }
},
{
  "model": "skeleton.probe",
  "pk": 10,
  "fields": {
    "serial_number": "953",
    "comment": "Diviner",
    "created_date": "2020-02-24T02:01:43Z",
    "created_by": 1
  }
},
{
  "model": "skeleton.probe",
  "pk": 11,
  "fields": {
    "serial_number": "Manual",
    "comment": "These are for Full Point readings etc where depth readings are entered manually",
    "created_date": "2020-03-11T23:08:56Z",
    "created_by": 1
  }
},
{
  "model": "skeleton.calibration",
  "pk": 1,
  "fields": {
    "serial_number": 1,
    "soil_type": 1,
    "period_from": "2020-01-24",
    "period_to": null,
    "slope": 0.002482,
    "intercept": -1.2145,
    "created_date": "2020-01-24T01:20:57Z",
    "created_by": 1
  }
},
{
  "model": "skeleton.calibration",
  "pk": 2,
  "fields": {
    "serial_number": 1,
    "soil_type": 2,
    "period_from": "2020-01-24",
    "period_to": null,
    "slope": 0.002482,
    "intercept": -1.2145,
    "created_date": "2020-01-24T01:21:48Z",
    "created_by": 1
  }
},
{
  "model": "skeleton.calibration",
  "pk": 3,
  "fields": {
    "serial_number": 1,
    "soil_type": 3,
    "period_from": "2020-01-24",
    "period_to": null,
    "slope": 0.002558,
    "intercept": 1.2109,
    "created_date": "2020-01-24T01:22:09Z",
    "created_by": 1
  }
},
{
  "model": "skeleton.calibration",
  "pk": 4,
  "fields": {
    "serial_number": 1,
    "soil_type": 4,
    "period_from": "2020-01-24",
    "period_to": null,
    "slope": 0.002396,
    "intercept": 3.1304,
    "created_date": "2020-01-24T01:22:25Z",
    "created_by": 1
  }
},
{
  "model": "skeleton.calibration",
  "pk": 5,
  "fields": {
    "serial_number": 1,
    "soil_type": 5,
    "period_from": "2020-01-24",
    "period_to": null,
    "slope": 0.002315,
    "intercept": 3.1805,
    "created_date": "2020-01-24T01:22:43Z",
    "created_by": 1
  }
},
{
  "model": "skeleton.calibration",
  "pk": 6,
  "fields": {
    "serial_number": 1,
    "soil_type": 6,
    "period_from": "2020-01-24",
    "period_to": null,
    "slope": 0.002088,
    "intercept": 4.0033,
    "created_date": "2020-01-24T01:22:58Z",
    "created_by": 1
  }
},
{
  "model": "skeleton.calibration",
  "pk": 7,
  "fields": {
    "serial_number": 1,
    "soil_type": 7,
    "period_from": "2020-01-24",
    "period_to": null,
    "slope": 0.002159,
    "intercept": 3.2043,
    "created_date": "2020-01-24T01:23:18Z",
    "created_by": 1
  }
},
{
  "model": "skeleton.calibration",
  "pk": 8,
  "fields": {
    "serial_number": 1,
    "soil_type": 8,
    "period_from": "2020-01-24",
    "period_to": null,
    "slope": 0.002198,
    "intercept": -0.3936,
    "created_date": "2020-01-24T01:23:32Z",
    "created_by": 1
  }
},
{
  "model": "skeleton.calibration",
  "pk": 9,
  "fields": {
    "serial_number": 2,
    "soil_type": 1,
    "period_from": "2020-02-24",
    "period_to": null,
    "slope": 0.002682,
    "intercept": -1.2145,
    "created_date": "2020-02-24T01:06:33Z",
    "created_by": 1
  }
},
{
  "model": "skeleton.calibration",
  "pk": 10,
  "fields": {
    "serial_number": 2,
    "soil_type": 2,
    "period_from": "2020-02-24",
    "period_to": null,
    "slope": 0.002682,
    "intercept": -1.2145,
    "created_date": "2020-02-24T01:07:29Z",
    "created_by": 1
  }
},
{
  "model": "skeleton.calibration",
  "pk": 11,
  "fields": {
    "serial_number": 2,
    "soil_type": 3,
    "period_from": "2020-02-24",
    "period_to": null,
    "slope": 0.002658,
    "intercept": 1.2109,
    "created_date": "2020-02-24T01:07:46Z",
    "created_by": 1
  }
},
{
  "model": "skeleton.calibration",
  "pk": 12,
  "fields": {
    "serial_number": 2,
    "soil_type": 4,
    "period_from": "2020-02-24",
    "period_to": null,
    "slope": 0.002546,
    "intercept": 3.1403,
    "created_date": "2020-02-24T01:08:04Z",
    "created_by": 1
  }
},
{
  "model": "skeleton.calibration",
  "pk": 13,
  "fields": {
    "serial_number": 2,
    "soil_type": 5,
    "period_from": "2020-02-24",
    "period_to": null,
    "slope": 0.002465,
    "intercept": 3.1805,
    "created_date": "2020-02-24T01:09:08Z",
    "created_by": 1
  }
},
{
  "model": "skeleton.calibration",
  "pk": 14,
  "fields": {
    "serial_number": 2,
    "soil_type": 6,
    "period_from": "2020-02-24",
    "period_to": null,
    "slope": 0.002338,
    "intercept": 4.0033,
    "created_date": "2020-02-24T01:09:28Z",
    "created_by": 1
  }
},
{
  "model": "skeleton.calibration",
  "pk": 15,
  "fields": {
    "serial_number": 2,
    "soil_type": 7,
    "period_from": "2020-02-24",
    "period_to": null,
    "slope": 0.002309,
    "intercept": 3.2043,
    "created_date": "2020-02-24T01:09:44Z",
    "created_by": 1
  }
},
{
  "model": "skeleton.calibration",
  "pk": 16,
  "fields": {
    "serial_number": 2,
    "soil_type": 8,
    "period_from": "2020-02-24",
    "period_to": null,
    "slope": 0.002458,
    "intercept": -0.3936,
    "created_date": "2020-02-24T01:09:59Z",
    "created_by": 1
  }
},
{
  "model": "skeleton.calibration",
  "pk": 17,
  "fields": {
    "serial_number": 3,
    "soil_type": 1,
    "period_from": "2020-02-24",
    "period_to": null,
    "slope": 0.002491,
    "intercept": -1.2145,
    "created_date": "2020-02-24T01:14:38Z",
    "created_by": 1
  }
},
{
  "model": "skeleton.calibration",
  "pk": 18,
  "fields": {
    "serial_number": 3,
    "soil_type": 2,
    "period_from": "2020-02-24",
    "period_to": null,
    "slope": 0.002491,
    "intercept": -1.2145,
    "created_date": "2020-02-24T01:15:36Z",
    "created_by": 1
  }
},
{
  "model": "skeleton.calibration",
  "pk": 19,
  "fields": {
    "serial_number": 3,
    "soil_type": 3,
    "period_from": "2020-02-24",
    "period_to": null,
    "slope": 0.002365,
    "intercept": 1.2109,
    "created_date": "2020-02-24T01:15:51Z",
    "created_by": 1
  }
},
{
  "model": "skeleton.calibration",
  "pk": 20,
  "fields": {
    "serial_number": 3,
    "soil_type": 4,
    "period_from": "2020-02-24",
    "period_to": null,
    "slope": 0.002208,
    "intercept": 3.1304,
    "created_date": "2020-02-24T01:16:05Z",
    "created_by": 1
  }
},
{
  "model": "skeleton.calibration",
  "pk": 21,
  "fields": {
    "serial_number": 3,
    "soil_type": 5,
    "period_from": "2020-02-24",
    "period_to": null,
    "slope": 0.002231,
    "intercept": 3.1805,
    "created_date": "2020-02-24T01:16:22Z",
    "created_by": 1
  }
},
{
  "model": "skeleton.calibration",
  "pk": 22,
  "fields": {
    "serial_number": 3,
    "soil_type": 6,
    "period_from": "2020-02-24",
    "period_to": null,
    "slope": 0.002111,
    "intercept": 4.0033,
    "created_date": "2020-02-24T01:16:38Z",
    "created_by": 1
  }
},
{
  "model": "skeleton.calibration",
  "pk": 23,
  "fields": {
    "serial_number": 3,
    "soil_type": 7,
    "period_from": "2020-02-24",
    "period_to": null,
    "slope": 0.002069,
    "intercept": 3.2043,
    "created_date": "2020-02-24T01:16:53Z",
    "created_by": 1
  }
},
{
  "model": "skeleton.calibration",
  "pk": 24,
  "fields": {
    "serial_number": 3,
    "soil_type": 8,
    "period_from": "2020-02-24",
    "period_to": null,
    "slope": 0.002214,
    "intercept": -0.3936,
    "created_date": "2020-02-24T01:17:07Z",
    "created_by": 1
  }
},
{
  "model": "skeleton.calibration",
  "pk": 25,
  "fields": {
    "serial_number": 4,
    "soil_type": 1,
    "period_from": "2020-02-24",
    "period_to": null,
    "slope": 0.002382,
    "intercept": -1.2145,
    "created_date": "2020-02-24T01:40:57Z",
    "created_by": 1
  }
},
{
  "model": "skeleton.calibration",
  "pk": 26,
  "fields": {
    "serial_number": 4,
    "soil_type": 2,
    "period_from": "2020-02-24",
    "period_to": null,
    "slope": 0.002382,
    "intercept": -1.2145,
    "created_date": "2020-02-24T01:41:29Z",
    "created_by": 1
  }
},
{
  "model": "skeleton.calibration",
  "pk": 27,
  "fields": {
    "serial_number": 4,
    "soil_type": 3,
    "period_from": "2020-02-24",
    "period_to": null,
    "slope": 0.002458,
    "intercept": 1.2109,
    "created_date": "2020-02-24T01:41:47Z",
    "created_by": 1
  }
},
{
  "model": "skeleton.calibration",
  "pk": 28,
  "fields": {
    "serial_number": 4,
    "soil_type": 4,
    "period_from": "2020-02-24",
    "period_to": null,
    "slope": 0.002296,
    "intercept": 3.1304,
    "created_date": "2020-02-24T01:42:04Z",
    "created_by": 1
  }
},
{
  "model": "skeleton.calibration",
  "pk": 29,
  "fields": {
    "serial_number": 4,
    "soil_type": 5,
    "period_from": "2020-02-24",
    "period_to": null,
    "slope": 0.002215,
    "intercept": 3.1805,
    "created_date": "2020-02-24T01:42:20Z",
    "created_by": 1
  }
},
{
  "model": "skeleton.calibration",
  "pk": 30,
  "fields": {
    "serial_number": 4,
    "soil_type": 6,
    "period_from": "2020-02-24",
    "period_to": null,
    "slope": 0.001988,
    "intercept": 4.0033,
    "created_date": "2020-02-24T01:42:33Z",
    "created_by": 1
  }
},
{
  "model": "skeleton.calibration",
  "pk": 31,
  "fields": {
    "serial_number": 4,
    "soil_type": 7,
    "period_from": "2020-02-24",
    "period_to": null,
    "slope": 0.002059,
    "intercept": 3.2043,
    "created_date": "2020-02-24T01:42:47Z",
    "created_by": 1
  }
},
{
  "model": "skeleton.calibration",
  "pk": 32,
  "fields": {
    "serial_number": 4,
    "soil_type": 8,
    "period_from": "2020-02-24",
    "period_to": null,
    "slope": 0.002098,
    "intercept": -0.3936,
    "created_date": "2020-02-24T01:43:07Z",
    "created_by": 1
  }
},
{
  "model": "skeleton.calibration",
  "pk": 33,
  "fields": {
    "serial_number": 5,
    "soil_type": 1,
    "period_from": "2020-02-24",
    "period_to": null,
    "slope": 0.002737,
    "intercept": -1.2145,
    "created_date": "2020-02-24T01:43:30Z",
    "created_by": 1
  }
},
{
  "model": "skeleton.calibration",
  "pk": 34,
  "fields": {
    "serial_number": 5,
    "soil_type": 2,
    "period_from": "2020-02-24",
    "period_to": null,
    "slope": 0.002737,
    "intercept": -1.2145,
    "created_date": "2020-02-24T01:44:08Z",
    "created_by": 1
  }
},
{
  "model": "skeleton.calibration",
  "pk": 35,
  "fields": {
    "serial_number": 5,
    "soil_type": 3,
    "period_from": "2020-02-24",
    "period_to": null,
    "slope": 0.002818,
    "intercept": 1.2109,
    "created_date": "2020-02-24T01:44:26Z",
    "created_by": 1
  }
},
{
  "model": "skeleton.calibration",
  "pk": 36,
  "fields": {
    "serial_number": 5,
    "soil_type": 4,
    "period_from": "2020-02-24",
    "period_to": null,
    "slope": 0.002645,
    "intercept": 3.1304,
    "created_date": "2020-02-24T01:44:39Z",
    "created_by": 1
  }
},
{
  "model": "skeleton.calibration",
  "pk": 37,
  "fields": {
    "serial_number": 5,
    "soil_type": 5,
    "period_from": "2020-02-24",
    "period_to": null,
    "slope": 0.00256,
    "intercept": 3.1805,
    "created_date": "2020-02-24T01:44:53Z",
    "created_by": 1
  }
},
{
  "model": "skeleton.calibration",
  "pk": 38,
  "fields": {
    "serial_number": 5,
    "soil_type": 6,
    "period_from": "2020-02-24",
    "period_to": null,
    "slope": 0.002319,
    "intercept": 4.0033,
    "created_date": "2020-02-24T01:45:07Z",
    "created_by": 1
  }
},
{
  "model": "skeleton.calibration",
  "pk": 39,
  "fields": {
    "serial_number": 5,
    "soil_type": 7,
    "period_from": "2020-02-24",
    "period_to": null,
    "slope": 0.002394,
    "intercept": 3.2043,
    "created_date": "2020-02-24T01:45:25Z",
    "created_by": 1
  }
},
{
  "model": "skeleton.calibration",
  "pk": 40,
  "fields": {
    "serial_number": 5,
    "soil_type": 8,
    "period_from": "2020-02-24",
    "period_to": null,
    "slope": 0.002542,
    "intercept": -0.3936,
    "created_date": "2020-02-24T01:45:41Z",
    "created_by": 1
  }
},
{
  "model": "skeleton.calibration",
  "pk": 41,
  "fields": {
    "serial_number": 6,
    "soil_type": 1,
    "period_from": "2020-02-24",
    "period_to": null,
    "slope": 0.002491,
    "intercept": -1.2145,
    "created_date": "2020-02-24T01:45:55Z",
    "created_by": 1
  }
},
{
  "model": "skeleton.calibration",
  "pk": 42,
  "fields": {
    "serial_number": 6,
    "soil_type": 1,
    "period_from": "2020-02-24",
    "period_to": null,
    "slope": 0.002491,
    "intercept": -1.2145,
    "created_date": "2020-02-24T01:46:37Z",
    "created_by": 1
  }
},
{
  "model": "skeleton.calibration",
  "pk": 43,
  "fields": {
    "serial_number": 6,
    "soil_type": null,
    "period_from": "2020-02-24",
    "period_to": null,
    "slope": 0.002491,
    "intercept": -1.2145,
    "created_date": "2020-02-24T01:47:18Z",
    "created_by": 1
  }
},
{
  "model": "skeleton.calibration",
  "pk": 44,
  "fields": {
    "serial_number": 6,
    "soil_type": 3,
    "period_from": "2020-02-24",
    "period_to": null,
    "slope": 0.002365,
    "intercept": 1.2109,
    "created_date": "2020-02-24T01:47:29Z",
    "created_by": 1
  }
},
{
  "model": "skeleton.calibration",
  "pk": 45,
  "fields": {
    "serial_number": 6,
    "soil_type": 4,
    "period_from": "2020-02-24",
    "period_to": null,
    "slope": 0.002208,
    "intercept": 3.1304,
    "created_date": "2020-02-24T01:47:45Z",
    "created_by": 1
  }
},
{
  "model": "skeleton.calibration",
  "pk": 46,
  "fields": {
    "serial_number": 6,
    "soil_type": 5,
    "period_from": "2020-02-24",
    "period_to": null,
    "slope": 0.002231,
    "intercept": 3.1805,
    "created_date": "2020-02-24T01:48:01Z",
    "created_by": 1
  }
},
{
  "model": "skeleton.calibration",
  "pk": 47,
  "fields": {
    "serial_number": 6,
    "soil_type": 6,
    "period_from": "2020-02-24",
    "period_to": null,
    "slope": 0.002111,
    "intercept": 4.0033,
    "created_date": "2020-02-24T01:48:25Z",
    "created_by": 1
  }
},
{
  "model": "skeleton.calibration",
  "pk": 48,
  "fields": {
    "serial_number": 6,
    "soil_type": 7,
    "period_from": "2020-02-24",
    "period_to": null,
    "slope": 0.002069,
    "intercept": 3.2043,
    "created_date": "2020-02-24T01:48:42Z",
    "created_by": 1
  }
},
{
  "model": "skeleton.calibration",
  "pk": 49,
  "fields": {
    "serial_number": 6,
    "soil_type": 8,
    "period_from": "2020-02-24",
    "period_to": null,
    "slope": 0.002214,
    "intercept": -0.3936,
    "created_date": "2020-02-24T01:49:02Z",
    "created_by": 1
  }
},
{
  "model": "skeleton.calibration",
  "pk": 50,
  "fields": {
    "serial_number": 7,
    "soil_type": 1,
    "period_from": "2020-02-24",
    "period_to": null,
    "slope": 0.002482,
    "intercept": -1.2145,
    "created_date": "2020-02-24T01:49:21Z",
    "created_by": 1
  }
},
{
  "model": "skeleton.calibration",
  "pk": 51,
  "fields": {
    "serial_number": 7,
    "soil_type": 2,
    "period_from": "2020-02-24",
    "period_to": null,
    "slope": 0.002482,
    "intercept": -1.2145,
    "created_date": "2020-02-24T01:49:52Z",
    "created_by": 1
  }
},
{
  "model": "skeleton.calibration",
  "pk": 52,
  "fields": {
    "serial_number": 7,
    "soil_type": 3,
    "period_from": "2020-02-24",
    "period_to": null,
    "slope": 0.002458,
    "intercept": 1.2109,
    "created_date": "2020-02-24T01:50:07Z",
    "created_by": 1
  }
},
{
  "model": "skeleton.calibration",
  "pk": 53,
  "fields": {
    "serial_number": 7,
    "soil_type": 4,
    "period_from": "2020-02-24",
    "period_to": null,
    "slope": 0.002346,
    "intercept": 3.1304,
    "created_date": "2020-02-24T01:50:23Z",
    "created_by": 1
  }
},
{
  "model": "skeleton.calibration",
  "pk": 54,
  "fields": {
    "serial_number": 7,
    "soil_type": 5,
    "period_from": "2020-02-24",
    "period_to": null,
    "slope": 0.002265,
    "intercept": 3.1805,
    "created_date": "2020-02-24T01:51:14Z",
    "created_by": 1
  }
},
{
  "model": "skeleton.calibration",
  "pk": 55,
  "fields": {
    "serial_number": 7,
    "soil_type": 6,
    "period_from": "2020-02-24",
    "period_to": null,
    "slope": 0.002138,
    "intercept": 4.0033,
    "created_date": "2020-02-24T01:51:32Z",
    "created_by": 1
  }
},
{
  "model": "skeleton.calibration",
  "pk": 56,
  "fields": {
    "serial_number": 7,
    "soil_type": 7,
    "period_from": "2020-02-24",
    "period_to": null,
    "slope": 0.002109,
    "intercept": 3.2043,
    "created_date": "2020-02-24T01:51:49Z",
    "created_by": 1
  }
},
{
  "model": "skeleton.calibration",
  "pk": 57,
  "fields": {
    "serial_number": 7,
    "soil_type": 8,
    "period_from": "2020-02-24",
    "period_to": null,
    "slope": 0.002258,
    "intercept": -0.3936,
    "created_date": "2020-02-24T01:52:15Z",
    "created_by": 1
  }
},
{
  "model": "skeleton.calibration",
  "pk": 58,
  "fields": {
    "serial_number": 8,
    "soil_type": 1,
    "period_from": "2020-02-24",
    "period_to": null,
    "slope": 0.8819,
    "intercept": -2.3691,
    "created_date": "2020-02-24T01:52:35Z",
    "created_by": 1
  }
},
{
  "model": "skeleton.calibration",
  "pk": 59,
  "fields": {
    "serial_number": 8,
    "soil_type": 2,
    "period_from": "2020-02-24",
    "period_to": null,
    "slope": 0.8819,
    "intercept": -2.2691,
    "created_date": "2020-02-24T01:53:46Z",
    "created_by": 1
  }
},
{
  "model": "skeleton.calibration",
  "pk": 60,
  "fields": {
    "serial_number": 8,
    "soil_type": 3,
    "period_from": "2020-02-24",
    "period_to": null,
    "slope": 0.8919,
    "intercept": -2.2691,
    "created_date": "2020-02-24T01:54:04Z",
    "created_by": 1
  }
},
{
  "model": "skeleton.calibration",
  "pk": 61,
  "fields": {
    "serial_number": 8,
    "soil_type": 4,
    "period_from": "2020-02-24",
    "period_to": null,
    "slope": 0.8919,
    "intercept": -2.2691,
    "created_date": "2020-02-24T01:54:18Z",
    "created_by": 1
  }
},
{
  "model": "skeleton.calibration",
  "pk": 62,
  "fields": {
    "serial_number": 8,
    "soil_type": 5,
    "period_from": "2020-02-24",
    "period_to": null,
    "slope": 0.8919,
    "intercept": -2.2691,
    "created_date": "2020-02-24T01:54:31Z",
    "created_by": 1
  }
},
{
  "model": "skeleton.calibration",
  "pk": 63,
  "fields": {
    "serial_number": 8,
    "soil_type": 6,
    "period_from": "2020-02-24",
    "period_to": null,
    "slope": 0.8919,
    "intercept": -2.2691,
    "created_date": "2020-02-24T01:54:58Z",
    "created_by": 1
  }
},
{
  "model": "skeleton.calibration",
  "pk": 64,
  "fields": {
    "serial_number": 8,
    "soil_type": 7,
    "period_from": "2020-02-24",
    "period_to": null,
    "slope": 0.8919,
    "intercept": -2.2691,
    "created_date": "2020-02-24T01:55:11Z",
    "created_by": 1
  }
},
{
  "model": "skeleton.calibration",
  "pk": 65,
  "fields": {
    "serial_number": 8,
    "soil_type": 8,
    "period_from": "2020-02-24",
    "period_to": null,
    "slope": 0.8919,
    "intercept": -2.2691,
    "created_date": "2020-02-24T01:55:25Z",
    "created_by": 1
  }
},
{
  "model": "skeleton.calibration",
  "pk": 66,
  "fields": {
    "serial_number": 8,
    "soil_type": 9,
    "period_from": "2020-02-24",
    "period_to": null,
    "slope": 0.8919,
    "intercept": -2.2691,
    "created_date": "2020-02-24T01:55:38Z",
    "created_by": 1
  }
},
{
  "model": "skeleton.calibration",
  "pk": 67,
  "fields": {
    "serial_number": 8,
    "soil_type": 10,
    "period_from": "2020-02-24",
    "period_to": null,
    "slope": 0.8919,
    "intercept": -2.2691,
    "created_date": "2020-02-24T01:56:51Z",
    "created_by": 1
  }
},
{
  "model": "skeleton.calibration",
  "pk": 68,
  "fields": {
    "serial_number": 9,
    "soil_type": 1,
    "period_from": "2020-02-24",
    "period_to": null,
    "slope": 1.0,
    "intercept": 0.0,
    "created_date": "2020-02-24T01:57:11Z",
    "created_by": 1
  }
},
{
  "model": "skeleton.calibration",
  "pk": 69,
  "fields": {
    "serial_number": 9,
    "soil_type": 2,
    "period_from": "2020-02-24",
    "period_to": null,
    "slope": 1.0,
    "intercept": 0.0,
    "created_date": "2020-02-24T02:00:00Z",
    "created_by": 1
  }
},
{
  "model": "skeleton.calibration",
  "pk": 70,
  "fields": {
    "serial_number": 9,
    "soil_type": 3,
    "period_from": "2020-02-24",
    "period_to": null,
    "slope": 1.0,
    "intercept": 0.0,
    "created_date": "2020-02-24T02:00:10Z",
    "created_by": 1
  }
},
{
  "model": "skeleton.calibration",
  "pk": 71,
  "fields": {
    "serial_number": 9,
    "soil_type": 4,
    "period_from": "2020-02-24",
    "period_to": null,
    "slope": 1.0,
    "intercept": 0.0,
    "created_date": "2020-02-24T02:00:17Z",
    "created_by": 1
  }
},
{
  "model": "skeleton.calibration",
  "pk": 72,
  "fields": {
    "serial_number": 9,
    "soil_type": 4,
    "period_from": "2020-02-24",
    "period_to": null,
    "slope": 1.0,
    "intercept": 0.0,
    "created_date": "2020-02-24T02:00:24Z",
    "created_by": 1
  }
},
{
  "model": "skeleton.calibration",
  "pk": 73,
  "fields": {
    "serial_number": 9,
    "soil_type": 5,
    "period_from": "2020-02-24",
    "period_to": null,
    "slope": 1.0,
    "intercept": 0.0,
    "created_date": "2020-02-24T02:00:35Z",
    "created_by": 1
  }
},
{
  "model": "skeleton.calibration",
  "pk": 74,
  "fields": {
    "serial_number": 9,
    "soil_type": 6,
    "period_from": "2020-02-24",
    "period_to": null,
    "slope": 1.0,
    "intercept": 0.0,
    "created_date": "2020-02-24T02:00:41Z",
    "created_by": 1
  }
},
{
  "model": "skeleton.calibration",
  "pk": 75,
  "fields": {
    "serial_number": 9,
    "soil_type": 7,
    "period_from": "2020-02-24",
    "period_to": null,
    "slope": 1.0,
    "intercept": 0.0,
    "created_date": "2020-02-24T02:00:50Z",
    "created_by": 1
  }
},
{
  "model": "skeleton.calibration",
  "pk": 76,
  "fields": {
    "serial_number": 9,
    "soil_type": 8,
    "period_from": "2020-02-24",
    "period_to": null,
    "slope": 1.0,
    "intercept": 0.0,
    "created_date": "2020-02-24T02:00:58Z",
    "created_by": 1
  }
},
{
  "model": "skeleton.calibration",
  "pk": 77,
  "fields": {
    "serial_number": 9,
    "soil_type": 8,
    "period_from": "2020-02-24",
    "period_to": null,
    "slope": 1.0,
    "intercept": 0.0,
    "created_date": "2020-02-24T02:01:05Z",
    "created_by": 1
  }
},
{
  "model": "skeleton.calibration",
  "pk": 78,
  "fields": {
    "serial_number": 9,
    "soil_type": 9,
    "period_from": "2020-02-24",
    "period_to": null,
    "slope": 1.0,
    "intercept": 0.0,
    "created_date": "2020-02-24T02:01:12Z",
    "created_by": 1
  }
},
{
  "model": "skeleton.calibration",
  "pk": 79,
  "fields": {
    "serial_number": 9,
    "soil_type": 10,
    "period_from": "2020-02-24",
    "period_to": null,
    "slope": 1.0,
    "intercept": 0.0,
    "created_date": "2020-02-24T02:01:19Z",
    "created_by": 1
  }
},
{
  "model": "skeleton.calibration",
  "pk": 80,
  "fields": {
    "serial_number": 10,
    "soil_type": 1,
    "period_from": "2020-02-24",
    "period_to": null,
    "slope": 0.9825,
    "intercept": -1.4792,
    "created_date": "2020-02-24T02:01:39Z",
    "created_by": 1
  }
},
{
  "model": "skeleton.calibration",
  "pk": 81,
  "fields": {
    "serial_number": 10,
    "soil_type": 2,
    "period_from": "2020-02-24",
    "period_to": null,
    "slope": 0.9735,
    "intercept": -1.4792,
    "created_date": "2020-02-24T02:02:08Z",
    "created_by": 1
  }
},
{
  "model": "skeleton.calibration",
  "pk": 82,
  "fields": {
    "serial_number": 10,
    "soil_type": 3,
    "period_from": "2020-02-24",
    "period_to": null,
    "slope": 0.9735,
    "intercept": -1.4792,
    "created_date": "2020-02-24T02:02:19Z",
    "created_by": 1
  }
},
{
  "model": "skeleton.calibration",
  "pk": 83,
  "fields": {
    "serial_number": 10,
    "soil_type": 4,
    "period_from": "2020-02-24",
    "period_to": null,
    "slope": 0.9735,
    "intercept": -1.4792,
    "created_date": "2020-02-24T02:02:31Z",
    "created_by": 1
  }
},
{
  "model": "skeleton.calibration",
  "pk": 84,
  "fields": {
    "serial_number": 10,
    "soil_type": 5,
    "period_from": "2020-02-24",
    "period_to": null,
    "slope": 0.9735,
    "intercept": -1.4792,
    "created_date": "2020-02-24T02:02:48Z",
    "created_by": 1
  }
},
{
  "model": "skeleton.calibration",
  "pk": 85,
  "fields": {
    "serial_number": 10,
    "soil_type": 6,
    "period_from": "2020-02-24",
    "period_to": null,
    "slope": 0.9735,
    "intercept": -1.4792,
    "created_date": "2020-02-24T02:03:00Z",
    "created_by": 1
  }
},
{
  "model": "skeleton.calibration",
  "pk": 86,
  "fields": {
    "serial_number": 10,
    "soil_type": 7,
    "period_from": "2020-02-24",
    "period_to": null,
    "slope": 0.9735,
    "intercept": -1.4792,
    "created_date": "2020-02-24T02:03:16Z",
    "created_by": 1
  }
},
{
  "model": "skeleton.calibration",
  "pk": 87,
  "fields": {
    "serial_number": 10,
    "soil_type": 8,
    "period_from": "2020-02-24",
    "period_to": null,
    "slope": 0.9735,
    "intercept": -1.4792,
    "created_date": "2020-02-24T02:03:29Z",
    "created_by": 1
  }
},
{
  "model": "skeleton.calibration",
  "pk": 88,
  "fields": {
    "serial_number": 10,
    "soil_type": 9,
    "period_from": "2020-02-24",
    "period_to": null,
    "slope": 0.9735,
    "intercept": -1.4792,
    "created_date": "2020-02-24T02:03:41Z",
    "created_by": 1
  }
},
{
  "model": "skeleton.calibration",
  "pk": 89,
  "fields": {
    "serial_number": 10,
    "soil_type": 10,
    "period_from": "2020-02-24",
    "period_to": null,
    "slope": 0.9735,
    "intercept": -1.4792,
    "created_date": "2020-02-24T02:03:51Z",
    "created_by": 1
  }
},
{
  "model": "skeleton.calibration",
  "pk": 90,
  "fields": {
    "serial_number": 11,
    "soil_type": 1,
    "period_from": "2010-03-11",
    "period_to": null,
    "slope": 1.0,
    "intercept": 0.0,
    "created_date": "2020-03-11T23:09:26Z",
    "created_by": 1
  }
},
{
  "model": "skeleton.calibration",
  "pk": 91,
  "fields": {
    "serial_number": 11,
    "soil_type": 2,
    "period_from": "2010-03-11",
    "period_to": null,
    "slope": 1.0,
    "intercept": 0.0,
    "created_date": "2020-03-11T23:09:41Z",
    "created_by": 1
  }
},
{
  "model": "skeleton.calibration",
  "pk": 92,
  "fields": {
    "serial_number": 11,
    "soil_type": 3,
    "period_from": "2010-03-11",
    "period_to": null,
    "slope": 1.0,
    "intercept": 0.0,
    "created_date": "2020-03-11T23:09:56Z",
    "created_by": 1
  }
},
{
  "model": "skeleton.calibration",
  "pk": 93,
  "fields": {
    "serial_number": 11,
    "soil_type": 4,
    "period_from": "2010-03-11",
    "period_to": null,
    "slope": 1.0,
    "intercept": 0.0,
    "created_date": "2020-03-11T23:10:10Z",
    "created_by": 1
  }
},
{
  "model": "skeleton.calibration",
  "pk": 94,
  "fields": {
    "serial_number": 11,
    "soil_type": 5,
    "period_from": "2010-03-11",
    "period_to": null,
    "slope": 1.0,
    "intercept": 0.0,
    "created_date": "2020-03-11T23:10:19Z",
    "created_by": 1
  }
},
{
  "model": "skeleton.calibration",
  "pk": 95,
  "fields": {
    "serial_number": 11,
    "soil_type": 6,
    "period_from": "2010-03-11",
    "period_to": null,
    "slope": 1.0,
    "intercept": 0.0,
    "created_date": "2020-03-11T23:10:32Z",
    "created_by": 1
  }
},
{
  "model": "skeleton.calibration",
  "pk": 96,
  "fields": {
    "serial_number": 11,
    "soil_type": 7,
    "period_from": "2010-03-11",
    "period_to": null,
    "slope": 1.0,
    "intercept": 0.0,
    "created_date": "2020-03-11T23:10:43Z",
    "created_by": 1
  }
},
{
  "model": "skeleton.calibration",
  "pk": 97,
  "fields": {
    "serial_number": 11,
    "soil_type": 8,
    "period_from": "2010-03-11",
    "period_to": null,
    "slope": 1.0,
    "intercept": 0.0,
    "created_date": "2020-03-11T23:10:54Z",
    "created_by": 1
  }
},
{
  "model": "skeleton.calibration",
  "pk": 98,
  "fields": {
    "serial_number": 11,
    "soil_type": 9,
    "period_from": "2010-03-11",
    "period_to": null,
    "slope": 1.0,
    "intercept": 0.0,
    "created_date": "2020-03-11T23:11:08Z",
    "created_by": 1
  }
},
{
  "model": "skeleton.calibration",
  "pk": 99,
  "fields": {
    "serial_number": 11,
    "soil_type": 10,
    "period_from": "2010-03-11",
    "period_to": null,
    "slope": 1.0,
    "intercept": 0.0,
    "created_date": "2020-03-11T23:11:18Z",
    "created_by": 1
  }
},
{
  "model": "skeleton.reading",
  "pk": 1,
  "fields": {
    "site": 14,
    "type": 1,
    "date": "2020-01-28",
    "depth1": null,
    "depth2": null,
    "depth3": null,
    "depth4": null,
    "depth5": null,
    "depth6": null,
    "depth7": null,
    "depth8": null,
    "depth9": null,
    "depth10": null,
    "depth1_count": 13830.0,
    "depth2_count": 13932.0,
    "depth3_count": 14096.0,
    "depth4_count": 14467.0,
    "depth5_count": 14080.0,
    "depth6_count": 13622.0,
    "depth7_count": 13299.0,
    "depth8_count": 12336.0,
    "depth9_count": null,
    "depth10_count": null,
    "serial_number": 1,
    "rz1": 241.676661,
    "rz2": 0.0,
    "rz3": 0.0,
    "deficit": null,
    "probe_dwu": null,
    "estimated_dwu": null,
    "rain": null,
    "meter": null,
    "irrigation_litres": null,
    "irrigation_mms": null,
    "effective_rain_1": null,
    "effective_rainfall": null,
    "efflrr1": null,
    "efflrr2": null,
    "effective_irrigation": null,
    "comment": null,
    "created_date": "2020-02-20T23:06:00.803Z",
    "created_by": 1
  }
},
{
  "model": "skeleton.reading",
  "pk": 2,
  "fields": {
    "site": 15,
    "type": 1,
    "date": "2020-01-28",
    "depth1": null,
    "depth2": null,
    "depth3": null,
    "depth4": null,
    "depth5": null,
    "depth6": null,
    "depth7": null,
    "depth8": null,
    "depth9": null,
    "depth10": null,
    "depth1_count": 10540.0,
    "depth2_count": 11273.0,
    "depth3_count": 12787.0,
    "depth4_count": 13040.0,
    "depth5_count": 13216.0,
    "depth6_count": 13059.0,
    "depth7_count": 12700.0,
    "depth8_count": 13788.0,
    "depth9_count": null,
    "depth10_count": null,
    "serial_number": 1,
    "rz1": 215.674784,
    "rz2": 0.0,
    "rz3": 0.0,
    "deficit": null,
    "probe_dwu": null,
    "estimated_dwu": null,
    "rain": null,
    "meter": null,
    "irrigation_litres": null,
    "irrigation_mms": null,
    "effective_rain_1": null,
    "effective_rainfall": null,
    "efflrr1": null,
    "efflrr2": null,
    "effective_irrigation": null,
    "comment": null,
    "created_date": "2020-02-20T23:06:00.830Z",
    "created_by": 1
  }
},
{
  "model": "skeleton.reading",
  "pk": 3,
  "fields": {
    "site": 12,
    "type": 1,
    "date": "2020-01-28",
    "depth1": null,
    "depth2": null,
    "depth3": null,
    "depth4": null,
    "depth5": null,
    "depth6": null,
    "depth7": null,
    "depth8": null,
    "depth9": null,
    "depth10": null,
    "depth1_count": 14434.0,
    "depth2_count": 14697.3333333333,
    "depth3_count": 14793.3333333333,
    "depth4_count": 14397.6666666667,
    "depth5_count": 14722.6666666667,
    "depth6_count": 14584.0,
    "depth7_count": 15364.0,
    "depth8_count": 0.0,
    "depth9_count": null,
    "depth10_count": null,
    "serial_number": 1,
    "rz1": 146.554425333333,
    "rz2": 0.0,
    "rz3": 0.0,
    "deficit": null,
    "probe_dwu": null,
    "estimated_dwu": null,
    "rain": null,
    "meter": null,
    "irrigation_litres": null,
    "irrigation_mms": null,
    "effective_rain_1": null,
    "effective_rainfall": null,
    "efflrr1": null,
    "efflrr2": null,
    "effective_irrigation": null,
    "comment": null,
    "created_date": "2020-02-20T23:06:00.857Z",
    "created_by": 1
  }
},
{
  "model": "skeleton.reading",
  "pk": 4,
  "fields": {
    "site": 11,
    "type": 1,
    "date": "2020-01-28",
    "depth1": null,
    "depth2": null,
    "depth3": null,
    "depth4": null,
    "depth5": null,
    "depth6": null,
    "depth7": null,
    "depth8": null,
    "depth9": null,
    "depth10": null,
    "depth1_count": 13970.0,
    "depth2_count": 13622.0,
    "depth3_count": 13409.0,
    "depth4_count": 13707.3333333333,
    "depth5_count": 13918.6666666667,
    "depth6_count": 13609.3333333333,
    "depth7_count": 14869.3333333333,
    "depth8_count": 5124.0,
    "depth9_count": null,
    "depth10_count": null,
    "serial_number": 1,
    "rz1": 137.538636666667,
    "rz2": 0.0,
    "rz3": 0.0,
    "deficit": null,
    "probe_dwu": null,
    "estimated_dwu": null,
    "rain": null,
    "meter": null,
    "irrigation_litres": null,
    "irrigation_mms": null,
    "effective_rain_1": null,
    "effective_rainfall": null,
    "efflrr1": null,
    "efflrr2": null,
    "effective_irrigation": null,
    "comment": null,
    "created_date": "2020-02-20T23:06:00.884Z",
    "created_by": 1
  }
},
{
  "model": "skeleton.reading",
  "pk": 5,
  "fields": {
    "site": 1,
    "type": 1,
    "date": "2020-01-28",
    "depth1": null,
    "depth2": null,
    "depth3": null,
    "depth4": null,
    "depth5": null,
    "depth6": null,
    "depth7": null,
    "depth8": null,
    "depth9": null,
    "depth10": null,
    "depth1_count": 13550.0,
    "depth2_count": 13508.5,
    "depth3_count": 12774.0,
    "depth4_count": 12539.0,
    "depth5_count": 13318.0,
    "depth6_count": 14942.0,
    "depth7_count": 14622.0,
    "depth8_count": 0.0,
    "depth9_count": null,
    "depth10_count": null,
    "serial_number": 1,
    "rz1": 64.730197,
    "rz2": 0.0,
    "rz3": 0.0,
    "deficit": null,
    "probe_dwu": null,
    "estimated_dwu": null,
    "rain": null,
    "meter": 13104.0,
    "irrigation_litres": null,
    "irrigation_mms": null,
    "effective_rain_1": null,
    "effective_rainfall": null,
    "efflrr1": null,
    "efflrr2": null,
    "effective_irrigation": null,
    "comment": "",
    "created_date": "2020-02-20T23:06:00Z",
    "created_by": 1
  }
},
{
  "model": "skeleton.reading",
  "pk": 6,
  "fields": {
    "site": 7,
    "type": 1,
    "date": "2020-01-28",
    "depth1": null,
    "depth2": null,
    "depth3": null,
    "depth4": null,
    "depth5": null,
    "depth6": null,
    "depth7": null,
    "depth8": null,
    "depth9": null,
    "depth10": null,
    "depth1_count": 14445.6666666667,
    "depth2_count": 14318.6666666667,
    "depth3_count": 14415.6666666667,
    "depth4_count": 14132.6666666667,
    "depth5_count": 13750.0,
    "depth6_count": 12587.3333333333,
    "depth7_count": 13411.6666666667,
    "depth8_count": 0.0,
    "depth9_count": null,
    "depth10_count": null,
    "serial_number": 1,
    "rz1": 144.04252,
    "rz2": 0.0,
    "rz3": 0.0,
    "deficit": null,
    "probe_dwu": null,
    "estimated_dwu": null,
    "rain": null,
    "meter": null,
    "irrigation_litres": null,
    "irrigation_mms": null,
    "effective_rain_1": null,
    "effective_rainfall": null,
    "efflrr1": null,
    "efflrr2": null,
    "effective_irrigation": null,
    "comment": null,
    "created_date": "2020-02-20T23:06:00.937Z",
    "created_by": 1
  }
},
{
  "model": "skeleton.reading",
  "pk": 7,
  "fields": {
    "site": 8,
    "type": 1,
    "date": "2020-01-28",
    "depth1": null,
    "depth2": null,
    "depth3": null,
    "depth4": null,
    "depth5": null,
    "depth6": null,
    "depth7": null,
    "depth8": null,
    "depth9": null,
    "depth10": null,
    "depth1_count": 15230.3333333333,
    "depth2_count": 14990.3333333333,
    "depth3_count": 14545.6666666667,
    "depth4_count": 13322.3333333333,
    "depth5_count": 12774.0,
    "depth6_count": 14596.0,
    "depth7_count": 16028.3333333333,
    "depth8_count": 0.0,
    "depth9_count": null,
    "depth10_count": null,
    "serial_number": 1,
    "rz1": 146.048120666666,
    "rz2": 0.0,
    "rz3": 0.0,
    "deficit": null,
    "probe_dwu": null,
    "estimated_dwu": null,
    "rain": null,
    "meter": null,
    "irrigation_litres": null,
    "irrigation_mms": null,
    "effective_rain_1": null,
    "effective_rainfall": null,
    "efflrr1": null,
    "efflrr2": null,
    "effective_irrigation": null,
    "comment": null,
    "created_date": "2020-02-20T23:06:00.964Z",
    "created_by": 1
  }
},
{
  "model": "skeleton.reading",
  "pk": 8,
  "fields": {
    "site": 9,
    "type": 1,
    "date": "2020-01-28",
    "depth1": null,
    "depth2": null,
    "depth3": null,
    "depth4": null,
    "depth5": null,
    "depth6": null,
    "depth7": null,
    "depth8": null,
    "depth9": null,
    "depth10": null,
    "depth1_count": 15736.3333333333,
    "depth2_count": 15015.0,
    "depth3_count": 14518.0,
    "depth4_count": 13568.6666666667,
    "depth5_count": 13846.0,
    "depth6_count": 14524.6666666667,
    "depth7_count": 15659.3333333333,
    "depth8_count": 0.0,
    "depth9_count": null,
    "depth10_count": null,
    "serial_number": 1,
    "rz1": 147.884678666667,
    "rz2": 0.0,
    "rz3": 0.0,
    "deficit": null,
    "probe_dwu": null,
    "estimated_dwu": null,
    "rain": null,
    "meter": null,
    "irrigation_litres": null,
    "irrigation_mms": null,
    "effective_rain_1": null,
    "effective_rainfall": null,
    "efflrr1": null,
    "efflrr2": null,
    "effective_irrigation": null,
    "comment": null,
    "created_date": "2020-02-20T23:06:00.991Z",
    "created_by": 1
  }
},
{
  "model": "skeleton.reading",
  "pk": 9,
  "fields": {
    "site": 10,
    "type": 1,
    "date": "2020-01-28",
    "depth1": null,
    "depth2": null,
    "depth3": null,
    "depth4": null,
    "depth5": null,
    "depth6": null,
    "depth7": null,
    "depth8": null,
    "depth9": null,
    "depth10": null,
    "depth1_count": 17004.3333333333,
    "depth2_count": 17347.6666666667,
    "depth3_count": 16908.3333333333,
    "depth4_count": 16185.0,
    "depth5_count": 15292.6666666667,
    "depth6_count": 14709.0,
    "depth7_count": 16941.3333333333,
    "depth8_count": 0.0,
    "depth9_count": null,
    "depth10_count": null,
    "serial_number": 1,
    "rz1": 169.204740666667,
    "rz2": 0.0,
    "rz3": 0.0,
    "deficit": null,
    "probe_dwu": null,
    "estimated_dwu": null,
    "rain": null,
    "meter": null,
    "irrigation_litres": null,
    "irrigation_mms": null,
    "effective_rain_1": null,
    "effective_rainfall": null,
    "efflrr1": null,
    "efflrr2": null,
    "effective_irrigation": null,
    "comment": null,
    "created_date": "2020-02-20T23:06:01.018Z",
    "created_by": 1
  }
},
{
  "model": "skeleton.reading",
  "pk": 10,
  "fields": {
    "site": 2,
    "type": 1,
    "date": "2020-01-28",
    "depth1": null,
    "depth2": null,
    "depth3": null,
    "depth4": null,
    "depth5": null,
    "depth6": null,
    "depth7": null,
    "depth8": null,
    "depth9": null,
    "depth10": null,
    "depth1_count": 15750.0,
    "depth2_count": 15616.6666666667,
    "depth3_count": 15060.0,
    "depth4_count": 15186.0,
    "depth5_count": 15363.6666666667,
    "depth6_count": 16075.3333333333,
    "depth7_count": 17443.0,
    "depth8_count": 0.0,
    "depth9_count": null,
    "depth10_count": null,
    "serial_number": 1,
    "rz1": 154.673502666667,
    "rz2": 0.0,
    "rz3": 0.0,
    "deficit": null,
    "probe_dwu": null,
    "estimated_dwu": null,
    "rain": null,
    "meter": null,
    "irrigation_litres": null,
    "irrigation_mms": null,
    "effective_rain_1": null,
    "effective_rainfall": null,
    "efflrr1": null,
    "efflrr2": null,
    "effective_irrigation": null,
    "comment": null,
    "created_date": "2020-02-20T23:06:01.046Z",
    "created_by": 1
  }
},
{
  "model": "skeleton.reading",
  "pk": 11,
  "fields": {
    "site": 3,
    "type": 1,
    "date": "2020-01-28",
    "depth1": null,
    "depth2": null,
    "depth3": null,
    "depth4": null,
    "depth5": null,
    "depth6": null,
    "depth7": null,
    "depth8": null,
    "depth9": null,
    "depth10": null,
    "depth1_count": 13104.6666666667,
    "depth2_count": 13212.3333333333,
    "depth3_count": 12543.6666666667,
    "depth4_count": 11942.0,
    "depth5_count": 12280.0,
    "depth6_count": 12799.6666666667,
    "depth7_count": 13584.6666666667,
    "depth8_count": 15145.3333333333,
    "depth9_count": null,
    "depth10_count": null,
    "serial_number": 1,
    "rz1": 127.930825333333,
    "rz2": 0.0,
    "rz3": 0.0,
    "deficit": null,
    "probe_dwu": null,
    "estimated_dwu": null,
    "rain": null,
    "meter": null,
    "irrigation_litres": null,
    "irrigation_mms": null,
    "effective_rain_1": null,
    "effective_rainfall": null,
    "efflrr1": null,
    "efflrr2": null,
    "effective_irrigation": null,
    "comment": null,
    "created_date": "2020-02-20T23:06:01.074Z",
    "created_by": 1
  }
},
{
  "model": "skeleton.reading",
  "pk": 12,
  "fields": {
    "site": 5,
    "type": 1,
    "date": "2020-01-28",
    "depth1": null,
    "depth2": null,
    "depth3": null,
    "depth4": null,
    "depth5": null,
    "depth6": null,
    "depth7": null,
    "depth8": null,
    "depth9": null,
    "depth10": null,
    "depth1_count": 14282.3333333333,
    "depth2_count": 14316.3333333333,
    "depth3_count": 14113.0,
    "depth4_count": 14214.0,
    "depth5_count": 14366.3333333333,
    "depth6_count": 14720.6666666667,
    "depth7_count": 14047.3333333333,
    "depth8_count": 0.0,
    "depth9_count": null,
    "depth10_count": null,
    "serial_number": 1,
    "rz1": 143.051988666666,
    "rz2": 0.0,
    "rz3": 0.0,
    "deficit": null,
    "probe_dwu": null,
    "estimated_dwu": null,
    "rain": null,
    "meter": null,
    "irrigation_litres": null,
    "irrigation_mms": null,
    "effective_rain_1": null,
    "effective_rainfall": null,
    "efflrr1": null,
    "efflrr2": null,
    "effective_irrigation": null,
    "comment": null,
    "created_date": "2020-02-20T23:06:01.101Z",
    "created_by": 1
  }
},
{
  "model": "skeleton.reading",
  "pk": 13,
  "fields": {
    "site": 6,
    "type": 1,
    "date": "2020-01-28",
    "depth1": null,
    "depth2": null,
    "depth3": null,
    "depth4": null,
    "depth5": null,
    "depth6": null,
    "depth7": null,
    "depth8": null,
    "depth9": null,
    "depth10": null,
    "depth1_count": 13975.0,
    "depth2_count": 15052.6666666667,
    "depth3_count": 15185.6666666667,
    "depth4_count": 15506.6666666667,
    "depth5_count": 15468.6666666667,
    "depth6_count": 15816.0,
    "depth7_count": 16426.0,
    "depth8_count": 0.0,
    "depth9_count": null,
    "depth10_count": null,
    "serial_number": 1,
    "rz1": 149.957877333333,
    "rz2": 0.0,
    "rz3": 0.0,
    "deficit": null,
    "probe_dwu": null,
    "estimated_dwu": null,
    "rain": null,
    "meter": null,
    "irrigation_litres": null,
    "irrigation_mms": null,
    "effective_rain_1": null,
    "effective_rainfall": null,
    "efflrr1": null,
    "efflrr2": null,
    "effective_irrigation": null,
    "comment": null,
    "created_date": "2020-02-20T23:06:01.130Z",
    "created_by": 1
  }
},
{
  "model": "skeleton.reading",
  "pk": 14,
  "fields": {
    "site": 4,
    "type": 1,
    "date": "2020-01-28",
    "depth1": null,
    "depth2": null,
    "depth3": null,
    "depth4": null,
    "depth5": null,
    "depth6": null,
    "depth7": null,
    "depth8": null,
    "depth9": null,
    "depth10": null,
    "depth1_count": 15972.0,
    "depth2_count": 14955.6666666667,
    "depth3_count": 14749.3333333333,
    "depth4_count": 15043.6666666667,
    "depth5_count": 15111.0,
    "depth6_count": 15334.0,
    "depth7_count": 15698.6666666667,
    "depth8_count": 0.0,
    "depth9_count": null,
    "depth10_count": null,
    "serial_number": 1,
    "rz1": 152.448188666667,
    "rz2": 0.0,
    "rz3": 0.0,
    "deficit": null,
    "probe_dwu": null,
    "estimated_dwu": null,
    "rain": null,
    "meter": null,
    "irrigation_litres": null,
    "irrigation_mms": null,
    "effective_rain_1": null,
    "effective_rainfall": null,
    "efflrr1": null,
    "efflrr2": null,
    "effective_irrigation": null,
    "comment": null,
    "created_date": "2020-02-20T23:06:01.159Z",
    "created_by": 1
  }
},
{
  "model": "skeleton.reading",
  "pk": 15,
  "fields": {
    "site": 13,
    "type": 1,
    "date": "2020-01-28",
    "depth1": null,
    "depth2": null,
    "depth3": null,
    "depth4": null,
    "depth5": null,
    "depth6": null,
    "depth7": null,
    "depth8": null,
    "depth9": null,
    "depth10": null,
    "depth1_count": 5285.0,
    "depth2_count": 8557.33333333333,
    "depth3_count": 9768.33333333333,
    "depth4_count": 11547.3333333333,
    "depth5_count": 11053.3333333333,
    "depth6_count": 10324.0,
    "depth7_count": 12209.6666666667,
    "depth8_count": 12555.3333333333,
    "depth9_count": null,
    "depth10_count": null,
    "serial_number": 1,
    "rz1": 88.9237786666666,
    "rz2": 0.0,
    "rz3": 0.0,
    "deficit": null,
    "probe_dwu": null,
    "estimated_dwu": null,
    "rain": null,
    "meter": null,
    "irrigation_litres": null,
    "irrigation_mms": null,
    "effective_rain_1": null,
    "effective_rainfall": null,
    "efflrr1": null,
    "efflrr2": null,
    "effective_irrigation": null,
    "comment": null,
    "created_date": "2020-02-20T23:06:01.188Z",
    "created_by": 1
  }
},
{
  "model": "skeleton.reading",
  "pk": 16,
  "fields": {
    "site": 13,
    "type": 1,
    "date": "2020-02-25",
    "depth1": null,
    "depth2": null,
    "depth3": null,
    "depth4": null,
    "depth5": null,
    "depth6": null,
    "depth7": null,
    "depth8": null,
    "depth9": null,
    "depth10": null,
    "depth1_count": 8607.66666666667,
    "depth2_count": 9180.33333333333,
    "depth3_count": 10135.3333333333,
    "depth4_count": 10880.0,
    "depth5_count": 10868.0,
    "depth6_count": 10099.0,
    "depth7_count": 11394.0,
    "depth8_count": 12199.0,
    "depth9_count": null,
    "depth10_count": null,
    "serial_number": 1,
    "rz1": 98.0567786666666,
    "rz2": 0.0,
    "rz3": 0.0,
    "deficit": null,
    "probe_dwu": null,
    "estimated_dwu": null,
    "rain": 4.1,
    "meter": null,
    "irrigation_litres": null,
    "irrigation_mms": null,
    "effective_rain_1": null,
    "effective_rainfall": null,
    "efflrr1": null,
    "efflrr2": null,
    "effective_irrigation": null,
    "comment": null,
    "created_date": "2020-02-26T18:48:20.521Z",
    "created_by": 1
  }
},
{
  "model": "skeleton.reading",
  "pk": 17,
  "fields": {
    "site": 14,
    "type": 1,
    "date": "2020-02-25",
    "depth1": null,
    "depth2": null,
    "depth3": null,
    "depth4": null,
    "depth5": null,
    "depth6": null,
    "depth7": null,
    "depth8": null,
    "depth9": null,
    "depth10": null,
    "depth1_count": 12956.0,
    "depth2_count": 12608.0,
    "depth3_count": 11984.0,
    "depth4_count": 11811.0,
    "depth5_count": 11299.0,
    "depth6_count": 11040.0,
    "depth7_count": 10755.0,
    "depth8_count": 10332.0,
    "depth9_count": null,
    "depth10_count": null,
    "serial_number": 1,
    "rz1": null,
    "rz2": null,
    "rz3": null,
    "deficit": null,
    "probe_dwu": null,
    "estimated_dwu": null,
    "rain": null,
    "meter": null,
    "irrigation_litres": null,
    "irrigation_mms": null,
    "effective_rain_1": null,
    "effective_rainfall": null,
    "efflrr1": null,
    "efflrr2": null,
    "effective_irrigation": null,
    "comment": null,
    "created_date": "2020-02-26T18:48:20.566Z",
    "created_by": 1
  }
},
{
  "model": "skeleton.reading",
  "pk": 18,
  "fields": {
    "site": 15,
    "type": 1,
    "date": "2020-02-25",
    "depth1": null,
    "depth2": null,
    "depth3": null,
    "depth4": null,
    "depth5": null,
    "depth6": null,
    "depth7": null,
    "depth8": null,
    "depth9": null,
    "depth10": null,
    "depth1_count": 11756.0,
    "depth2_count": 12950.0,
    "depth3_count": 13670.0,
    "depth4_count": 13996.0,
    "depth5_count": 14022.0,
    "depth6_count": 13497.0,
    "depth7_count": 13340.0,
    "depth8_count": 14374.0,
    "depth9_count": null,
    "depth10_count": null,
    "serial_number": 1,
    "rz1": 231.566694,
    "rz2": 0.0,
    "rz3": 0.0,
    "deficit": null,
    "probe_dwu": null,
    "estimated_dwu": null,
    "rain": null,
    "meter": null,
    "irrigation_litres": null,
    "irrigation_mms": null,
    "effective_rain_1": null,
    "effective_rainfall": null,
    "efflrr1": null,
    "efflrr2": null,
    "effective_irrigation": null,
    "comment": null,
    "created_date": "2020-02-26T18:48:20.590Z",
    "created_by": 1
  }
},
{
  "model": "skeleton.reading",
  "pk": 19,
  "fields": {
    "site": 12,
    "type": 1,
    "date": "2020-02-25",
    "depth1": null,
    "depth2": null,
    "depth3": null,
    "depth4": null,
    "depth5": null,
    "depth6": null,
    "depth7": null,
    "depth8": null,
    "depth9": null,
    "depth10": null,
    "depth1_count": 12682.6666666667,
    "depth2_count": 13157.0,
    "depth3_count": 13773.6666666667,
    "depth4_count": 13669.0,
    "depth5_count": 13952.6666666667,
    "depth6_count": 14852.6666666667,
    "depth7_count": 15138.6666666667,
    "depth8_count": 0.0,
    "depth9_count": null,
    "depth10_count": null,
    "serial_number": 1,
    "rz1": 134.030316,
    "rz2": 0.0,
    "rz3": 0.0,
    "deficit": null,
    "probe_dwu": null,
    "estimated_dwu": null,
    "rain": null,
    "meter": null,
    "irrigation_litres": null,
    "irrigation_mms": null,
    "effective_rain_1": null,
    "effective_rainfall": null,
    "efflrr1": null,
    "efflrr2": null,
    "effective_irrigation": null,
    "comment": null,
    "created_date": "2020-02-26T18:48:20.617Z",
    "created_by": 1
  }
},
{
  "model": "skeleton.reading",
  "pk": 20,
  "fields": {
    "site": 11,
    "type": 1,
    "date": "2020-02-25",
    "depth1": null,
    "depth2": null,
    "depth3": null,
    "depth4": null,
    "depth5": null,
    "depth6": null,
    "depth7": null,
    "depth8": null,
    "depth9": null,
    "depth10": null,
    "depth1_count": 11383.0,
    "depth2_count": 11991.0,
    "depth3_count": 12042.3333333333,
    "depth4_count": 12650.3333333333,
    "depth5_count": 12974.6666666667,
    "depth6_count": 13244.3333333333,
    "depth7_count": 14673.6666666667,
    "depth8_count": 5031.33333333333,
    "depth9_count": null,
    "depth10_count": null,
    "serial_number": 1,
    "rz1": 121.041055333333,
    "rz2": 0.0,
    "rz3": 0.0,
    "deficit": null,
    "probe_dwu": null,
    "estimated_dwu": null,
    "rain": null,
    "meter": null,
    "irrigation_litres": null,
    "irrigation_mms": null,
    "effective_rain_1": null,
    "effective_rainfall": null,
    "efflrr1": null,
    "efflrr2": null,
    "effective_irrigation": null,
    "comment": null,
    "created_date": "2020-02-26T18:48:20.667Z",
    "created_by": 1
  }
},
{
  "model": "skeleton.reading",
  "pk": 21,
  "fields": {
    "site": 1,
    "type": 1,
    "date": "2020-02-25",
    "depth1": null,
    "depth2": null,
    "depth3": null,
    "depth4": null,
    "depth5": null,
    "depth6": null,
    "depth7": null,
    "depth8": null,
    "depth9": null,
    "depth10": null,
    "depth1_count": 12111.5,
    "depth2_count": 13044.5,
    "depth3_count": 12723.0,
    "depth4_count": 12537.0,
    "depth5_count": 12882.5,
    "depth6_count": 14567.5,
    "depth7_count": 14308.0,
    "depth8_count": 0.0,
    "depth9_count": null,
    "depth10_count": null,
    "serial_number": 1,
    "rz1": 60.008192,
    "rz2": 0.0,
    "rz3": 0.0,
    "deficit": null,
    "probe_dwu": null,
    "estimated_dwu": null,
    "rain": null,
    "meter": 13187.0,
    "irrigation_litres": 8.3,
    "irrigation_mms": 1.84,
    "effective_rain_1": null,
    "effective_rainfall": null,
    "efflrr1": null,
    "efflrr2": null,
    "effective_irrigation": null,
    "comment": "",
    "created_date": "2020-02-26T18:48:20Z",
    "created_by": 1
  }
},
{
  "model": "skeleton.reading",
  "pk": 22,
  "fields": {
    "site": 7,
    "type": 1,
    "date": "2020-02-25",
    "depth1": null,
    "depth2": null,
    "depth3": null,
    "depth4": null,
    "depth5": null,
    "depth6": null,
    "depth7": null,
    "depth8": null,
    "depth9": null,
    "depth10": null,
    "depth1_count": 13450.3333333333,
    "depth2_count": 13431.0,
    "depth3_count": 14021.0,
    "depth4_count": 13790.6666666667,
    "depth5_count": 13501.6666666667,
    "depth6_count": 12271.3333333333,
    "depth7_count": 13681.6666666667,
    "depth8_count": 0.0,
    "depth9_count": null,
    "depth10_count": null,
    "serial_number": 1,
    "rz1": 137.539924666667,
    "rz2": 0.0,
    "rz3": 0.0,
    "deficit": null,
    "probe_dwu": null,
    "estimated_dwu": null,
    "rain": null,
    "meter": null,
    "irrigation_litres": null,
    "irrigation_mms": null,
    "effective_rain_1": null,
    "effective_rainfall": null,
    "efflrr1": null,
    "efflrr2": null,
    "effective_irrigation": null,
    "comment": null,
    "created_date": "2020-02-26T18:48:20.769Z",
    "created_by": 1
  }
},
{
  "model": "skeleton.reading",
  "pk": 23,
  "fields": {
    "site": 8,
    "type": 1,
    "date": "2020-02-25",
    "depth1": null,
    "depth2": null,
    "depth3": null,
    "depth4": null,
    "depth5": null,
    "depth6": null,
    "depth7": null,
    "depth8": null,
    "depth9": null,
    "depth10": null,
    "depth1_count": 14624.6666666667,
    "depth2_count": 14522.3333333333,
    "depth3_count": 14015.6666666667,
    "depth4_count": 13130.0,
    "depth5_count": 12319.6666666667,
    "depth6_count": 14504.3333333333,
    "depth7_count": 16113.6666666667,
    "depth8_count": 0.0,
    "depth9_count": null,
    "depth10_count": null,
    "serial_number": 1,
    "rz1": 141.566709333333,
    "rz2": 0.0,
    "rz3": 0.0,
    "deficit": null,
    "probe_dwu": null,
    "estimated_dwu": null,
    "rain": null,
    "meter": null,
    "irrigation_litres": null,
    "irrigation_mms": null,
    "effective_rain_1": null,
    "effective_rainfall": null,
    "efflrr1": null,
    "efflrr2": null,
    "effective_irrigation": null,
    "comment": null,
    "created_date": "2020-02-26T18:48:20.813Z",
    "created_by": 1
  }
},
{
  "model": "skeleton.reading",
  "pk": 24,
  "fields": {
    "site": 9,
    "type": 1,
    "date": "2020-02-25",
    "depth1": null,
    "depth2": null,
    "depth3": null,
    "depth4": null,
    "depth5": null,
    "depth6": null,
    "depth7": null,
    "depth8": null,
    "depth9": null,
    "depth10": null,
    "depth1_count": 15829.0,
    "depth2_count": 14908.3333333333,
    "depth3_count": 14322.0,
    "depth4_count": 13680.6666666667,
    "depth5_count": 13539.0,
    "depth6_count": 14576.6666666667,
    "depth7_count": 15494.3333333333,
    "depth8_count": 0.0,
    "depth9_count": null,
    "depth10_count": null,
    "serial_number": 1,
    "rz1": 147.616914666667,
    "rz2": 0.0,
    "rz3": 0.0,
    "deficit": null,
    "probe_dwu": null,
    "estimated_dwu": null,
    "rain": null,
    "meter": null,
    "irrigation_litres": null,
    "irrigation_mms": null,
    "effective_rain_1": null,
    "effective_rainfall": null,
    "efflrr1": null,
    "efflrr2": null,
    "effective_irrigation": null,
    "comment": null,
    "created_date": "2020-02-26T18:48:20.855Z",
    "created_by": 1
  }
},
{
  "model": "skeleton.reading",
  "pk": 25,
  "fields": {
    "site": 10,
    "type": 1,
    "date": "2020-02-25",
    "depth1": null,
    "depth2": null,
    "depth3": null,
    "depth4": null,
    "depth5": null,
    "depth6": null,
    "depth7": null,
    "depth8": null,
    "depth9": null,
    "depth10": null,
    "depth1_count": 16303.3333333333,
    "depth2_count": 16800.6666666667,
    "depth3_count": 16708.0,
    "depth4_count": 15876.0,
    "depth5_count": 14941.6666666667,
    "depth6_count": 13924.0,
    "depth7_count": 16735.6666666667,
    "depth8_count": 0.0,
    "depth9_count": null,
    "depth10_count": null,
    "serial_number": 1,
    "rz1": 164.854388,
    "rz2": 0.0,
    "rz3": 0.0,
    "deficit": null,
    "probe_dwu": null,
    "estimated_dwu": null,
    "rain": null,
    "meter": null,
    "irrigation_litres": null,
    "irrigation_mms": null,
    "effective_rain_1": null,
    "effective_rainfall": null,
    "efflrr1": null,
    "efflrr2": null,
    "effective_irrigation": null,
    "comment": null,
    "created_date": "2020-02-26T18:48:20.903Z",
    "created_by": 1
  }
},
{
  "model": "skeleton.reading",
  "pk": 26,
  "fields": {
    "site": 2,
    "type": 1,
    "date": "2020-02-25",
    "depth1": null,
    "depth2": null,
    "depth3": null,
    "depth4": null,
    "depth5": null,
    "depth6": null,
    "depth7": null,
    "depth8": null,
    "depth9": null,
    "depth10": null,
    "depth1_count": 15345.3333333333,
    "depth2_count": 14931.0,
    "depth3_count": 15101.3333333333,
    "depth4_count": 15185.6666666667,
    "depth5_count": 15056.6666666667,
    "depth6_count": 15802.0,
    "depth7_count": 17806.6666666667,
    "depth8_count": 0.0,
    "depth9_count": null,
    "depth10_count": null,
    "serial_number": 1,
    "rz1": 152.072227333333,
    "rz2": 0.0,
    "rz3": 0.0,
    "deficit": null,
    "probe_dwu": null,
    "estimated_dwu": null,
    "rain": null,
    "meter": null,
    "irrigation_litres": null,
    "irrigation_mms": null,
    "effective_rain_1": null,
    "effective_rainfall": null,
    "efflrr1": null,
    "efflrr2": null,
    "effective_irrigation": null,
    "comment": null,
    "created_date": "2020-02-26T18:48:20.930Z",
    "created_by": 1
  }
},
{
  "model": "skeleton.reading",
  "pk": 27,
  "fields": {
    "site": 3,
    "type": 1,
    "date": "2020-02-25",
    "depth1": null,
    "depth2": null,
    "depth3": null,
    "depth4": null,
    "depth5": null,
    "depth6": null,
    "depth7": null,
    "depth8": null,
    "depth9": null,
    "depth10": null,
    "depth1_count": 11915.3333333333,
    "depth2_count": 12335.6666666667,
    "depth3_count": 11696.3333333333,
    "depth4_count": 11397.6666666667,
    "depth5_count": 11441.6666666667,
    "depth6_count": 12718.3333333333,
    "depth7_count": 13408.6666666667,
    "depth8_count": 14921.3333333333,
    "depth9_count": null,
    "depth10_count": null,
    "serial_number": 1,
    "rz1": 119.331312,
    "rz2": 0.0,
    "rz3": 0.0,
    "deficit": null,
    "probe_dwu": null,
    "estimated_dwu": null,
    "rain": null,
    "meter": null,
    "irrigation_litres": null,
    "irrigation_mms": null,
    "effective_rain_1": null,
    "effective_rainfall": null,
    "efflrr1": null,
    "efflrr2": null,
    "effective_irrigation": null,
    "comment": null,
    "created_date": "2020-02-26T18:48:20.954Z",
    "created_by": 1
  }
},
{
  "model": "skeleton.reading",
  "pk": 28,
  "fields": {
    "site": 5,
    "type": 1,
    "date": "2020-02-25",
    "depth1": null,
    "depth2": null,
    "depth3": null,
    "depth4": null,
    "depth5": null,
    "depth6": null,
    "depth7": null,
    "depth8": null,
    "depth9": null,
    "depth10": null,
    "depth1_count": 12542.3333333333,
    "depth2_count": 12662.0,
    "depth3_count": 13266.6666666667,
    "depth4_count": 13701.0,
    "depth5_count": 14320.3333333333,
    "depth6_count": 14664.0,
    "depth7_count": 9081.33333333333,
    "depth8_count": 0.0,
    "depth9_count": null,
    "depth10_count": null,
    "serial_number": 1,
    "rz1": 131.233184666667,
    "rz2": 0.0,
    "rz3": 0.0,
    "deficit": null,
    "probe_dwu": null,
    "estimated_dwu": null,
    "rain": null,
    "meter": null,
    "irrigation_litres": null,
    "irrigation_mms": null,
    "effective_rain_1": null,
    "effective_rainfall": null,
    "efflrr1": null,
    "efflrr2": null,
    "effective_irrigation": null,
    "comment": null,
    "created_date": "2020-02-26T18:48:20.979Z",
    "created_by": 1
  }
},
{
  "model": "skeleton.reading",
  "pk": 29,
  "fields": {
    "site": 6,
    "type": 1,
    "date": "2020-02-25",
    "depth1": null,
    "depth2": null,
    "depth3": null,
    "depth4": null,
    "depth5": null,
    "depth6": null,
    "depth7": null,
    "depth8": null,
    "depth9": null,
    "depth10": null,
    "depth1_count": 13076.0,
    "depth2_count": 14207.6666666667,
    "depth3_count": 14087.0,
    "depth4_count": 14503.0,
    "depth5_count": 15162.0,
    "depth6_count": 15538.6666666667,
    "depth7_count": 16702.6666666667,
    "depth8_count": 5961.33333333333,
    "depth9_count": null,
    "depth10_count": null,
    "serial_number": 1,
    "rz1": 140.414094666667,
    "rz2": 0.0,
    "rz3": 0.0,
    "deficit": null,
    "probe_dwu": null,
    "estimated_dwu": null,
    "rain": null,
    "meter": null,
    "irrigation_litres": null,
    "irrigation_mms": null,
    "effective_rain_1": null,
    "effective_rainfall": null,
    "efflrr1": null,
    "efflrr2": null,
    "effective_irrigation": null,
    "comment": null,
    "created_date": "2020-02-26T18:48:21.004Z",
    "created_by": 1
  }
},
{
  "model": "skeleton.reading",
  "pk": 30,
  "fields": {
    "site": 4,
    "type": 1,
    "date": "2020-02-25",
    "depth1": null,
    "depth2": null,
    "depth3": null,
    "depth4": null,
    "depth5": null,
    "depth6": null,
    "depth7": null,
    "depth8": null,
    "depth9": null,
    "depth10": null,
    "depth1_count": 10633.3333333333,
    "depth2_count": 15474.6666666667,
    "depth3_count": 15234.6666666667,
    "depth4_count": 15150.6666666667,
    "depth5_count": 15051.3333333333,
    "depth6_count": 15404.3333333333,
    "depth7_count": 15725.3333333333,
    "depth8_count": 5220.0,
    "depth9_count": null,
    "depth10_count": null,
    "serial_number": 1,
    "rz1": 141.983630666667,
    "rz2": 0.0,
    "rz3": 0.0,
    "deficit": null,
    "probe_dwu": null,
    "estimated_dwu": null,
    "rain": null,
    "meter": null,
    "irrigation_litres": null,
    "irrigation_mms": null,
    "effective_rain_1": null,
    "effective_rainfall": null,
    "efflrr1": null,
    "efflrr2": null,
    "effective_irrigation": null,
    "comment": null,
    "created_date": "2020-02-26T18:48:21.028Z",
    "created_by": 1
  }
},
{
  "model": "skeleton.reading",
  "pk": 31,
  "fields": {
    "site": 13,
    "type": 3,
    "date": "2020-03-02",
    "depth1": 27.9,
    "depth2": 26.4,
    "depth3": 29.0,
    "depth4": 33.6,
    "depth5": 35.6,
    "depth6": 35.4,
    "depth7": 37.4,
    "depth8": 37.4,
    "depth9": null,
    "depth10": null,
    "depth1_count": null,
    "depth2_count": null,
    "depth3_count": null,
    "depth4_count": null,
    "depth5_count": null,
    "depth6_count": null,
    "depth7_count": null,
    "depth8_count": null,
    "depth9_count": null,
    "depth10_count": null,
    "serial_number": 11,
    "rz1": 116.9,
    "rz2": 0.0,
    "rz3": 0.0,
    "deficit": null,
    "probe_dwu": null,
    "estimated_dwu": null,
    "rain": null,
    "meter": null,
    "irrigation_litres": null,
    "irrigation_mms": null,
    "effective_rain_1": null,
    "effective_rainfall": null,
    "efflrr1": null,
    "efflrr2": null,
    "effective_irrigation": null,
    "comment": "",
    "created_date": "2020-03-01T21:44:55Z",
    "created_by": 1
  }
},
{
  "model": "skeleton.reading",
  "pk": 32,
  "fields": {
    "site": 13,
    "type": 2,
    "date": "2020-03-01",
    "depth1": 17.0,
    "depth2": 17.4,
    "depth3": 22.8,
    "depth4": 27.0,
    "depth5": 28.8,
    "depth6": 28.3,
    "depth7": 30.9,
    "depth8": 31.8,
    "depth9": null,
    "depth10": null,
    "depth1_count": null,
    "depth2_count": null,
    "depth3_count": null,
    "depth4_count": null,
    "depth5_count": null,
    "depth6_count": null,
    "depth7_count": null,
    "depth8_count": null,
    "depth9_count": null,
    "depth10_count": null,
    "serial_number": 11,
    "rz1": 84.2,
    "rz2": 0.0,
    "rz3": 0.0,
    "deficit": null,
    "probe_dwu": null,
    "estimated_dwu": null,
    "rain": null,
    "meter": null,
    "irrigation_litres": null,
    "irrigation_mms": null,
    "effective_rain_1": null,
    "effective_rainfall": null,
    "efflrr1": null,
    "efflrr2": null,
    "effective_irrigation": null,
    "comment": "",
    "created_date": "2020-03-01T21:47:07Z",
    "created_by": 1
  }
},
{
  "model": "skeleton.reading",
  "pk": 33,
  "fields": {
    "site": 13,
    "type": 1,
    "date": "2020-03-03",
    "depth1": null,
    "depth2": null,
    "depth3": null,
    "depth4": null,
    "depth5": null,
    "depth6": null,
    "depth7": null,
    "depth8": null,
    "depth9": null,
    "depth10": null,
    "depth1_count": 7969.66666666667,
    "depth2_count": 8545.0,
    "depth3_count": 9710.66666666667,
    "depth4_count": 10759.0,
    "depth5_count": 10697.0,
    "depth6_count": 9746.66666666667,
    "depth7_count": 11309.3333333333,
    "depth8_count": 12132.0,
    "depth9_count": null,
    "depth10_count": null,
    "serial_number": 1,
    "rz1": 93.520152,
    "rz2": 0.0,
    "rz3": 0.0,
    "deficit": null,
    "probe_dwu": null,
    "estimated_dwu": null,
    "rain": null,
    "meter": null,
    "irrigation_litres": null,
    "irrigation_mms": null,
    "effective_rain_1": null,
    "effective_rainfall": null,
    "efflrr1": null,
    "efflrr2": null,
    "effective_irrigation": null,
    "comment": null,
    "created_date": "2020-03-03T00:59:50.395Z",
    "created_by": 1
  }
},
{
  "model": "skeleton.reading",
  "pk": 34,
  "fields": {
    "site": 12,
    "type": 1,
    "date": "2020-03-03",
    "depth1": null,
    "depth2": null,
    "depth3": null,
    "depth4": null,
    "depth5": null,
    "depth6": null,
    "depth7": null,
    "depth8": null,
    "depth9": null,
    "depth10": null,
    "depth1_count": 12050.0,
    "depth2_count": 12430.6666666667,
    "depth3_count": 12896.6666666667,
    "depth4_count": 13375.6666666667,
    "depth5_count": 13268.0,
    "depth6_count": 14652.3333333333,
    "depth7_count": 15040.6666666667,
    "depth8_count": 0.0,
    "depth9_count": null,
    "depth10_count": null,
    "serial_number": 1,
    "rz1": 127.711085333334,
    "rz2": 0.0,
    "rz3": 0.0,
    "deficit": null,
    "probe_dwu": null,
    "estimated_dwu": null,
    "rain": null,
    "meter": null,
    "irrigation_litres": null,
    "irrigation_mms": null,
    "effective_rain_1": null,
    "effective_rainfall": null,
    "efflrr1": null,
    "efflrr2": null,
    "effective_irrigation": null,
    "comment": null,
    "created_date": "2020-03-03T00:59:50.420Z",
    "created_by": 1
  }
},
{
  "model": "skeleton.reading",
  "pk": 35,
  "fields": {
    "site": 11,
    "type": 1,
    "date": "2020-03-03",
    "depth1": null,
    "depth2": null,
    "depth3": null,
    "depth4": null,
    "depth5": null,
    "depth6": null,
    "depth7": null,
    "depth8": null,
    "depth9": null,
    "depth10": null,
    "depth1_count": 12136.0,
    "depth2_count": 12214.0,
    "depth3_count": 12399.6666666667,
    "depth4_count": 12674.6666666667,
    "depth5_count": 12832.6666666667,
    "depth6_count": 12943.6666666667,
    "depth7_count": 14182.0,
    "depth8_count": 0.0,
    "depth9_count": null,
    "depth10_count": null,
    "serial_number": 1,
    "rz1": 124.435848666667,
    "rz2": 0.0,
    "rz3": 0.0,
    "deficit": null,
    "probe_dwu": null,
    "estimated_dwu": null,
    "rain": null,
    "meter": null,
    "irrigation_litres": null,
    "irrigation_mms": null,
    "effective_rain_1": null,
    "effective_rainfall": null,
    "efflrr1": null,
    "efflrr2": null,
    "effective_irrigation": null,
    "comment": null,
    "created_date": "2020-03-03T00:59:50.465Z",
    "created_by": 1
  }
},
{
  "model": "skeleton.reading",
  "pk": 36,
  "fields": {
    "site": 1,
    "type": 1,
    "date": "2020-03-03",
    "depth1": null,
    "depth2": null,
    "depth3": null,
    "depth4": null,
    "depth5": null,
    "depth6": null,
    "depth7": null,
    "depth8": null,
    "depth9": null,
    "depth10": null,
    "depth1_count": 13036.5,
    "depth2_count": 13321.0,
    "depth3_count": 12682.5,
    "depth4_count": 12681.5,
    "depth5_count": 13108.5,
    "depth6_count": 14398.0,
    "depth7_count": 6822.0,
    "depth8_count": 0.0,
    "depth9_count": null,
    "depth10_count": null,
    "serial_number": 1,
    "rz1": 62.990315,
    "rz2": 0.0,
    "rz3": 0.0,
    "deficit": null,
    "probe_dwu": null,
    "estimated_dwu": null,
    "rain": null,
    "meter": null,
    "irrigation_litres": null,
    "irrigation_mms": null,
    "effective_rain_1": null,
    "effective_rainfall": null,
    "efflrr1": null,
    "efflrr2": null,
    "effective_irrigation": null,
    "comment": null,
    "created_date": "2020-03-03T00:59:50.509Z",
    "created_by": 1
  }
},
{
  "model": "skeleton.reading",
  "pk": 37,
  "fields": {
    "site": 7,
    "type": 1,
    "date": "2020-03-03",
    "depth1": null,
    "depth2": null,
    "depth3": null,
    "depth4": null,
    "depth5": null,
    "depth6": null,
    "depth7": null,
    "depth8": null,
    "depth9": null,
    "depth10": null,
    "depth1_count": 13201.6666666667,
    "depth2_count": 13342.6666666667,
    "depth3_count": 13412.0,
    "depth4_count": 13796.0,
    "depth5_count": 13391.6666666667,
    "depth6_count": 12234.3333333333,
    "depth7_count": 13100.6666666667,
    "depth8_count": 0.0,
    "depth9_count": null,
    "depth10_count": null,
    "serial_number": 1,
    "rz1": 135.158447333333,
    "rz2": 0.0,
    "rz3": 0.0,
    "deficit": null,
    "probe_dwu": null,
    "estimated_dwu": null,
    "rain": null,
    "meter": null,
    "irrigation_litres": null,
    "irrigation_mms": null,
    "effective_rain_1": null,
    "effective_rainfall": null,
    "efflrr1": null,
    "efflrr2": null,
    "effective_irrigation": null,
    "comment": null,
    "created_date": "2020-03-03T00:59:50.553Z",
    "created_by": 1
  }
},
{
  "model": "skeleton.reading",
  "pk": 38,
  "fields": {
    "site": 8,
    "type": 1,
    "date": "2020-03-03",
    "depth1": null,
    "depth2": null,
    "depth3": null,
    "depth4": null,
    "depth5": null,
    "depth6": null,
    "depth7": null,
    "depth8": null,
    "depth9": null,
    "depth10": null,
    "depth1_count": 14669.3333333333,
    "depth2_count": 14480.3333333333,
    "depth3_count": 13952.6666666667,
    "depth4_count": 13233.6666666667,
    "depth5_count": 12226.6666666667,
    "depth6_count": 14351.6666666667,
    "depth7_count": 16083.0,
    "depth8_count": 0.0,
    "depth9_count": null,
    "depth10_count": null,
    "serial_number": 1,
    "rz1": 141.660559333333,
    "rz2": 0.0,
    "rz3": 0.0,
    "deficit": null,
    "probe_dwu": null,
    "estimated_dwu": null,
    "rain": null,
    "meter": null,
    "irrigation_litres": null,
    "irrigation_mms": null,
    "effective_rain_1": null,
    "effective_rainfall": null,
    "efflrr1": null,
    "efflrr2": null,
    "effective_irrigation": null,
    "comment": null,
    "created_date": "2020-03-03T00:59:50.601Z",
    "created_by": 1
  }
},
{
  "model": "skeleton.reading",
  "pk": 39,
  "fields": {
    "site": 9,
    "type": 1,
    "date": "2020-03-03",
    "depth1": null,
    "depth2": null,
    "depth3": null,
    "depth4": null,
    "depth5": null,
    "depth6": null,
    "depth7": null,
    "depth8": null,
    "depth9": null,
    "depth10": null,
    "depth1_count": 15645.6666666667,
    "depth2_count": 14746.3333333333,
    "depth3_count": 14329.3333333333,
    "depth4_count": 13646.3333333333,
    "depth5_count": 13518.3333333333,
    "depth6_count": 14605.6666666667,
    "depth7_count": 15593.3333333333,
    "depth8_count": 0.0,
    "depth9_count": null,
    "depth10_count": null,
    "serial_number": 1,
    "rz1": 146.696293333333,
    "rz2": 0.0,
    "rz3": 0.0,
    "deficit": null,
    "probe_dwu": null,
    "estimated_dwu": null,
    "rain": null,
    "meter": null,
    "irrigation_litres": null,
    "irrigation_mms": null,
    "effective_rain_1": null,
    "effective_rainfall": null,
    "efflrr1": null,
    "efflrr2": null,
    "effective_irrigation": null,
    "comment": null,
    "created_date": "2020-03-03T00:59:50.639Z",
    "created_by": 1
  }
},
{
  "model": "skeleton.reading",
  "pk": 40,
  "fields": {
    "site": 10,
    "type": 1,
    "date": "2020-03-03",
    "depth1": null,
    "depth2": null,
    "depth3": null,
    "depth4": null,
    "depth5": null,
    "depth6": null,
    "depth7": null,
    "depth8": null,
    "depth9": null,
    "depth10": null,
    "depth1_count": 16047.6666666667,
    "depth2_count": 16699.3333333333,
    "depth3_count": 16807.0,
    "depth4_count": 15690.3333333333,
    "depth5_count": 14668.3333333333,
    "depth6_count": 13480.3333333333,
    "depth7_count": 16514.6666666667,
    "depth8_count": 0.0,
    "depth9_count": null,
    "depth10_count": null,
    "serial_number": 1,
    "rz1": 163.776698666667,
    "rz2": 0.0,
    "rz3": 0.0,
    "deficit": null,
    "probe_dwu": null,
    "estimated_dwu": null,
    "rain": null,
    "meter": null,
    "irrigation_litres": null,
    "irrigation_mms": null,
    "effective_rain_1": null,
    "effective_rainfall": null,
    "efflrr1": null,
    "efflrr2": null,
    "effective_irrigation": null,
    "comment": null,
    "created_date": "2020-03-03T00:59:50.681Z",
    "created_by": 1
  }
},
{
  "model": "skeleton.reading",
  "pk": 41,
  "fields": {
    "site": 2,
    "type": 1,
    "date": "2020-03-03",
    "depth1": null,
    "depth2": null,
    "depth3": null,
    "depth4": null,
    "depth5": null,
    "depth6": null,
    "depth7": null,
    "depth8": null,
    "depth9": null,
    "depth10": null,
    "depth1_count": 15535.3333333333,
    "depth2_count": 15490.6666666667,
    "depth3_count": 15474.0,
    "depth4_count": 15235.6666666667,
    "depth5_count": 15301.0,
    "depth6_count": 15982.3333333333,
    "depth7_count": 17784.3333333333,
    "depth8_count": 0.0,
    "depth9_count": null,
    "depth10_count": null,
    "serial_number": 1,
    "rz1": 155.005981333333,
    "rz2": 0.0,
    "rz3": 0.0,
    "deficit": null,
    "probe_dwu": null,
    "estimated_dwu": null,
    "rain": null,
    "meter": null,
    "irrigation_litres": null,
    "irrigation_mms": null,
    "effective_rain_1": null,
    "effective_rainfall": null,
    "efflrr1": null,
    "efflrr2": null,
    "effective_irrigation": null,
    "comment": null,
    "created_date": "2020-03-03T00:59:50.713Z",
    "created_by": 1
  }
},
{
  "model": "skeleton.reading",
  "pk": 42,
  "fields": {
    "site": 3,
    "type": 1,
    "date": "2020-03-03",
    "depth1": null,
    "depth2": null,
    "depth3": null,
    "depth4": null,
    "depth5": null,
    "depth6": null,
    "depth7": null,
    "depth8": null,
    "depth9": null,
    "depth10": null,
    "depth1_count": 11946.3333333333,
    "depth2_count": 12212.0,
    "depth3_count": 11560.3333333333,
    "depth4_count": 11089.6666666667,
    "depth5_count": 11333.6666666667,
    "depth6_count": 12570.3333333333,
    "depth7_count": 13663.3333333333,
    "depth8_count": 9747.0,
    "depth9_count": null,
    "depth10_count": null,
    "serial_number": 1,
    "rz1": 118.015457333333,
    "rz2": 0.0,
    "rz3": 0.0,
    "deficit": null,
    "probe_dwu": null,
    "estimated_dwu": null,
    "rain": null,
    "meter": null,
    "irrigation_litres": null,
    "irrigation_mms": null,
    "effective_rain_1": null,
    "effective_rainfall": null,
    "efflrr1": null,
    "efflrr2": null,
    "effective_irrigation": null,
    "comment": null,
    "created_date": "2020-03-03T00:59:50.737Z",
    "created_by": 1
  }
},
{
  "model": "skeleton.reading",
  "pk": 43,
  "fields": {
    "site": 5,
    "type": 1,
    "date": "2020-03-03",
    "depth1": null,
    "depth2": null,
    "depth3": null,
    "depth4": null,
    "depth5": null,
    "depth6": null,
    "depth7": null,
    "depth8": null,
    "depth9": null,
    "depth10": null,
    "depth1_count": 12384.3333333333,
    "depth2_count": 12602.0,
    "depth3_count": 13247.6666666667,
    "depth4_count": 13859.0,
    "depth5_count": 14235.3333333333,
    "depth6_count": 14887.0,
    "depth7_count": 9127.0,
    "depth8_count": 0.0,
    "depth9_count": null,
    "depth10_count": null,
    "serial_number": 1,
    "rz1": 131.022074666667,
    "rz2": 0.0,
    "rz3": 0.0,
    "deficit": null,
    "probe_dwu": null,
    "estimated_dwu": null,
    "rain": null,
    "meter": null,
    "irrigation_litres": null,
    "irrigation_mms": null,
    "effective_rain_1": null,
    "effective_rainfall": null,
    "efflrr1": null,
    "efflrr2": null,
    "effective_irrigation": null,
    "comment": null,
    "created_date": "2020-03-03T00:59:50.761Z",
    "created_by": 1
  }
},
{
  "model": "skeleton.reading",
  "pk": 44,
  "fields": {
    "site": 6,
    "type": 1,
    "date": "2020-03-03",
    "depth1": null,
    "depth2": null,
    "depth3": null,
    "depth4": null,
    "depth5": null,
    "depth6": null,
    "depth7": null,
    "depth8": null,
    "depth9": null,
    "depth10": null,
    "depth1_count": 13623.0,
    "depth2_count": 14389.0,
    "depth3_count": 14212.0,
    "depth4_count": 14824.3333333333,
    "depth5_count": 15086.6666666667,
    "depth6_count": 15580.3333333333,
    "depth7_count": 16715.3333333333,
    "depth8_count": 5933.66666666667,
    "depth9_count": null,
    "depth10_count": null,
    "serial_number": 1,
    "rz1": 143.311482666667,
    "rz2": 0.0,
    "rz3": 0.0,
    "deficit": null,
    "probe_dwu": null,
    "estimated_dwu": null,
    "rain": null,
    "meter": null,
    "irrigation_litres": null,
    "irrigation_mms": null,
    "effective_rain_1": null,
    "effective_rainfall": null,
    "efflrr1": null,
    "efflrr2": null,
    "effective_irrigation": null,
    "comment": null,
    "created_date": "2020-03-03T00:59:50.785Z",
    "created_by": 1
  }
},
{
  "model": "skeleton.reading",
  "pk": 45,
  "fields": {
    "site": 4,
    "type": 1,
    "date": "2020-03-03",
    "depth1": null,
    "depth2": null,
    "depth3": null,
    "depth4": null,
    "depth5": null,
    "depth6": null,
    "depth7": null,
    "depth8": null,
    "depth9": null,
    "depth10": null,
    "depth1_count": 15748.0,
    "depth2_count": 15150.6666666667,
    "depth3_count": 14999.0,
    "depth4_count": 15030.0,
    "depth5_count": 15245.6666666667,
    "depth6_count": 15473.6666666667,
    "depth7_count": 10636.6666666667,
    "depth8_count": 0.0,
    "depth9_count": null,
    "depth10_count": null,
    "serial_number": 1,
    "rz1": 152.982112666667,
    "rz2": 0.0,
    "rz3": 0.0,
    "deficit": null,
    "probe_dwu": null,
    "estimated_dwu": null,
    "rain": null,
    "meter": null,
    "irrigation_litres": null,
    "irrigation_mms": null,
    "effective_rain_1": null,
    "effective_rainfall": null,
    "efflrr1": null,
    "efflrr2": null,
    "effective_irrigation": null,
    "comment": null,
    "created_date": "2020-03-03T00:59:50.809Z",
    "created_by": 1
  }
},
{
  "model": "skeleton.reading",
  "pk": 46,
  "fields": {
    "site": 14,
    "type": 1,
    "date": "2020-03-03",
    "depth1": null,
    "depth2": null,
    "depth3": null,
    "depth4": null,
    "depth5": null,
    "depth6": null,
    "depth7": null,
    "depth8": null,
    "depth9": null,
    "depth10": null,
    "depth1_count": 10348.0,
    "depth2_count": 10585.0,
    "depth3_count": 10409.0,
    "depth4_count": 10147.0,
    "depth5_count": 10624.0,
    "depth6_count": 11446.0,
    "depth7_count": 10716.0,
    "depth8_count": 10153.0,
    "depth9_count": null,
    "depth10_count": null,
    "serial_number": 1,
    "rz1": null,
    "rz2": null,
    "rz3": null,
    "deficit": null,
    "probe_dwu": null,
    "estimated_dwu": null,
    "rain": null,
    "meter": null,
    "irrigation_litres": null,
    "irrigation_mms": null,
    "effective_rain_1": null,
    "effective_rainfall": null,
    "efflrr1": null,
    "efflrr2": null,
    "effective_irrigation": null,
    "comment": null,
    "created_date": "2020-03-03T00:59:50.833Z",
    "created_by": 1
  }
},
{
  "model": "skeleton.reading",
  "pk": 47,
  "fields": {
    "site": 15,
    "type": 1,
    "date": "2020-03-03",
    "depth1": null,
    "depth2": null,
    "depth3": null,
    "depth4": null,
    "depth5": null,
    "depth6": null,
    "depth7": null,
    "depth8": null,
    "depth9": null,
    "depth10": null,
    "depth1_count": 13094.0,
    "depth2_count": 12483.0,
    "depth3_count": 12582.0,
    "depth4_count": 12979.0,
    "depth5_count": 12729.0,
    "depth6_count": 12064.0,
    "depth7_count": 11340.0,
    "depth8_count": 10108.0,
    "depth9_count": null,
    "depth10_count": null,
    "serial_number": 1,
    "rz1": 218.205281,
    "rz2": 0.0,
    "rz3": 0.0,
    "deficit": null,
    "probe_dwu": null,
    "estimated_dwu": null,
    "rain": null,
    "meter": null,
    "irrigation_litres": null,
    "irrigation_mms": null,
    "effective_rain_1": null,
    "effective_rainfall": null,
    "efflrr1": null,
    "efflrr2": null,
    "effective_irrigation": null,
    "comment": null,
    "created_date": "2020-03-03T00:59:50.858Z",
    "created_by": 1
  }
},
{
  "model": "skeleton.kcreading",
  "pk": 1,
  "fields": {
    "crop": 1,
    "period_from": "2019-09-30",
    "period_to": "2019-10-27",
    "kc": 0.5,
    "created_date": "2020-02-24T00:15:27Z",
    "created_by": 1
  }
},
{
  "model": "skeleton.kcreading",
  "pk": 2,
  "fields": {
    "crop": 1,
    "period_from": "2019-11-13",
    "period_to": "2019-11-27",
    "kc": 0.7,
    "created_date": "2020-02-24T00:18:04Z",
    "created_by": 1
  }
},
{
  "model": "skeleton.kcreading",
  "pk": 3,
  "fields": {
    "crop": 1,
    "period_from": "2019-10-28",
    "period_to": "2019-11-12",
    "kc": 0.6,
    "created_date": "2020-02-24T00:20:10Z",
    "created_by": 1
  }
},
{
  "model": "skeleton.kcreading",
  "pk": 4,
  "fields": {
    "crop": 1,
    "period_from": "2019-12-28",
    "period_to": "2020-01-11",
    "kc": 0.8,
    "created_date": "2020-02-24T00:22:32Z",
    "created_by": 1
  }
},
{
  "model": "skeleton.kcreading",
  "pk": 5,
  "fields": {
    "crop": 1,
    "period_from": "2020-01-12",
    "period_to": "2020-01-26",
    "kc": 0.9,
    "created_date": "2020-02-24T00:23:16Z",
    "created_by": 1
  }
},
{
  "model": "skeleton.kcreading",
  "pk": 6,
  "fields": {
    "crop": 1,
    "period_from": "2020-01-26",
    "period_to": "2020-02-09",
    "kc": 1.0,
    "created_date": "2020-02-24T00:24:00Z",
    "created_by": 1
  }
},
{
  "model": "skeleton.kcreading",
  "pk": 7,
  "fields": {
    "crop": 1,
    "period_from": "2020-02-09",
    "period_to": "2020-03-31",
    "kc": 1.1,
    "created_date": "2020-02-24T00:24:42Z",
    "created_by": 1
  }
},
{
  "model": "skeleton.kcreading",
  "pk": 8,
  "fields": {
    "crop": 1,
    "period_from": "2020-04-01",
    "period_to": "2020-04-30",
    "kc": 1.0,
    "created_date": "2020-02-24T00:27:49Z",
    "created_by": 1
  }
},
{
  "model": "skeleton.kcreading",
  "pk": 9,
  "fields": {
    "crop": 1,
    "period_from": "2020-05-01",
    "period_to": "2020-06-30",
    "kc": 0.8,
    "created_date": "2020-02-24T00:28:51Z",
    "created_by": 1
  }
},
{
  "model": "skeleton.kcreading",
  "pk": 10,
  "fields": {
    "crop": 4,
    "period_from": "2019-10-01",
    "period_to": "2019-10-05",
    "kc": 0.32,
    "created_date": "2020-02-24T02:23:46Z",
    "created_by": 1
  }
},
{
  "model": "skeleton.kcreading",
  "pk": 11,
  "fields": {
    "crop": 4,
    "period_from": "2019-10-06",
    "period_to": "2019-10-13",
    "kc": 0.38,
    "created_date": "2020-02-24T02:24:58Z",
    "created_by": 1
  }
},
{
  "model": "skeleton.kcreading",
  "pk": 12,
  "fields": {
    "crop": 4,
    "period_from": "2019-10-14",
    "period_to": "2019-10-26",
    "kc": 0.45,
    "created_date": "2020-02-24T02:26:33Z",
    "created_by": 1
  }
},
{
  "model": "skeleton.kcreading",
  "pk": 13,
  "fields": {
    "crop": 4,
    "period_from": "2019-10-27",
    "period_to": "2019-11-17",
    "kc": 0.55,
    "created_date": "2020-02-24T02:27:51Z",
    "created_by": 1
  }
},
{
  "model": "skeleton.kcreading",
  "pk": 14,
  "fields": {
    "crop": 4,
    "period_from": "2019-11-18",
    "period_to": "2019-11-30",
    "kc": 0.75,
    "created_date": "2020-02-24T02:28:53Z",
    "created_by": 1
  }
},
{
  "model": "skeleton.kcreading",
  "pk": 15,
  "fields": {
    "crop": 4,
    "period_from": "2019-12-01",
    "period_to": "2019-12-12",
    "kc": 0.85,
    "created_date": "2020-02-24T02:29:29Z",
    "created_by": 1
  }
},
{
  "model": "skeleton.kcreading",
  "pk": 16,
  "fields": {
    "crop": 4,
    "period_from": "2019-12-13",
    "period_to": "2019-12-24",
    "kc": 0.95,
    "created_date": "2020-02-24T02:30:17Z",
    "created_by": 1
  }
},
{
  "model": "skeleton.kcreading",
  "pk": 17,
  "fields": {
    "crop": 4,
    "period_from": "2020-02-16",
    "period_to": "2020-02-22",
    "kc": 1.03,
    "created_date": "2020-02-24T02:30:43Z",
    "created_by": 1
  }
},
{
  "model": "skeleton.kcreading",
  "pk": 18,
  "fields": {
    "crop": 4,
    "period_from": "2019-12-25",
    "period_to": "2019-12-31",
    "kc": 1.03,
    "created_date": "2020-02-24T02:31:20Z",
    "created_by": 1
  }
},
{
  "model": "skeleton.kcreading",
  "pk": 19,
  "fields": {
    "crop": 4,
    "period_from": "2020-01-01",
    "period_to": "2020-02-15",
    "kc": 1.05,
    "created_date": "2020-02-24T02:36:16Z",
    "created_by": 1
  }
},
{
  "model": "skeleton.kcreading",
  "pk": 20,
  "fields": {
    "crop": 4,
    "period_from": "2020-02-23",
    "period_to": "2020-03-08",
    "kc": 0.95,
    "created_date": "2020-02-24T02:44:11Z",
    "created_by": 1
  }
},
{
  "model": "skeleton.kcreading",
  "pk": 21,
  "fields": {
    "crop": 4,
    "period_from": "2020-03-09",
    "period_to": "2020-03-10",
    "kc": 0.89,
    "created_date": "2020-02-24T02:44:52Z",
    "created_by": 1
  }
},
{
  "model": "skeleton.kcreading",
  "pk": 22,
  "fields": {
    "crop": 4,
    "period_from": "2020-03-11",
    "period_to": "2020-03-14",
    "kc": 0.86,
    "created_date": "2020-02-24T02:45:28Z",
    "created_by": 1
  }
},
{
  "model": "skeleton.kcreading",
  "pk": 23,
  "fields": {
    "crop": 4,
    "period_from": "2020-03-15",
    "period_to": "2020-03-31",
    "kc": 0.85,
    "created_date": "2020-02-24T02:45:56Z",
    "created_by": 1
  }
},
{
  "model": "skeleton.kcreading",
  "pk": 24,
  "fields": {
    "crop": 4,
    "period_from": "2020-04-01",
    "period_to": "2020-04-30",
    "kc": 0.07,
    "created_date": "2020-02-24T02:46:29Z",
    "created_by": 1
  }
},
{
  "model": "skeleton.kcreading",
  "pk": 25,
  "fields": {
    "crop": 19,
    "period_from": "2019-10-01",
    "period_to": "2019-10-16",
    "kc": 0.5,
    "created_date": "2020-02-24T02:50:19Z",
    "created_by": 1
  }
},
{
  "model": "skeleton.kcreading",
  "pk": 26,
  "fields": {
    "crop": 19,
    "period_from": "2019-10-17",
    "period_to": "2019-10-31",
    "kc": 0.6,
    "created_date": "2020-02-24T02:52:03Z",
    "created_by": 1
  }
},
{
  "model": "skeleton.kcreading",
  "pk": 27,
  "fields": {
    "crop": 19,
    "period_from": "2019-11-01",
    "period_to": "2019-11-10",
    "kc": 0.7,
    "created_date": "2020-02-24T02:53:32Z",
    "created_by": 1
  }
},
{
  "model": "skeleton.kcreading",
  "pk": 28,
  "fields": {
    "crop": 19,
    "period_from": "2019-11-12",
    "period_to": "2019-11-20",
    "kc": 0.78,
    "created_date": "2020-02-24T02:54:15Z",
    "created_by": 1
  }
},
{
  "model": "skeleton.kcreading",
  "pk": 29,
  "fields": {
    "crop": 19,
    "period_from": "2019-11-21",
    "period_to": "2019-11-30",
    "kc": 0.86,
    "created_date": "2020-02-24T02:54:45Z",
    "created_by": 1
  }
},
{
  "model": "skeleton.kcreading",
  "pk": 30,
  "fields": {
    "crop": 19,
    "period_from": "2019-12-01",
    "period_to": "2019-12-10",
    "kc": 1.0,
    "created_date": "2020-02-24T03:01:55Z",
    "created_by": 1
  }
},
{
  "model": "skeleton.kcreading",
  "pk": 31,
  "fields": {
    "crop": 19,
    "period_from": "2019-12-11",
    "period_to": "2019-12-20",
    "kc": 1.1,
    "created_date": "2020-02-24T03:02:34Z",
    "created_by": 1
  }
},
{
  "model": "skeleton.kcreading",
  "pk": 32,
  "fields": {
    "crop": 19,
    "period_from": "2019-12-21",
    "period_to": "2019-12-30",
    "kc": 1.2,
    "created_date": "2020-02-24T03:03:11Z",
    "created_by": 1
  }
},
{
  "model": "skeleton.kcreading",
  "pk": 33,
  "fields": {
    "crop": 19,
    "period_from": "2019-12-31",
    "period_to": "2020-02-18",
    "kc": 1.2,
    "created_date": "2020-02-24T03:03:45Z",
    "created_by": 1
  }
},
{
  "model": "skeleton.kcreading",
  "pk": 34,
  "fields": {
    "crop": 19,
    "period_from": "2020-03-29",
    "period_to": "2020-04-30",
    "kc": 0.78,
    "created_date": "2020-02-24T03:05:30Z",
    "created_by": 1
  }
},
{
  "model": "admin.logentry",
  "pk": 1,
  "fields": {
    "action_time": "2020-01-15T23:00:51.885Z",
    "user": 1,
    "content_type": 14,
    "object_id": "1",
    "object_repr": "Probe",
    "action_flag": 1,
    "change_message": "[{\"added\": {}}]"
  }
},
{
  "model": "admin.logentry",
  "pk": 2,
  "fields": {
    "action_time": "2020-01-15T23:01:01.425Z",
    "user": 1,
    "content_type": 14,
    "object_id": "2",
    "object_repr": "Refill",
    "action_flag": 1,
    "change_message": "[{\"added\": {}}]"
  }
},
{
  "model": "admin.logentry",
  "pk": 3,
  "fields": {
    "action_time": "2020-01-15T23:01:12.611Z",
    "user": 1,
    "content_type": 14,
    "object_id": "3",
    "object_repr": "Full Point",
    "action_flag": 1,
    "change_message": "[{\"added\": {}}]"
  }
},
{
  "model": "admin.logentry",
  "pk": 4,
  "fields": {
    "action_time": "2020-01-15T23:01:16.523Z",
    "user": 1,
    "content_type": 14,
    "object_id": "3",
    "object_repr": "Full Point",
    "action_flag": 2,
    "change_message": "[]"
  }
},
{
  "model": "admin.logentry",
  "pk": 5,
  "fields": {
    "action_time": "2020-01-16T02:26:17.854Z",
    "user": 1,
    "content_type": 1,
    "object_id": "1",
    "object_repr": "464 Moteo Pa Road",
    "action_flag": 1,
    "change_message": "[{\"added\": {}}]"
  }
},
{
  "model": "admin.logentry",
  "pk": 6,
  "fields": {
    "action_time": "2020-01-16T02:28:17.803Z",
    "user": 1,
    "content_type": 12,
    "object_id": "1",
    "object_repr": "Rockit Whar 2",
    "action_flag": 1,
    "change_message": "[{\"added\": {}}]"
  }
},
{
  "model": "admin.logentry",
  "pk": 7,
  "fields": {
    "action_time": "2020-01-16T02:30:15.948Z",
    "user": 1,
    "content_type": 2,
    "object_id": "1",
    "object_repr": "New Zealand",
    "action_flag": 1,
    "change_message": "[{\"added\": {}}]"
  }
},
{
  "model": "admin.logentry",
  "pk": 8,
  "fields": {
    "action_time": "2020-01-16T02:30:18.147Z",
    "user": 1,
    "content_type": 4,
    "object_id": "1",
    "object_repr": "Hawkes Bay, New Zealand",
    "action_flag": 1,
    "change_message": "[{\"added\": {}}]"
  }
},
{
  "model": "admin.logentry",
  "pk": 9,
  "fields": {
    "action_time": "2020-01-16T02:30:25.127Z",
    "user": 1,
    "content_type": 3,
    "object_id": "1",
    "object_repr": "Puketapu, Hawkes Bay 4182, New Zealand",
    "action_flag": 1,
    "change_message": "[{\"added\": {}}]"
  }
},
{
  "model": "admin.logentry",
  "pk": 10,
  "fields": {
    "action_time": "2020-01-16T02:31:36.860Z",
    "user": 1,
    "content_type": 1,
    "object_id": "2",
    "object_repr": "492 Puketitiri Road, Puketapu, Hawkes Bay 4182, New Zealand",
    "action_flag": 1,
    "change_message": "[{\"added\": {}}]"
  }
},
{
  "model": "admin.logentry",
  "pk": 11,
  "fields": {
    "action_time": "2020-01-16T02:31:49.258Z",
    "user": 1,
    "content_type": 12,
    "object_id": "2",
    "object_repr": "Rockit Steel",
    "action_flag": 1,
    "change_message": "[{\"added\": {}}]"
  }
},
{
  "model": "admin.logentry",
  "pk": 12,
  "fields": {
    "action_time": "2020-01-16T02:33:03.672Z",
    "user": 1,
    "content_type": 1,
    "object_id": "3",
    "object_repr": "990 Puketapu Road, Puketapu, Hawkes Bay 4182, New Zealand",
    "action_flag": 1,
    "change_message": "[{\"added\": {}}]"
  }
},
{
  "model": "admin.logentry",
  "pk": 13,
  "fields": {
    "action_time": "2020-01-16T02:33:37.789Z",
    "user": 1,
    "content_type": 12,
    "object_id": "3",
    "object_repr": "Rockit Simmons",
    "action_flag": 1,
    "change_message": "[{\"added\": {}}]"
  }
},
{
  "model": "admin.logentry",
  "pk": 14,
  "fields": {
    "action_time": "2020-01-16T02:34:47.385Z",
    "user": 1,
    "content_type": 1,
    "object_id": "4",
    "object_repr": "615 Puketitiri Road, Puketapu, Hawkes Bay 4182, New Zealand",
    "action_flag": 1,
    "change_message": "[{\"added\": {}}]"
  }
},
{
  "model": "admin.logentry",
  "pk": 15,
  "fields": {
    "action_time": "2020-01-16T02:34:50.025Z",
    "user": 1,
    "content_type": 12,
    "object_id": "4",
    "object_repr": "Rockit Whar",
    "action_flag": 1,
    "change_message": "[{\"added\": {}}]"
  }
},
{
  "model": "admin.logentry",
  "pk": 16,
  "fields": {
    "action_time": "2020-01-16T02:37:14.211Z",
    "user": 1,
    "content_type": 3,
    "object_id": "2",
    "object_repr": "Bay View, Hawkes Bay 4104, New Zealand",
    "action_flag": 1,
    "change_message": "[{\"added\": {}}]"
  }
},
{
  "model": "admin.logentry",
  "pk": 17,
  "fields": {
    "action_time": "2020-01-16T02:37:42.631Z",
    "user": 1,
    "content_type": 1,
    "object_id": "5",
    "object_repr": "826 Main Road North, Bay View, Hawkes Bay 4104, New Zealand",
    "action_flag": 1,
    "change_message": "[{\"added\": {}}]"
  }
},
{
  "model": "admin.logentry",
  "pk": 18,
  "fields": {
    "action_time": "2020-01-16T02:37:57.673Z",
    "user": 1,
    "content_type": 12,
    "object_id": "5",
    "object_repr": "The Orchard",
    "action_flag": 1,
    "change_message": "[{\"added\": {}}]"
  }
},
{
  "model": "admin.logentry",
  "pk": 19,
  "fields": {
    "action_time": "2020-01-16T02:38:18.767Z",
    "user": 1,
    "content_type": 12,
    "object_id": "4",
    "object_repr": "Rockit Whar",
    "action_flag": 2,
    "change_message": "[{\"changed\": {\"fields\": [\"email\"]}}]"
  }
},
{
  "model": "admin.logentry",
  "pk": 20,
  "fields": {
    "action_time": "2020-01-16T02:38:25.727Z",
    "user": 1,
    "content_type": 12,
    "object_id": "3",
    "object_repr": "Rockit Simmons",
    "action_flag": 2,
    "change_message": "[{\"changed\": {\"fields\": [\"email\"]}}]"
  }
},
{
  "model": "admin.logentry",
  "pk": 21,
  "fields": {
    "action_time": "2020-01-16T02:38:32.515Z",
    "user": 1,
    "content_type": 12,
    "object_id": "2",
    "object_repr": "Rockit Steel",
    "action_flag": 2,
    "change_message": "[{\"changed\": {\"fields\": [\"email\"]}}]"
  }
},
{
  "model": "admin.logentry",
  "pk": 22,
  "fields": {
    "action_time": "2020-01-16T02:40:24.736Z",
    "user": 1,
    "content_type": 1,
    "object_id": "1",
    "object_repr": "642 Puketitiri Road, Puketapu, Hawkes Bay 4182, New Zealand",
    "action_flag": 2,
    "change_message": "[{\"changed\": {\"fields\": [\"street_number\", \"route\", \"locality\", \"raw\", \"latitude\", \"longitude\"]}}]"
  }
},
{
  "model": "admin.logentry",
  "pk": 23,
  "fields": {
    "action_time": "2020-01-16T02:41:52.702Z",
    "user": 1,
    "content_type": 11,
    "object_id": "1",
    "object_repr": "Apples",
    "action_flag": 1,
    "change_message": "[{\"added\": {}}]"
  }
},
{
  "model": "admin.logentry",
  "pk": 24,
  "fields": {
    "action_time": "2020-01-16T02:42:04.412Z",
    "user": 1,
    "content_type": 11,
    "object_id": "2",
    "object_repr": "Grapes",
    "action_flag": 1,
    "change_message": "[{\"added\": {}}]"
  }
},
{
  "model": "admin.logentry",
  "pk": 25,
  "fields": {
    "action_time": "2020-01-16T02:44:23.604Z",
    "user": 1,
    "content_type": 7,
    "object_id": "1",
    "object_repr": "Technician",
    "action_flag": 1,
    "change_message": "[{\"added\": {}}]"
  }
},
{
  "model": "admin.logentry",
  "pk": 26,
  "fields": {
    "action_time": "2020-01-16T02:45:17.586Z",
    "user": 1,
    "content_type": 8,
    "object_id": "2",
    "object_repr": "brendan",
    "action_flag": 1,
    "change_message": "[{\"added\": {}}]"
  }
},
{
  "model": "admin.logentry",
  "pk": 27,
  "fields": {
    "action_time": "2020-01-16T02:46:34.725Z",
    "user": 1,
    "content_type": 8,
    "object_id": "2",
    "object_repr": "hamiltonb",
    "action_flag": 2,
    "change_message": "[{\"changed\": {\"fields\": [\"username\", \"first_name\", \"last_name\", \"email\"]}}]"
  }
},
{
  "model": "admin.logentry",
  "pk": 28,
  "fields": {
    "action_time": "2020-01-16T02:47:18.579Z",
    "user": 1,
    "content_type": 8,
    "object_id": "2",
    "object_repr": "hamiltonb",
    "action_flag": 2,
    "change_message": "[{\"changed\": {\"fields\": [\"groups\"]}}]"
  }
},
{
  "model": "admin.logentry",
  "pk": 29,
  "fields": {
    "action_time": "2020-01-16T02:50:54.163Z",
    "user": 1,
    "content_type": 16,
    "object_id": "1",
    "object_repr": "Whar 2 (name unknown yet)",
    "action_flag": 1,
    "change_message": "[{\"added\": {}}]"
  }
},
{
  "model": "admin.logentry",
  "pk": 30,
  "fields": {
    "action_time": "2020-01-16T02:58:17.775Z",
    "user": 1,
    "content_type": 16,
    "object_id": "2",
    "object_repr": "Front (Nname TBD)",
    "action_flag": 1,
    "change_message": "[{\"added\": {}}]"
  }
},
{
  "model": "admin.logentry",
  "pk": 31,
  "fields": {
    "action_time": "2020-01-16T02:58:53.064Z",
    "user": 1,
    "content_type": 16,
    "object_id": "2",
    "object_repr": "Front (Name TBD)",
    "action_flag": 2,
    "change_message": "[{\"changed\": {\"fields\": [\"name\"]}}]"
  }
},
{
  "model": "admin.logentry",
  "pk": 32,
  "fields": {
    "action_time": "2020-01-16T03:02:31.276Z",
    "user": 1,
    "content_type": 16,
    "object_id": "3",
    "object_repr": "Zone 6 (Name TBD)",
    "action_flag": 1,
    "change_message": "[{\"added\": {}}]"
  }
},
{
  "model": "admin.logentry",
  "pk": 33,
  "fields": {
    "action_time": "2020-01-16T03:03:49.027Z",
    "user": 1,
    "content_type": 16,
    "object_id": "4",
    "object_repr": "Zone 10 (Name TBD)",
    "action_flag": 1,
    "change_message": "[{\"added\": {}}]"
  }
},
{
  "model": "admin.logentry",
  "pk": 34,
  "fields": {
    "action_time": "2020-01-16T03:04:26.338Z",
    "user": 1,
    "content_type": 16,
    "object_id": "4",
    "object_repr": "Zone 10 (Name TBD)",
    "action_flag": 2,
    "change_message": "[{\"changed\": {\"fields\": [\"emitter_rate\", \"row_spacing\", \"emitter_spacing\", \"plant_spacing\", \"wetted_width\"]}}]"
  }
},
{
  "model": "admin.logentry",
  "pk": 35,
  "fields": {
    "action_time": "2020-01-16T03:06:06.277Z",
    "user": 1,
    "content_type": 16,
    "object_id": "5",
    "object_repr": "Zone 7 (Name TBD)",
    "action_flag": 1,
    "change_message": "[{\"added\": {}}]"
  }
},
{
  "model": "admin.logentry",
  "pk": 36,
  "fields": {
    "action_time": "2020-01-16T03:09:21.889Z",
    "user": 1,
    "content_type": 16,
    "object_id": "6",
    "object_repr": "Zone 15 (Name TBD)",
    "action_flag": 1,
    "change_message": "[{\"added\": {}}]"
  }
},
{
  "model": "admin.logentry",
  "pk": 37,
  "fields": {
    "action_time": "2020-01-16T03:12:05.823Z",
    "user": 1,
    "content_type": 16,
    "object_id": "7",
    "object_repr": "Front Entrance (Name TBD)",
    "action_flag": 1,
    "change_message": "[{\"added\": {}}]"
  }
},
{
  "model": "admin.logentry",
  "pk": 38,
  "fields": {
    "action_time": "2020-01-16T03:13:43.703Z",
    "user": 1,
    "content_type": 16,
    "object_id": "8",
    "object_repr": "In front of house (Name TBD)",
    "action_flag": 1,
    "change_message": "[{\"added\": {}}]"
  }
},
{
  "model": "admin.logentry",
  "pk": 39,
  "fields": {
    "action_time": "2020-01-16T03:15:07.628Z",
    "user": 1,
    "content_type": 16,
    "object_id": "9",
    "object_repr": "To Side of House (Name TBD)",
    "action_flag": 1,
    "change_message": "[{\"added\": {}}]"
  }
},
{
  "model": "admin.logentry",
  "pk": 40,
  "fields": {
    "action_time": "2020-01-16T03:16:50.114Z",
    "user": 1,
    "content_type": 16,
    "object_id": "10",
    "object_repr": "Back (Name TBD)",
    "action_flag": 1,
    "change_message": "[{\"added\": {}}]"
  }
},
{
  "model": "admin.logentry",
  "pk": 41,
  "fields": {
    "action_time": "2020-01-16T03:19:21.970Z",
    "user": 1,
    "content_type": 16,
    "object_id": "11",
    "object_repr": "Block A1",
    "action_flag": 1,
    "change_message": "[{\"added\": {}}]"
  }
},
{
  "model": "admin.logentry",
  "pk": 42,
  "fields": {
    "action_time": "2020-01-16T03:22:03.571Z",
    "user": 1,
    "content_type": 16,
    "object_id": "12",
    "object_repr": "Block D",
    "action_flag": 1,
    "change_message": "[{\"added\": {}}]"
  }
},
{
  "model": "admin.logentry",
  "pk": 43,
  "fields": {
    "action_time": "2020-01-16T03:24:00.935Z",
    "user": 1,
    "content_type": 1,
    "object_id": "6",
    "object_repr": "144 Poraiti Road, Puketapu, Hawkes Bay 4182, New Zealand",
    "action_flag": 1,
    "change_message": "[{\"added\": {}}]"
  }
},
{
  "model": "admin.logentry",
  "pk": 44,
  "fields": {
    "action_time": "2020-01-16T03:24:08.393Z",
    "user": 1,
    "content_type": 12,
    "object_id": "6",
    "object_repr": "HLZ",
    "action_flag": 1,
    "change_message": "[{\"added\": {}}]"
  }
},
{
  "model": "admin.logentry",
  "pk": 45,
  "fields": {
    "action_time": "2020-01-16T03:25:43.094Z",
    "user": 1,
    "content_type": 16,
    "object_id": "13",
    "object_repr": "Envy",
    "action_flag": 1,
    "change_message": "[{\"added\": {}}]"
  }
},
{
  "model": "admin.logentry",
  "pk": 46,
  "fields": {
    "action_time": "2020-01-16T03:26:56.287Z",
    "user": 1,
    "content_type": 11,
    "object_id": "3",
    "object_repr": "Citrus",
    "action_flag": 1,
    "change_message": "[{\"added\": {}}]"
  }
},
{
  "model": "admin.logentry",
  "pk": 47,
  "fields": {
    "action_time": "2020-01-16T03:28:12.385Z",
    "user": 1,
    "content_type": 16,
    "object_id": "14",
    "object_repr": "Citrus",
    "action_flag": 1,
    "change_message": "[{\"added\": {}}]"
  }
},
{
  "model": "admin.logentry",
  "pk": 48,
  "fields": {
    "action_time": "2020-01-16T03:28:49.760Z",
    "user": 1,
    "content_type": 11,
    "object_id": "4",
    "object_repr": "Hops",
    "action_flag": 1,
    "change_message": "[{\"added\": {}}]"
  }
},
{
  "model": "admin.logentry",
  "pk": 49,
  "fields": {
    "action_time": "2020-01-16T03:29:40.680Z",
    "user": 1,
    "content_type": 16,
    "object_id": "15",
    "object_repr": "Hops",
    "action_flag": 1,
    "change_message": "[{\"added\": {}}]"
  }
},
{
  "model": "admin.logentry",
  "pk": 50,
  "fields": {
    "action_time": "2020-01-24T01:20:41.526Z",
    "user": 1,
    "content_type": 13,
    "object_id": "1",
    "object_repr": "50616",
    "action_flag": 1,
    "change_message": "[{\"added\": {}}]"
  }
},
{
  "model": "admin.logentry",
  "pk": 51,
  "fields": {
    "action_time": "2020-01-24T01:21:48.607Z",
    "user": 1,
    "content_type": 19,
    "object_id": "1",
    "object_repr": "50616:1:2020-01-24",
    "action_flag": 1,
    "change_message": "[{\"added\": {}}]"
  }
},
{
  "model": "admin.logentry",
  "pk": 52,
  "fields": {
    "action_time": "2020-01-24T01:22:09.201Z",
    "user": 1,
    "content_type": 19,
    "object_id": "2",
    "object_repr": "50616:2:2020-01-24",
    "action_flag": 1,
    "change_message": "[{\"added\": {}}]"
  }
},
{
  "model": "admin.logentry",
  "pk": 53,
  "fields": {
    "action_time": "2020-01-24T01:22:25.216Z",
    "user": 1,
    "content_type": 19,
    "object_id": "3",
    "object_repr": "50616:3:2020-01-24",
    "action_flag": 1,
    "change_message": "[{\"added\": {}}]"
  }
},
{
  "model": "admin.logentry",
  "pk": 54,
  "fields": {
    "action_time": "2020-01-24T01:22:42.980Z",
    "user": 1,
    "content_type": 19,
    "object_id": "4",
    "object_repr": "50616:4:2020-01-24",
    "action_flag": 1,
    "change_message": "[{\"added\": {}}]"
  }
},
{
  "model": "admin.logentry",
  "pk": 55,
  "fields": {
    "action_time": "2020-01-24T01:22:58.122Z",
    "user": 1,
    "content_type": 19,
    "object_id": "5",
    "object_repr": "50616:5:2020-01-24",
    "action_flag": 1,
    "change_message": "[{\"added\": {}}]"
  }
},
{
  "model": "admin.logentry",
  "pk": 56,
  "fields": {
    "action_time": "2020-01-24T01:23:17.977Z",
    "user": 1,
    "content_type": 19,
    "object_id": "6",
    "object_repr": "50616:6:2020-01-24",
    "action_flag": 1,
    "change_message": "[{\"added\": {}}]"
  }
},
{
  "model": "admin.logentry",
  "pk": 57,
  "fields": {
    "action_time": "2020-01-24T01:23:32.478Z",
    "user": 1,
    "content_type": 19,
    "object_id": "7",
    "object_repr": "50616:7:2020-01-24",
    "action_flag": 1,
    "change_message": "[{\"added\": {}}]"
  }
},
{
  "model": "admin.logentry",
  "pk": 58,
  "fields": {
    "action_time": "2020-01-24T01:23:54.520Z",
    "user": 1,
    "content_type": 19,
    "object_id": "8",
    "object_repr": "50616:8:2020-01-24",
    "action_flag": 1,
    "change_message": "[{\"added\": {}}]"
  }
},
{
  "model": "admin.logentry",
  "pk": 59,
  "fields": {
    "action_time": "2020-01-27T00:54:17.327Z",
    "user": 1,
    "content_type": 17,
    "object_id": "1",
    "object_repr": "2019-20",
    "action_flag": 1,
    "change_message": "[{\"added\": {}}]"
  }
},
{
  "model": "admin.logentry",
  "pk": 60,
  "fields": {
    "action_time": "2020-01-27T00:59:34.835Z",
    "user": 1,
    "content_type": 27,
    "object_id": "1",
    "object_repr": "Season Start",
    "action_flag": 1,
    "change_message": "[{\"added\": {}}]"
  }
},
{
  "model": "admin.logentry",
  "pk": 61,
  "fields": {
    "action_time": "2020-01-27T00:59:47.409Z",
    "user": 1,
    "content_type": 27,
    "object_id": "1",
    "object_repr": "Season Start",
    "action_flag": 2,
    "change_message": "[]"
  }
},
{
  "model": "admin.logentry",
  "pk": 62,
  "fields": {
    "action_time": "2020-01-27T01:00:13.274Z",
    "user": 1,
    "content_type": 27,
    "object_id": "2",
    "object_repr": "Harvest",
    "action_flag": 1,
    "change_message": "[{\"added\": {}}]"
  }
},
{
  "model": "admin.logentry",
  "pk": 63,
  "fields": {
    "action_time": "2020-01-27T01:00:27.250Z",
    "user": 1,
    "content_type": 27,
    "object_id": "3",
    "object_repr": "End of harvest",
    "action_flag": 1,
    "change_message": "[{\"added\": {}}]"
  }
},
{
  "model": "admin.logentry",
  "pk": 64,
  "fields": {
    "action_time": "2020-01-27T01:16:00.921Z",
    "user": 1,
    "content_type": 28,
    "object_id": "1",
    "object_repr": "Whar 2 (name unknown yet):2019-10-14",
    "action_flag": 1,
    "change_message": "[{\"added\": {}}]"
  }
},
{
  "model": "admin.logentry",
  "pk": 65,
  "fields": {
    "action_time": "2020-01-27T01:16:24.602Z",
    "user": 1,
    "content_type": 28,
    "object_id": "2",
    "object_repr": "Whar 2 (name unknown yet):2020-02-27",
    "action_flag": 1,
    "change_message": "[{\"added\": {}}]"
  }
},
{
  "model": "admin.logentry",
  "pk": 66,
  "fields": {
    "action_time": "2020-01-27T01:17:12.049Z",
    "user": 1,
    "content_type": 28,
    "object_id": "3",
    "object_repr": "Front (Name TBD):2019-10-14",
    "action_flag": 1,
    "change_message": "[{\"added\": {}}]"
  }
},
{
  "model": "admin.logentry",
  "pk": 67,
  "fields": {
    "action_time": "2020-01-27T01:17:33.823Z",
    "user": 1,
    "content_type": 27,
    "object_id": "2",
    "object_repr": "Start of Harvest",
    "action_flag": 2,
    "change_message": "[{\"changed\": {\"fields\": [\"name\"]}}]"
  }
},
{
  "model": "admin.logentry",
  "pk": 68,
  "fields": {
    "action_time": "2020-01-27T01:17:39.644Z",
    "user": 1,
    "content_type": 28,
    "object_id": "4",
    "object_repr": "Front (Name TBD):2020-02-27",
    "action_flag": 1,
    "change_message": "[{\"added\": {}}]"
  }
},
{
  "model": "admin.logentry",
  "pk": 69,
  "fields": {
    "action_time": "2020-01-27T01:18:34.452Z",
    "user": 1,
    "content_type": 28,
    "object_id": "5",
    "object_repr": "Zone 6 (Name TBD):2019-10-14",
    "action_flag": 1,
    "change_message": "[{\"added\": {}}]"
  }
},
{
  "model": "admin.logentry",
  "pk": 70,
  "fields": {
    "action_time": "2020-01-27T01:18:46.778Z",
    "user": 1,
    "content_type": 28,
    "object_id": "6",
    "object_repr": "Zone 6 (Name TBD):2020-02-27",
    "action_flag": 1,
    "change_message": "[{\"added\": {}}]"
  }
},
{
  "model": "admin.logentry",
  "pk": 71,
  "fields": {
    "action_time": "2020-01-27T01:19:01.367Z",
    "user": 1,
    "content_type": 28,
    "object_id": "7",
    "object_repr": "Zone 10 (Name TBD):2019-10-14",
    "action_flag": 1,
    "change_message": "[{\"added\": {}}]"
  }
},
{
  "model": "admin.logentry",
  "pk": 72,
  "fields": {
    "action_time": "2020-01-27T01:19:11.981Z",
    "user": 1,
    "content_type": 28,
    "object_id": "8",
    "object_repr": "Zone 10 (Name TBD):2020-02-27",
    "action_flag": 1,
    "change_message": "[{\"added\": {}}]"
  }
},
{
  "model": "admin.logentry",
  "pk": 73,
  "fields": {
    "action_time": "2020-01-27T01:19:22.472Z",
    "user": 1,
    "content_type": 28,
    "object_id": "9",
    "object_repr": "Zone 7 (Name TBD):2019-10-14",
    "action_flag": 1,
    "change_message": "[{\"added\": {}}]"
  }
},
{
  "model": "admin.logentry",
  "pk": 74,
  "fields": {
    "action_time": "2020-01-27T01:19:49.935Z",
    "user": 1,
    "content_type": 28,
    "object_id": "10",
    "object_repr": "Zone 7 (Name TBD):2020-02-27",
    "action_flag": 1,
    "change_message": "[{\"added\": {}}]"
  }
},
{
  "model": "admin.logentry",
  "pk": 75,
  "fields": {
    "action_time": "2020-01-27T01:20:01.860Z",
    "user": 1,
    "content_type": 28,
    "object_id": "11",
    "object_repr": "Zone 15 (Name TBD):2019-10-14",
    "action_flag": 1,
    "change_message": "[{\"added\": {}}]"
  }
},
{
  "model": "admin.logentry",
  "pk": 76,
  "fields": {
    "action_time": "2020-01-27T01:20:16.364Z",
    "user": 1,
    "content_type": 28,
    "object_id": "12",
    "object_repr": "Zone 15 (Name TBD):2020-02-27",
    "action_flag": 1,
    "change_message": "[{\"added\": {}}]"
  }
},
{
  "model": "admin.logentry",
  "pk": 77,
  "fields": {
    "action_time": "2020-01-27T01:20:31.807Z",
    "user": 1,
    "content_type": 28,
    "object_id": "13",
    "object_repr": "Front Entrance (Name TBD):2019-10-14",
    "action_flag": 1,
    "change_message": "[{\"added\": {}}]"
  }
},
{
  "model": "admin.logentry",
  "pk": 78,
  "fields": {
    "action_time": "2020-01-27T01:20:43.132Z",
    "user": 1,
    "content_type": 28,
    "object_id": "14",
    "object_repr": "Front Entrance (Name TBD):2020-02-27",
    "action_flag": 1,
    "change_message": "[{\"added\": {}}]"
  }
},
{
  "model": "admin.logentry",
  "pk": 79,
  "fields": {
    "action_time": "2020-01-27T01:20:56.301Z",
    "user": 1,
    "content_type": 28,
    "object_id": "15",
    "object_repr": "In front of house (Name TBD):2019-10-14",
    "action_flag": 1,
    "change_message": "[{\"added\": {}}]"
  }
},
{
  "model": "admin.logentry",
  "pk": 80,
  "fields": {
    "action_time": "2020-01-27T01:23:19.989Z",
    "user": 1,
    "content_type": 28,
    "object_id": "16",
    "object_repr": "In front of house (Name TBD):2020-02-17",
    "action_flag": 1,
    "change_message": "[{\"added\": {}}]"
  }
},
{
  "model": "admin.logentry",
  "pk": 81,
  "fields": {
    "action_time": "2020-01-27T01:23:30.894Z",
    "user": 1,
    "content_type": 28,
    "object_id": "17",
    "object_repr": "To Side of House (Name TBD):2019-10-14",
    "action_flag": 1,
    "change_message": "[{\"added\": {}}]"
  }
},
{
  "model": "admin.logentry",
  "pk": 82,
  "fields": {
    "action_time": "2020-01-27T01:23:47.757Z",
    "user": 1,
    "content_type": 28,
    "object_id": "18",
    "object_repr": "To Side of House (Name TBD):2020-02-27",
    "action_flag": 1,
    "change_message": "[{\"added\": {}}]"
  }
},
{
  "model": "admin.logentry",
  "pk": 83,
  "fields": {
    "action_time": "2020-01-27T01:24:02.689Z",
    "user": 1,
    "content_type": 28,
    "object_id": "19",
    "object_repr": "Back (Name TBD):2019-10-14",
    "action_flag": 1,
    "change_message": "[{\"added\": {}}]"
  }
},
{
  "model": "admin.logentry",
  "pk": 84,
  "fields": {
    "action_time": "2020-01-27T01:24:16.861Z",
    "user": 1,
    "content_type": 28,
    "object_id": "20",
    "object_repr": "Back (Name TBD):2020-02-27",
    "action_flag": 1,
    "change_message": "[{\"added\": {}}]"
  }
},
{
  "model": "admin.logentry",
  "pk": 85,
  "fields": {
    "action_time": "2020-01-27T01:24:30.666Z",
    "user": 1,
    "content_type": 28,
    "object_id": "21",
    "object_repr": "Block A1:2019-10-14",
    "action_flag": 1,
    "change_message": "[{\"added\": {}}]"
  }
},
{
  "model": "admin.logentry",
  "pk": 86,
  "fields": {
    "action_time": "2020-01-27T01:24:40.966Z",
    "user": 1,
    "content_type": 28,
    "object_id": "22",
    "object_repr": "Block A1:2020-02-27",
    "action_flag": 1,
    "change_message": "[{\"added\": {}}]"
  }
},
{
  "model": "admin.logentry",
  "pk": 87,
  "fields": {
    "action_time": "2020-01-27T01:24:54.415Z",
    "user": 1,
    "content_type": 28,
    "object_id": "23",
    "object_repr": "Block D:2019-10-14",
    "action_flag": 1,
    "change_message": "[{\"added\": {}}]"
  }
},
{
  "model": "admin.logentry",
  "pk": 88,
  "fields": {
    "action_time": "2020-01-27T01:25:07.070Z",
    "user": 1,
    "content_type": 28,
    "object_id": "24",
    "object_repr": "Block D:2020-02-27",
    "action_flag": 1,
    "change_message": "[{\"added\": {}}]"
  }
},
{
  "model": "admin.logentry",
  "pk": 89,
  "fields": {
    "action_time": "2020-01-27T01:26:36.266Z",
    "user": 1,
    "content_type": 28,
    "object_id": "25",
    "object_repr": "Envy:2019-10-14",
    "action_flag": 1,
    "change_message": "[{\"added\": {}}]"
  }
},
{
  "model": "admin.logentry",
  "pk": 90,
  "fields": {
    "action_time": "2020-01-27T01:28:49.672Z",
    "user": 1,
    "content_type": 28,
    "object_id": "26",
    "object_repr": "Envy:2020-04-01",
    "action_flag": 1,
    "change_message": "[{\"added\": {}}]"
  }
},
{
  "model": "admin.logentry",
  "pk": 91,
  "fields": {
    "action_time": "2020-01-27T01:29:23.322Z",
    "user": 1,
    "content_type": 28,
    "object_id": "27",
    "object_repr": "Citrus:2019-10-14",
    "action_flag": 1,
    "change_message": "[{\"added\": {}}]"
  }
},
{
  "model": "admin.logentry",
  "pk": 92,
  "fields": {
    "action_time": "2020-01-27T01:29:38.125Z",
    "user": 1,
    "content_type": 28,
    "object_id": "28",
    "object_repr": "Citrus:2020-03-31",
    "action_flag": 1,
    "change_message": "[{\"added\": {}}]"
  }
},
{
  "model": "admin.logentry",
  "pk": 93,
  "fields": {
    "action_time": "2020-01-27T01:29:52.932Z",
    "user": 1,
    "content_type": 28,
    "object_id": "29",
    "object_repr": "Hops:2019-10-14",
    "action_flag": 1,
    "change_message": "[{\"added\": {}}]"
  }
},
{
  "model": "admin.logentry",
  "pk": 94,
  "fields": {
    "action_time": "2020-01-27T01:30:23.375Z",
    "user": 1,
    "content_type": 28,
    "object_id": "30",
    "object_repr": "Hops:2020-03-10",
    "action_flag": 1,
    "change_message": "[{\"added\": {}}]"
  }
},
{
  "model": "admin.logentry",
  "pk": 95,
  "fields": {
    "action_time": "2020-02-05T17:31:49.480Z",
    "user": 1,
    "content_type": 27,
    "object_id": "1",
    "object_repr": "Start",
    "action_flag": 2,
    "change_message": "[{\"changed\": {\"fields\": [\"name\"]}}]"
  }
},
{
  "model": "admin.logentry",
  "pk": 96,
  "fields": {
    "action_time": "2020-02-05T17:32:02.028Z",
    "user": 1,
    "content_type": 27,
    "object_id": "3",
    "object_repr": "End",
    "action_flag": 2,
    "change_message": "[{\"changed\": {\"fields\": [\"name\"]}}]"
  }
},
{
  "model": "admin.logentry",
  "pk": 97,
  "fields": {
    "action_time": "2020-02-05T17:32:18.245Z",
    "user": 1,
    "content_type": 27,
    "object_id": "2",
    "object_repr": "Harvest",
    "action_flag": 2,
    "change_message": "[{\"changed\": {\"fields\": [\"name\", \"season_flag\"]}}]"
  }
},
{
  "model": "admin.logentry",
  "pk": 98,
  "fields": {
    "action_time": "2020-02-20T23:10:55.410Z",
    "user": 1,
    "content_type": 27,
    "object_id": "4",
    "object_repr": "Start",
    "action_flag": 1,
    "change_message": "[{\"added\": {}}]"
  }
},
{
  "model": "admin.logentry",
  "pk": 99,
  "fields": {
    "action_time": "2020-02-20T23:11:04.029Z",
    "user": 1,
    "content_type": 27,
    "object_id": "5",
    "object_repr": "End",
    "action_flag": 1,
    "change_message": "[{\"added\": {}}]"
  }
},
{
  "model": "admin.logentry",
  "pk": 100,
  "fields": {
    "action_time": "2020-02-20T23:12:47.498Z",
    "user": 1,
    "content_type": 11,
    "object_id": "1",
    "object_repr": "Apples- Rockit",
    "action_flag": 2,
    "change_message": "[{\"changed\": {\"fields\": [\"name\"]}}]"
  }
},
{
  "model": "admin.logentry",
  "pk": 101,
  "fields": {
    "action_time": "2020-02-20T23:13:06.772Z",
    "user": 1,
    "content_type": 11,
    "object_id": "5",
    "object_repr": "Apples- Envy",
    "action_flag": 1,
    "change_message": "[{\"added\": {}}]"
  }
},
{
  "model": "admin.logentry",
  "pk": 102,
  "fields": {
    "action_time": "2020-02-20T23:13:16.481Z",
    "user": 1,
    "content_type": 11,
    "object_id": "6",
    "object_repr": "Apples- Royal Gala",
    "action_flag": 1,
    "change_message": "[{\"added\": {}}]"
  }
},
{
  "model": "admin.logentry",
  "pk": 103,
  "fields": {
    "action_time": "2020-02-20T23:13:27.314Z",
    "user": 1,
    "content_type": 11,
    "object_id": "7",
    "object_repr": "Apples- Jazz",
    "action_flag": 1,
    "change_message": "[{\"added\": {}}]"
  }
},
{
  "model": "admin.logentry",
  "pk": 104,
  "fields": {
    "action_time": "2020-02-20T23:13:35.710Z",
    "user": 1,
    "content_type": 11,
    "object_id": "8",
    "object_repr": "Apples- Koru",
    "action_flag": 1,
    "change_message": "[{\"added\": {}}]"
  }
},
{
  "model": "admin.logentry",
  "pk": 105,
  "fields": {
    "action_time": "2020-02-20T23:13:43.021Z",
    "user": 1,
    "content_type": 11,
    "object_id": "9",
    "object_repr": "Apples- Braeburn",
    "action_flag": 1,
    "change_message": "[{\"added\": {}}]"
  }
},
{
  "model": "admin.logentry",
  "pk": 106,
  "fields": {
    "action_time": "2020-02-20T23:14:00.130Z",
    "user": 1,
    "content_type": 11,
    "object_id": "10",
    "object_repr": "Apples- Pacific Queen",
    "action_flag": 1,
    "change_message": "[{\"added\": {}}]"
  }
},
{
  "model": "admin.logentry",
  "pk": 107,
  "fields": {
    "action_time": "2020-02-20T23:14:08.899Z",
    "user": 1,
    "content_type": 11,
    "object_id": "11",
    "object_repr": "Apples- Pink Lady",
    "action_flag": 1,
    "change_message": "[{\"added\": {}}]"
  }
},
{
  "model": "admin.logentry",
  "pk": 108,
  "fields": {
    "action_time": "2020-02-20T23:14:19.087Z",
    "user": 1,
    "content_type": 11,
    "object_id": "12",
    "object_repr": "Apples- Fuji",
    "action_flag": 1,
    "change_message": "[{\"added\": {}}]"
  }
},
{
  "model": "admin.logentry",
  "pk": 109,
  "fields": {
    "action_time": "2020-02-20T23:14:30.472Z",
    "user": 1,
    "content_type": 11,
    "object_id": "2",
    "object_repr": "Grapes- Syrah",
    "action_flag": 2,
    "change_message": "[{\"changed\": {\"fields\": [\"name\"]}}]"
  }
},
{
  "model": "admin.logentry",
  "pk": 110,
  "fields": {
    "action_time": "2020-02-20T23:14:38.054Z",
    "user": 1,
    "content_type": 11,
    "object_id": "13",
    "object_repr": "Grapes- Chardonnay",
    "action_flag": 1,
    "change_message": "[{\"added\": {}}]"
  }
},
{
  "model": "admin.logentry",
  "pk": 111,
  "fields": {
    "action_time": "2020-02-20T23:14:47.399Z",
    "user": 1,
    "content_type": 11,
    "object_id": "14",
    "object_repr": "Grapes- Merlot",
    "action_flag": 1,
    "change_message": "[{\"added\": {}}]"
  }
},
{
  "model": "admin.logentry",
  "pk": 112,
  "fields": {
    "action_time": "2020-02-20T23:14:55.704Z",
    "user": 1,
    "content_type": 11,
    "object_id": "15",
    "object_repr": "Grapes- Cabernet",
    "action_flag": 1,
    "change_message": "[{\"added\": {}}]"
  }
},
{
  "model": "admin.logentry",
  "pk": 113,
  "fields": {
    "action_time": "2020-02-20T23:15:03.414Z",
    "user": 1,
    "content_type": 11,
    "object_id": "16",
    "object_repr": "Grapes- Pinot Noir",
    "action_flag": 1,
    "change_message": "[{\"added\": {}}]"
  }
},
{
  "model": "admin.logentry",
  "pk": 114,
  "fields": {
    "action_time": "2020-02-20T23:15:12.049Z",
    "user": 1,
    "content_type": 11,
    "object_id": "17",
    "object_repr": "Grapes- Pinot Gris",
    "action_flag": 1,
    "change_message": "[{\"added\": {}}]"
  }
},
{
  "model": "admin.logentry",
  "pk": 115,
  "fields": {
    "action_time": "2020-02-20T23:15:44.166Z",
    "user": 1,
    "content_type": 11,
    "object_id": "18",
    "object_repr": "Grapes- Sav Blanc",
    "action_flag": 1,
    "change_message": "[{\"added\": {}}]"
  }
},
{
  "model": "admin.logentry",
  "pk": 116,
  "fields": {
    "action_time": "2020-02-20T23:15:58.240Z",
    "user": 1,
    "content_type": 11,
    "object_id": "4",
    "object_repr": "Hops- Smoothcone",
    "action_flag": 2,
    "change_message": "[{\"changed\": {\"fields\": [\"name\"]}}]"
  }
},
{
  "model": "admin.logentry",
  "pk": 117,
  "fields": {
    "action_time": "2020-02-23T22:05:39.150Z",
    "user": 1,
    "content_type": 34,
    "object_id": "1",
    "object_repr": "Puketapu",
    "action_flag": 1,
    "change_message": "[{\"added\": {}}]"
  }
},
{
  "model": "admin.logentry",
  "pk": 118,
  "fields": {
    "action_time": "2020-02-23T23:26:42.506Z",
    "user": 1,
    "content_type": 11,
    "object_id": "18",
    "object_repr": "Grapes- Sav Blanc",
    "action_flag": 3,
    "change_message": ""
  }
},
{
  "model": "admin.logentry",
  "pk": 119,
  "fields": {
    "action_time": "2020-02-23T23:26:42.508Z",
    "user": 1,
    "content_type": 11,
    "object_id": "17",
    "object_repr": "Grapes- Pinot Gris",
    "action_flag": 3,
    "change_message": ""
  }
},
{
  "model": "admin.logentry",
  "pk": 120,
  "fields": {
    "action_time": "2020-02-23T23:26:42.510Z",
    "user": 1,
    "content_type": 11,
    "object_id": "16",
    "object_repr": "Grapes- Pinot Noir",
    "action_flag": 3,
    "change_message": ""
  }
},
{
  "model": "admin.logentry",
  "pk": 121,
  "fields": {
    "action_time": "2020-02-23T23:26:42.511Z",
    "user": 1,
    "content_type": 11,
    "object_id": "15",
    "object_repr": "Grapes- Cabernet",
    "action_flag": 3,
    "change_message": ""
  }
},
{
  "model": "admin.logentry",
  "pk": 122,
  "fields": {
    "action_time": "2020-02-23T23:26:42.512Z",
    "user": 1,
    "content_type": 11,
    "object_id": "14",
    "object_repr": "Grapes- Merlot",
    "action_flag": 3,
    "change_message": ""
  }
},
{
  "model": "admin.logentry",
  "pk": 123,
  "fields": {
    "action_time": "2020-02-23T23:26:42.514Z",
    "user": 1,
    "content_type": 11,
    "object_id": "12",
    "object_repr": "Apples- Fuji",
    "action_flag": 3,
    "change_message": ""
  }
},
{
  "model": "admin.logentry",
  "pk": 124,
  "fields": {
    "action_time": "2020-02-23T23:26:42.515Z",
    "user": 1,
    "content_type": 11,
    "object_id": "11",
    "object_repr": "Apples- Pink Lady",
    "action_flag": 3,
    "change_message": ""
  }
},
{
  "model": "admin.logentry",
  "pk": 125,
  "fields": {
    "action_time": "2020-02-23T23:26:42.516Z",
    "user": 1,
    "content_type": 11,
    "object_id": "10",
    "object_repr": "Apples- Pacific Queen",
    "action_flag": 3,
    "change_message": ""
  }
},
{
  "model": "admin.logentry",
  "pk": 126,
  "fields": {
    "action_time": "2020-02-23T23:26:42.518Z",
    "user": 1,
    "content_type": 11,
    "object_id": "9",
    "object_repr": "Apples- Braeburn",
    "action_flag": 3,
    "change_message": ""
  }
},
{
  "model": "admin.logentry",
  "pk": 127,
  "fields": {
    "action_time": "2020-02-23T23:26:42.519Z",
    "user": 1,
    "content_type": 11,
    "object_id": "8",
    "object_repr": "Apples- Koru",
    "action_flag": 3,
    "change_message": ""
  }
},
{
  "model": "admin.logentry",
  "pk": 128,
  "fields": {
    "action_time": "2020-02-23T23:26:42.520Z",
    "user": 1,
    "content_type": 11,
    "object_id": "7",
    "object_repr": "Apples- Jazz",
    "action_flag": 3,
    "change_message": ""
  }
},
{
  "model": "admin.logentry",
  "pk": 129,
  "fields": {
    "action_time": "2020-02-23T23:26:42.521Z",
    "user": 1,
    "content_type": 11,
    "object_id": "6",
    "object_repr": "Apples- Royal Gala",
    "action_flag": 3,
    "change_message": ""
  }
},
{
  "model": "admin.logentry",
  "pk": 130,
  "fields": {
    "action_time": "2020-02-23T23:26:42.523Z",
    "user": 1,
    "content_type": 11,
    "object_id": "2",
    "object_repr": "Grapes- Syrah",
    "action_flag": 3,
    "change_message": ""
  }
},
{
  "model": "admin.logentry",
  "pk": 131,
  "fields": {
    "action_time": "2020-02-23T23:26:42.524Z",
    "user": 1,
    "content_type": 11,
    "object_id": "1",
    "object_repr": "Apples- Rockit",
    "action_flag": 3,
    "change_message": ""
  }
},
{
  "model": "admin.logentry",
  "pk": 132,
  "fields": {
    "action_time": "2020-02-23T23:27:21.778Z",
    "user": 1,
    "content_type": 11,
    "object_id": "18",
    "object_repr": "Grapes- Sav Blanc",
    "action_flag": 3,
    "change_message": ""
  }
},
{
  "model": "admin.logentry",
  "pk": 133,
  "fields": {
    "action_time": "2020-02-23T23:27:30.516Z",
    "user": 1,
    "content_type": 11,
    "object_id": "17",
    "object_repr": "Grapes- Pinot Gris",
    "action_flag": 3,
    "change_message": ""
  }
},
{
  "model": "admin.logentry",
  "pk": 134,
  "fields": {
    "action_time": "2020-02-23T23:27:37.654Z",
    "user": 1,
    "content_type": 11,
    "object_id": "16",
    "object_repr": "Grapes- Pinot Noir",
    "action_flag": 3,
    "change_message": ""
  }
},
{
  "model": "admin.logentry",
  "pk": 135,
  "fields": {
    "action_time": "2020-02-23T23:27:42.685Z",
    "user": 1,
    "content_type": 11,
    "object_id": "15",
    "object_repr": "Grapes- Cabernet",
    "action_flag": 3,
    "change_message": ""
  }
},
{
  "model": "admin.logentry",
  "pk": 136,
  "fields": {
    "action_time": "2020-02-23T23:27:48.557Z",
    "user": 1,
    "content_type": 11,
    "object_id": "14",
    "object_repr": "Grapes- Merlot",
    "action_flag": 3,
    "change_message": ""
  }
},
{
  "model": "admin.logentry",
  "pk": 137,
  "fields": {
    "action_time": "2020-02-23T23:27:59.657Z",
    "user": 1,
    "content_type": 11,
    "object_id": "5",
    "object_repr": "Apples- Envy",
    "action_flag": 3,
    "change_message": ""
  }
},
{
  "model": "admin.logentry",
  "pk": 138,
  "fields": {
    "action_time": "2020-02-23T23:28:23.221Z",
    "user": 1,
    "content_type": 11,
    "object_id": "9",
    "object_repr": "Apples- Braeburn",
    "action_flag": 3,
    "change_message": ""
  }
},
{
  "model": "admin.logentry",
  "pk": 139,
  "fields": {
    "action_time": "2020-02-23T23:28:28.639Z",
    "user": 1,
    "content_type": 11,
    "object_id": "12",
    "object_repr": "Apples- Fuji",
    "action_flag": 3,
    "change_message": ""
  }
},
{
  "model": "admin.logentry",
  "pk": 140,
  "fields": {
    "action_time": "2020-02-23T23:28:34.177Z",
    "user": 1,
    "content_type": 11,
    "object_id": "7",
    "object_repr": "Apples- Jazz",
    "action_flag": 3,
    "change_message": ""
  }
},
{
  "model": "admin.logentry",
  "pk": 141,
  "fields": {
    "action_time": "2020-02-23T23:28:40.377Z",
    "user": 1,
    "content_type": 11,
    "object_id": "8",
    "object_repr": "Apples- Koru",
    "action_flag": 3,
    "change_message": ""
  }
},
{
  "model": "admin.logentry",
  "pk": 142,
  "fields": {
    "action_time": "2020-02-23T23:28:50.479Z",
    "user": 1,
    "content_type": 11,
    "object_id": "10",
    "object_repr": "Apples- Pacific Queen",
    "action_flag": 3,
    "change_message": ""
  }
},
{
  "model": "admin.logentry",
  "pk": 143,
  "fields": {
    "action_time": "2020-02-23T23:28:50.481Z",
    "user": 1,
    "content_type": 11,
    "object_id": "11",
    "object_repr": "Apples- Pink Lady",
    "action_flag": 3,
    "change_message": ""
  }
},
{
  "model": "admin.logentry",
  "pk": 144,
  "fields": {
    "action_time": "2020-02-23T23:28:50.483Z",
    "user": 1,
    "content_type": 11,
    "object_id": "1",
    "object_repr": "Apples- Rockit",
    "action_flag": 3,
    "change_message": ""
  }
},
{
  "model": "admin.logentry",
  "pk": 145,
  "fields": {
    "action_time": "2020-02-23T23:29:01.405Z",
    "user": 1,
    "content_type": 11,
    "object_id": "10",
    "object_repr": "Apples- Pacific Queen",
    "action_flag": 3,
    "change_message": ""
  }
},
{
  "model": "admin.logentry",
  "pk": 146,
  "fields": {
    "action_time": "2020-02-23T23:29:06.864Z",
    "user": 1,
    "content_type": 11,
    "object_id": "11",
    "object_repr": "Apples- Pink Lady",
    "action_flag": 3,
    "change_message": ""
  }
},
{
  "model": "admin.logentry",
  "pk": 147,
  "fields": {
    "action_time": "2020-02-23T23:29:15.644Z",
    "user": 1,
    "content_type": 11,
    "object_id": "13",
    "object_repr": "Grapes- Chardonnay",
    "action_flag": 3,
    "change_message": ""
  }
},
{
  "model": "admin.logentry",
  "pk": 148,
  "fields": {
    "action_time": "2020-02-23T23:29:26.989Z",
    "user": 1,
    "content_type": 11,
    "object_id": "1",
    "object_repr": "Apples",
    "action_flag": 2,
    "change_message": "[{\"changed\": {\"fields\": [\"name\"]}}]"
  }
},
{
  "model": "admin.logentry",
  "pk": 149,
  "fields": {
    "action_time": "2020-02-23T23:29:33.781Z",
    "user": 1,
    "content_type": 11,
    "object_id": "6",
    "object_repr": "Apples- Royal Gala",
    "action_flag": 3,
    "change_message": ""
  }
},
{
  "model": "admin.logentry",
  "pk": 150,
  "fields": {
    "action_time": "2020-02-23T23:29:39.435Z",
    "user": 1,
    "content_type": 11,
    "object_id": "3",
    "object_repr": "Citrus",
    "action_flag": 2,
    "change_message": "[]"
  }
},
{
  "model": "admin.logentry",
  "pk": 151,
  "fields": {
    "action_time": "2020-02-23T23:29:52.448Z",
    "user": 1,
    "content_type": 11,
    "object_id": "2",
    "object_repr": "Grapes",
    "action_flag": 2,
    "change_message": "[{\"changed\": {\"fields\": [\"name\"]}}]"
  }
},
{
  "model": "admin.logentry",
  "pk": 152,
  "fields": {
    "action_time": "2020-02-23T23:30:03.168Z",
    "user": 1,
    "content_type": 11,
    "object_id": "4",
    "object_repr": "Hops",
    "action_flag": 2,
    "change_message": "[{\"changed\": {\"fields\": [\"name\"]}}]"
  }
},
{
  "model": "admin.logentry",
  "pk": 153,
  "fields": {
    "action_time": "2020-02-24T00:08:49.619Z",
    "user": 1,
    "content_type": 34,
    "object_id": "1",
    "object_repr": "Puketapu",
    "action_flag": 2,
    "change_message": "[]"
  }
},
{
  "model": "admin.logentry",
  "pk": 154,
  "fields": {
    "action_time": "2020-02-24T00:09:04.098Z",
    "user": 1,
    "content_type": 34,
    "object_id": "2",
    "object_repr": "Bay View",
    "action_flag": 1,
    "change_message": "[{\"added\": {}}]"
  }
},
{
  "model": "admin.logentry",
  "pk": 155,
  "fields": {
    "action_time": "2020-02-24T00:09:05.606Z",
    "user": 1,
    "content_type": 34,
    "object_id": "2",
    "object_repr": "Bay View",
    "action_flag": 2,
    "change_message": "[]"
  }
},
{
  "model": "admin.logentry",
  "pk": 156,
  "fields": {
    "action_time": "2020-02-24T00:09:22.522Z",
    "user": 1,
    "content_type": 34,
    "object_id": "3",
    "object_repr": "Crownthorpe",
    "action_flag": 1,
    "change_message": "[{\"added\": {}}]"
  }
},
{
  "model": "admin.logentry",
  "pk": 157,
  "fields": {
    "action_time": "2020-02-24T00:09:39.201Z",
    "user": 1,
    "content_type": 34,
    "object_id": "4",
    "object_repr": "Trinity Hill",
    "action_flag": 1,
    "change_message": "[{\"added\": {}}]"
  }
},
{
  "model": "admin.logentry",
  "pk": 158,
  "fields": {
    "action_time": "2020-02-24T00:09:50.630Z",
    "user": 1,
    "content_type": 34,
    "object_id": "5",
    "object_repr": "Roys Hill",
    "action_flag": 1,
    "change_message": "[{\"added\": {}}]"
  }
},
{
  "model": "admin.logentry",
  "pk": 159,
  "fields": {
    "action_time": "2020-02-24T00:10:03.641Z",
    "user": 1,
    "content_type": 34,
    "object_id": "6",
    "object_repr": "Twford",
    "action_flag": 1,
    "change_message": "[{\"added\": {}}]"
  }
},
{
  "model": "admin.logentry",
  "pk": 160,
  "fields": {
    "action_time": "2020-02-24T00:10:15.164Z",
    "user": 1,
    "content_type": 34,
    "object_id": "7",
    "object_repr": "Pakowhai",
    "action_flag": 1,
    "change_message": "[{\"added\": {}}]"
  }
},
{
  "model": "admin.logentry",
  "pk": 161,
  "fields": {
    "action_time": "2020-02-24T00:10:29.301Z",
    "user": 1,
    "content_type": 34,
    "object_id": "8",
    "object_repr": "Lawn Rd",
    "action_flag": 1,
    "change_message": "[{\"added\": {}}]"
  }
},
{
  "model": "admin.logentry",
  "pk": 162,
  "fields": {
    "action_time": "2020-02-24T00:10:41.866Z",
    "user": 1,
    "content_type": 34,
    "object_id": "9",
    "object_repr": "Ruahapia Rd",
    "action_flag": 1,
    "change_message": "[{\"added\": {}}]"
  }
},
{
  "model": "admin.logentry",
  "pk": 163,
  "fields": {
    "action_time": "2020-02-24T00:10:57.706Z",
    "user": 1,
    "content_type": 34,
    "object_id": "10",
    "object_repr": "Havelock North",
    "action_flag": 1,
    "change_message": "[{\"added\": {}}]"
  }
},
{
  "model": "admin.logentry",
  "pk": 164,
  "fields": {
    "action_time": "2020-02-24T00:11:12.930Z",
    "user": 1,
    "content_type": 34,
    "object_id": "11",
    "object_repr": "Longlands Road",
    "action_flag": 1,
    "change_message": "[{\"added\": {}}]"
  }
},
{
  "model": "admin.logentry",
  "pk": 165,
  "fields": {
    "action_time": "2020-02-24T00:11:25.419Z",
    "user": 1,
    "content_type": 34,
    "object_id": "12",
    "object_repr": "Te Aute Road",
    "action_flag": 1,
    "change_message": "[{\"added\": {}}]"
  }
},
{
  "model": "admin.logentry",
  "pk": 166,
  "fields": {
    "action_time": "2020-02-24T00:11:48.413Z",
    "user": 1,
    "content_type": 34,
    "object_id": "13",
    "object_repr": "Ongaonga CHB",
    "action_flag": 1,
    "change_message": "[{\"added\": {}}]"
  }
},
{
  "model": "admin.logentry",
  "pk": 167,
  "fields": {
    "action_time": "2020-02-24T00:12:05.635Z",
    "user": 1,
    "content_type": 34,
    "object_id": "12",
    "object_repr": "Te Aute Road, HB",
    "action_flag": 2,
    "change_message": "[{\"changed\": {\"fields\": [\"name\"]}}]"
  }
},
{
  "model": "admin.logentry",
  "pk": 168,
  "fields": {
    "action_time": "2020-02-24T00:12:07.189Z",
    "user": 1,
    "content_type": 34,
    "object_id": "12",
    "object_repr": "Te Aute Road, HB",
    "action_flag": 2,
    "change_message": "[]"
  }
},
{
  "model": "admin.logentry",
  "pk": 169,
  "fields": {
    "action_time": "2020-02-24T00:12:14.240Z",
    "user": 1,
    "content_type": 34,
    "object_id": "11",
    "object_repr": "Longlands Road, HB",
    "action_flag": 2,
    "change_message": "[{\"changed\": {\"fields\": [\"name\"]}}]"
  }
},
{
  "model": "admin.logentry",
  "pk": 170,
  "fields": {
    "action_time": "2020-02-24T00:12:21.914Z",
    "user": 1,
    "content_type": 34,
    "object_id": "10",
    "object_repr": "Havelock North, HB",
    "action_flag": 2,
    "change_message": "[{\"changed\": {\"fields\": [\"name\"]}}]"
  }
},
{
  "model": "admin.logentry",
  "pk": 171,
  "fields": {
    "action_time": "2020-02-24T00:12:31.696Z",
    "user": 1,
    "content_type": 34,
    "object_id": "9",
    "object_repr": "Ruahapia Rd, HB",
    "action_flag": 2,
    "change_message": "[{\"changed\": {\"fields\": [\"name\"]}}]"
  }
},
{
  "model": "admin.logentry",
  "pk": 172,
  "fields": {
    "action_time": "2020-02-24T00:12:38.270Z",
    "user": 1,
    "content_type": 34,
    "object_id": "8",
    "object_repr": "Lawn Rd, HB",
    "action_flag": 2,
    "change_message": "[{\"changed\": {\"fields\": [\"name\"]}}]"
  }
},
{
  "model": "admin.logentry",
  "pk": 173,
  "fields": {
    "action_time": "2020-02-24T00:12:46.109Z",
    "user": 1,
    "content_type": 34,
    "object_id": "7",
    "object_repr": "Pakowhai, HB",
    "action_flag": 2,
    "change_message": "[{\"changed\": {\"fields\": [\"name\"]}}]"
  }
},
{
  "model": "admin.logentry",
  "pk": 174,
  "fields": {
    "action_time": "2020-02-24T00:12:53.811Z",
    "user": 1,
    "content_type": 34,
    "object_id": "6",
    "object_repr": "Twford, HB",
    "action_flag": 2,
    "change_message": "[{\"changed\": {\"fields\": [\"name\"]}}]"
  }
},
{
  "model": "admin.logentry",
  "pk": 175,
  "fields": {
    "action_time": "2020-02-24T00:12:59.981Z",
    "user": 1,
    "content_type": 34,
    "object_id": "5",
    "object_repr": "Roys Hill, HB",
    "action_flag": 2,
    "change_message": "[{\"changed\": {\"fields\": [\"name\"]}}]"
  }
},
{
  "model": "admin.logentry",
  "pk": 176,
  "fields": {
    "action_time": "2020-02-24T00:13:08.065Z",
    "user": 1,
    "content_type": 34,
    "object_id": "4",
    "object_repr": "Trinity Hill, HB",
    "action_flag": 2,
    "change_message": "[{\"changed\": {\"fields\": [\"name\"]}}]"
  }
},
{
  "model": "admin.logentry",
  "pk": 177,
  "fields": {
    "action_time": "2020-02-24T00:13:14.726Z",
    "user": 1,
    "content_type": 34,
    "object_id": "3",
    "object_repr": "Crownthorpe, HB",
    "action_flag": 2,
    "change_message": "[{\"changed\": {\"fields\": [\"name\"]}}]"
  }
},
{
  "model": "admin.logentry",
  "pk": 178,
  "fields": {
    "action_time": "2020-02-24T00:13:22.374Z",
    "user": 1,
    "content_type": 34,
    "object_id": "2",
    "object_repr": "Bay View, HB",
    "action_flag": 2,
    "change_message": "[{\"changed\": {\"fields\": [\"name\"]}}]"
  }
},
{
  "model": "admin.logentry",
  "pk": 179,
  "fields": {
    "action_time": "2020-02-24T00:13:29.338Z",
    "user": 1,
    "content_type": 34,
    "object_id": "1",
    "object_repr": "Puketapu, HB",
    "action_flag": 2,
    "change_message": "[{\"changed\": {\"fields\": [\"name\"]}}]"
  }
},
{
  "model": "admin.logentry",
  "pk": 180,
  "fields": {
    "action_time": "2020-02-24T00:14:05.359Z",
    "user": 1,
    "content_type": 12,
    "object_id": "6",
    "object_repr": "HLZ",
    "action_flag": 2,
    "change_message": "[{\"changed\": {\"fields\": [\"weatherstation\"]}}]"
  }
},
{
  "model": "admin.logentry",
  "pk": 181,
  "fields": {
    "action_time": "2020-02-24T00:14:17.301Z",
    "user": 1,
    "content_type": 12,
    "object_id": "5",
    "object_repr": "The Orchard",
    "action_flag": 2,
    "change_message": "[{\"changed\": {\"fields\": [\"weatherstation\"]}}]"
  }
},
{
  "model": "admin.logentry",
  "pk": 182,
  "fields": {
    "action_time": "2020-02-24T00:14:24.801Z",
    "user": 1,
    "content_type": 12,
    "object_id": "4",
    "object_repr": "Rockit Whar",
    "action_flag": 2,
    "change_message": "[{\"changed\": {\"fields\": [\"weatherstation\"]}}]"
  }
},
{
  "model": "admin.logentry",
  "pk": 183,
  "fields": {
    "action_time": "2020-02-24T00:14:32.088Z",
    "user": 1,
    "content_type": 12,
    "object_id": "3",
    "object_repr": "Rockit Simmons",
    "action_flag": 2,
    "change_message": "[{\"changed\": {\"fields\": [\"weatherstation\"]}}]"
  }
},
{
  "model": "admin.logentry",
  "pk": 184,
  "fields": {
    "action_time": "2020-02-24T00:14:39.524Z",
    "user": 1,
    "content_type": 12,
    "object_id": "2",
    "object_repr": "Rockit Steel",
    "action_flag": 2,
    "change_message": "[{\"changed\": {\"fields\": [\"weatherstation\"]}}]"
  }
},
{
  "model": "admin.logentry",
  "pk": 185,
  "fields": {
    "action_time": "2020-02-24T00:14:52.368Z",
    "user": 1,
    "content_type": 12,
    "object_id": "1",
    "object_repr": "Rockit Whar 2",
    "action_flag": 2,
    "change_message": "[{\"changed\": {\"fields\": [\"weatherstation\"]}}]"
  }
},
{
  "model": "admin.logentry",
  "pk": 186,
  "fields": {
    "action_time": "2020-02-24T00:17:41.546Z",
    "user": 1,
    "content_type": 21,
    "object_id": "1",
    "object_repr": "Apples:2019-10-19:2019-10-27:0.5",
    "action_flag": 1,
    "change_message": "[{\"added\": {}}]"
  }
},
{
  "model": "admin.logentry",
  "pk": 187,
  "fields": {
    "action_time": "2020-02-24T00:18:04.411Z",
    "user": 1,
    "content_type": 21,
    "object_id": "1",
    "object_repr": "Apples:2019-10-19:2019-10-27:0.5",
    "action_flag": 2,
    "change_message": "[]"
  }
},
{
  "model": "admin.logentry",
  "pk": 188,
  "fields": {
    "action_time": "2020-02-24T00:19:57.058Z",
    "user": 1,
    "content_type": 21,
    "object_id": "2",
    "object_repr": "Apples:2019-11-13:2019-11-27:0.7",
    "action_flag": 1,
    "change_message": "[{\"added\": {}}]"
  }
},
{
  "model": "admin.logentry",
  "pk": 189,
  "fields": {
    "action_time": "2020-02-24T00:20:10.422Z",
    "user": 1,
    "content_type": 21,
    "object_id": "2",
    "object_repr": "Apples:2019-11-13:2019-11-27:0.7",
    "action_flag": 2,
    "change_message": "[]"
  }
},
{
  "model": "admin.logentry",
  "pk": 190,
  "fields": {
    "action_time": "2020-02-24T00:20:20.220Z",
    "user": 1,
    "content_type": 21,
    "object_id": "3",
    "object_repr": "Apples:2020-02-24:2020-02-24:None",
    "action_flag": 1,
    "change_message": "[{\"added\": {}}]"
  }
},
{
  "model": "admin.logentry",
  "pk": 191,
  "fields": {
    "action_time": "2020-02-24T00:21:21.368Z",
    "user": 1,
    "content_type": 21,
    "object_id": "3",
    "object_repr": "Apples:2019-10-28:2019-11-12:0.6",
    "action_flag": 2,
    "change_message": "[{\"changed\": {\"fields\": [\"period_from\", \"period_to\", \"kc\"]}}]"
  }
},
{
  "model": "admin.logentry",
  "pk": 192,
  "fields": {
    "action_time": "2020-02-24T00:23:16.786Z",
    "user": 1,
    "content_type": 21,
    "object_id": "4",
    "object_repr": "Apples:2019-12-28:2020-01-11:0.8",
    "action_flag": 1,
    "change_message": "[{\"added\": {}}]"
  }
},
{
  "model": "admin.logentry",
  "pk": 193,
  "fields": {
    "action_time": "2020-02-24T00:24:00.311Z",
    "user": 1,
    "content_type": 21,
    "object_id": "5",
    "object_repr": "Apples:2020-01-12:2020-01-26:0.9",
    "action_flag": 1,
    "change_message": "[{\"added\": {}}]"
  }
},
{
  "model": "admin.logentry",
  "pk": 194,
  "fields": {
    "action_time": "2020-02-24T00:24:42.306Z",
    "user": 1,
    "content_type": 21,
    "object_id": "6",
    "object_repr": "Apples:2020-01-26:2020-02-09:1.0",
    "action_flag": 1,
    "change_message": "[{\"added\": {}}]"
  }
},
{
  "model": "admin.logentry",
  "pk": 195,
  "fields": {
    "action_time": "2020-02-24T00:27:22.031Z",
    "user": 1,
    "content_type": 21,
    "object_id": "7",
    "object_repr": "Apples:2020-02-09:2020-03-31:1.1",
    "action_flag": 1,
    "change_message": "[{\"added\": {}}]"
  }
},
{
  "model": "admin.logentry",
  "pk": 196,
  "fields": {
    "action_time": "2020-02-24T00:28:43.320Z",
    "user": 1,
    "content_type": 21,
    "object_id": "8",
    "object_repr": "Apples:2020-04-01:2020-04-30:1.0",
    "action_flag": 1,
    "change_message": "[{\"added\": {}}]"
  }
},
{
  "model": "admin.logentry",
  "pk": 197,
  "fields": {
    "action_time": "2020-02-24T00:29:22.877Z",
    "user": 1,
    "content_type": 21,
    "object_id": "9",
    "object_repr": "Apples:2020-05-01:2020-06-30:0.8",
    "action_flag": 1,
    "change_message": "[{\"added\": {}}]"
  }
},
{
  "model": "admin.logentry",
  "pk": 198,
  "fields": {
    "action_time": "2020-02-24T00:29:42.400Z",
    "user": 1,
    "content_type": 21,
    "object_id": "1",
    "object_repr": "Apples:2019-09-01:2019-10-27:0.5",
    "action_flag": 2,
    "change_message": "[{\"changed\": {\"fields\": [\"period_from\"]}}]"
  }
},
{
  "model": "admin.logentry",
  "pk": 199,
  "fields": {
    "action_time": "2020-02-24T01:06:49.073Z",
    "user": 1,
    "content_type": 13,
    "object_id": "2",
    "object_repr": "50618",
    "action_flag": 1,
    "change_message": "[{\"added\": {}}]"
  }
},
{
  "model": "admin.logentry",
  "pk": 200,
  "fields": {
    "action_time": "2020-02-24T01:07:29.076Z",
    "user": 1,
    "content_type": 19,
    "object_id": "9",
    "object_repr": "50618:1:2020-02-24",
    "action_flag": 1,
    "change_message": "[{\"added\": {}}]"
  }
},
{
  "model": "admin.logentry",
  "pk": 201,
  "fields": {
    "action_time": "2020-02-24T01:07:46.479Z",
    "user": 1,
    "content_type": 19,
    "object_id": "10",
    "object_repr": "50618:2:2020-02-24",
    "action_flag": 1,
    "change_message": "[{\"added\": {}}]"
  }
},
{
  "model": "admin.logentry",
  "pk": 202,
  "fields": {
    "action_time": "2020-02-24T01:08:03.949Z",
    "user": 1,
    "content_type": 19,
    "object_id": "11",
    "object_repr": "50618:3:2020-02-24",
    "action_flag": 1,
    "change_message": "[{\"added\": {}}]"
  }
},
{
  "model": "admin.logentry",
  "pk": 203,
  "fields": {
    "action_time": "2020-02-24T01:08:42.572Z",
    "user": 1,
    "content_type": 19,
    "object_id": "12",
    "object_repr": "50618:4:2020-02-24",
    "action_flag": 1,
    "change_message": "[{\"added\": {}}]"
  }
},
{
  "model": "admin.logentry",
  "pk": 204,
  "fields": {
    "action_time": "2020-02-24T01:09:08.350Z",
    "user": 1,
    "content_type": 19,
    "object_id": "11",
    "object_repr": "50618:3:2020-02-24",
    "action_flag": 2,
    "change_message": "[{\"changed\": {\"fields\": [\"intercept\"]}}]"
  }
},
{
  "model": "admin.logentry",
  "pk": 205,
  "fields": {
    "action_time": "2020-02-24T01:09:28.605Z",
    "user": 1,
    "content_type": 19,
    "object_id": "13",
    "object_repr": "50618:5:2020-02-24",
    "action_flag": 1,
    "change_message": "[{\"added\": {}}]"
  }
},
{
  "model": "admin.logentry",
  "pk": 206,
  "fields": {
    "action_time": "2020-02-24T01:09:44.620Z",
    "user": 1,
    "content_type": 19,
    "object_id": "14",
    "object_repr": "50618:6:2020-02-24",
    "action_flag": 1,
    "change_message": "[{\"added\": {}}]"
  }
},
{
  "model": "admin.logentry",
  "pk": 207,
  "fields": {
    "action_time": "2020-02-24T01:09:59.726Z",
    "user": 1,
    "content_type": 19,
    "object_id": "15",
    "object_repr": "50618:7:2020-02-24",
    "action_flag": 1,
    "change_message": "[{\"added\": {}}]"
  }
},
{
  "model": "admin.logentry",
  "pk": 208,
  "fields": {
    "action_time": "2020-02-24T01:10:20.817Z",
    "user": 1,
    "content_type": 19,
    "object_id": "16",
    "object_repr": "50618:8:2020-02-24",
    "action_flag": 1,
    "change_message": "[{\"added\": {}}]"
  }
},
{
  "model": "admin.logentry",
  "pk": 209,
  "fields": {
    "action_time": "2020-02-24T01:15:02.013Z",
    "user": 1,
    "content_type": 13,
    "object_id": "3",
    "object_repr": "50597",
    "action_flag": 1,
    "change_message": "[{\"added\": {}}]"
  }
},
{
  "model": "admin.logentry",
  "pk": 210,
  "fields": {
    "action_time": "2020-02-24T01:15:36.063Z",
    "user": 1,
    "content_type": 19,
    "object_id": "17",
    "object_repr": "50597:1:2020-02-24",
    "action_flag": 1,
    "change_message": "[{\"added\": {}}]"
  }
},
{
  "model": "admin.logentry",
  "pk": 211,
  "fields": {
    "action_time": "2020-02-24T01:15:51.322Z",
    "user": 1,
    "content_type": 19,
    "object_id": "18",
    "object_repr": "50597:2:2020-02-24",
    "action_flag": 1,
    "change_message": "[{\"added\": {}}]"
  }
},
{
  "model": "admin.logentry",
  "pk": 212,
  "fields": {
    "action_time": "2020-02-24T01:16:05.362Z",
    "user": 1,
    "content_type": 19,
    "object_id": "19",
    "object_repr": "50597:3:2020-02-24",
    "action_flag": 1,
    "change_message": "[{\"added\": {}}]"
  }
},
{
  "model": "admin.logentry",
  "pk": 213,
  "fields": {
    "action_time": "2020-02-24T01:16:22.614Z",
    "user": 1,
    "content_type": 19,
    "object_id": "20",
    "object_repr": "50597:4:2020-02-24",
    "action_flag": 1,
    "change_message": "[{\"added\": {}}]"
  }
},
{
  "model": "admin.logentry",
  "pk": 214,
  "fields": {
    "action_time": "2020-02-24T01:16:38.503Z",
    "user": 1,
    "content_type": 19,
    "object_id": "21",
    "object_repr": "50597:5:2020-02-24",
    "action_flag": 1,
    "change_message": "[{\"added\": {}}]"
  }
},
{
  "model": "admin.logentry",
  "pk": 215,
  "fields": {
    "action_time": "2020-02-24T01:16:53.005Z",
    "user": 1,
    "content_type": 19,
    "object_id": "22",
    "object_repr": "50597:6:2020-02-24",
    "action_flag": 1,
    "change_message": "[{\"added\": {}}]"
  }
},
{
  "model": "admin.logentry",
  "pk": 216,
  "fields": {
    "action_time": "2020-02-24T01:17:07.584Z",
    "user": 1,
    "content_type": 19,
    "object_id": "23",
    "object_repr": "50597:7:2020-02-24",
    "action_flag": 1,
    "change_message": "[{\"added\": {}}]"
  }
},
{
  "model": "admin.logentry",
  "pk": 217,
  "fields": {
    "action_time": "2020-02-24T01:17:24.220Z",
    "user": 1,
    "content_type": 19,
    "object_id": "24",
    "object_repr": "50597:8:2020-02-24",
    "action_flag": 1,
    "change_message": "[{\"added\": {}}]"
  }
},
{
  "model": "admin.logentry",
  "pk": 218,
  "fields": {
    "action_time": "2020-02-24T01:41:08.892Z",
    "user": 1,
    "content_type": 13,
    "object_id": "4",
    "object_repr": "708",
    "action_flag": 1,
    "change_message": "[{\"added\": {}}]"
  }
},
{
  "model": "admin.logentry",
  "pk": 219,
  "fields": {
    "action_time": "2020-02-24T01:41:29.589Z",
    "user": 1,
    "content_type": 19,
    "object_id": "25",
    "object_repr": "708:1:2020-02-24",
    "action_flag": 1,
    "change_message": "[{\"added\": {}}]"
  }
},
{
  "model": "admin.logentry",
  "pk": 220,
  "fields": {
    "action_time": "2020-02-24T01:41:47.624Z",
    "user": 1,
    "content_type": 19,
    "object_id": "26",
    "object_repr": "708:2:2020-02-24",
    "action_flag": 1,
    "change_message": "[{\"added\": {}}]"
  }
},
{
  "model": "admin.logentry",
  "pk": 221,
  "fields": {
    "action_time": "2020-02-24T01:42:04.748Z",
    "user": 1,
    "content_type": 19,
    "object_id": "27",
    "object_repr": "708:3:2020-02-24",
    "action_flag": 1,
    "change_message": "[{\"added\": {}}]"
  }
},
{
  "model": "admin.logentry",
  "pk": 222,
  "fields": {
    "action_time": "2020-02-24T01:42:20.683Z",
    "user": 1,
    "content_type": 19,
    "object_id": "28",
    "object_repr": "708:4:2020-02-24",
    "action_flag": 1,
    "change_message": "[{\"added\": {}}]"
  }
},
{
  "model": "admin.logentry",
  "pk": 223,
  "fields": {
    "action_time": "2020-02-24T01:42:33.329Z",
    "user": 1,
    "content_type": 19,
    "object_id": "29",
    "object_repr": "708:5:2020-02-24",
    "action_flag": 1,
    "change_message": "[{\"added\": {}}]"
  }
},
{
  "model": "admin.logentry",
  "pk": 224,
  "fields": {
    "action_time": "2020-02-24T01:42:47.348Z",
    "user": 1,
    "content_type": 19,
    "object_id": "30",
    "object_repr": "708:6:2020-02-24",
    "action_flag": 1,
    "change_message": "[{\"added\": {}}]"
  }
},
{
  "model": "admin.logentry",
  "pk": 225,
  "fields": {
    "action_time": "2020-02-24T01:43:07.221Z",
    "user": 1,
    "content_type": 19,
    "object_id": "31",
    "object_repr": "708:7:2020-02-24",
    "action_flag": 1,
    "change_message": "[{\"added\": {}}]"
  }
},
{
  "model": "admin.logentry",
  "pk": 226,
  "fields": {
    "action_time": "2020-02-24T01:43:23.291Z",
    "user": 1,
    "content_type": 19,
    "object_id": "32",
    "object_repr": "708:8:2020-02-24",
    "action_flag": 1,
    "change_message": "[{\"added\": {}}]"
  }
},
{
  "model": "admin.logentry",
  "pk": 227,
  "fields": {
    "action_time": "2020-02-24T01:43:51.328Z",
    "user": 1,
    "content_type": 13,
    "object_id": "5",
    "object_repr": "607",
    "action_flag": 1,
    "change_message": "[{\"added\": {}}]"
  }
},
{
  "model": "admin.logentry",
  "pk": 228,
  "fields": {
    "action_time": "2020-02-24T01:44:08.837Z",
    "user": 1,
    "content_type": 19,
    "object_id": "33",
    "object_repr": "607:1:2020-02-24",
    "action_flag": 1,
    "change_message": "[{\"added\": {}}]"
  }
},
{
  "model": "admin.logentry",
  "pk": 229,
  "fields": {
    "action_time": "2020-02-24T01:44:26.059Z",
    "user": 1,
    "content_type": 19,
    "object_id": "34",
    "object_repr": "607:2:2020-02-24",
    "action_flag": 1,
    "change_message": "[{\"added\": {}}]"
  }
},
{
  "model": "admin.logentry",
  "pk": 230,
  "fields": {
    "action_time": "2020-02-24T01:44:38.974Z",
    "user": 1,
    "content_type": 19,
    "object_id": "35",
    "object_repr": "607:3:2020-02-24",
    "action_flag": 1,
    "change_message": "[{\"added\": {}}]"
  }
},
{
  "model": "admin.logentry",
  "pk": 231,
  "fields": {
    "action_time": "2020-02-24T01:44:52.880Z",
    "user": 1,
    "content_type": 19,
    "object_id": "36",
    "object_repr": "607:4:2020-02-24",
    "action_flag": 1,
    "change_message": "[{\"added\": {}}]"
  }
},
{
  "model": "admin.logentry",
  "pk": 232,
  "fields": {
    "action_time": "2020-02-24T01:45:07.855Z",
    "user": 1,
    "content_type": 19,
    "object_id": "37",
    "object_repr": "607:5:2020-02-24",
    "action_flag": 1,
    "change_message": "[{\"added\": {}}]"
  }
},
{
  "model": "admin.logentry",
  "pk": 233,
  "fields": {
    "action_time": "2020-02-24T01:45:25.823Z",
    "user": 1,
    "content_type": 19,
    "object_id": "38",
    "object_repr": "607:6:2020-02-24",
    "action_flag": 1,
    "change_message": "[{\"added\": {}}]"
  }
},
{
  "model": "admin.logentry",
  "pk": 234,
  "fields": {
    "action_time": "2020-02-24T01:45:41.474Z",
    "user": 1,
    "content_type": 19,
    "object_id": "39",
    "object_repr": "607:7:2020-02-24",
    "action_flag": 1,
    "change_message": "[{\"added\": {}}]"
  }
},
{
  "model": "admin.logentry",
  "pk": 235,
  "fields": {
    "action_time": "2020-02-24T01:45:55.366Z",
    "user": 1,
    "content_type": 19,
    "object_id": "40",
    "object_repr": "607:8:2020-02-24",
    "action_flag": 1,
    "change_message": "[{\"added\": {}}]"
  }
},
{
  "model": "admin.logentry",
  "pk": 236,
  "fields": {
    "action_time": "2020-02-24T01:46:12.754Z",
    "user": 1,
    "content_type": 13,
    "object_id": "6",
    "object_repr": "50579",
    "action_flag": 1,
    "change_message": "[{\"added\": {}}]"
  }
},
{
  "model": "admin.logentry",
  "pk": 237,
  "fields": {
    "action_time": "2020-02-24T01:46:37.343Z",
    "user": 1,
    "content_type": 19,
    "object_id": "41",
    "object_repr": "50579:1:2020-02-24",
    "action_flag": 1,
    "change_message": "[{\"added\": {}}]"
  }
},
{
  "model": "admin.logentry",
  "pk": 238,
  "fields": {
    "action_time": "2020-02-24T01:47:18.183Z",
    "user": 1,
    "content_type": 19,
    "object_id": "42",
    "object_repr": "50579:1:2020-02-24",
    "action_flag": 1,
    "change_message": "[{\"added\": {}}]"
  }
},
{
  "model": "admin.logentry",
  "pk": 239,
  "fields": {
    "action_time": "2020-02-24T01:47:29.543Z",
    "user": 1,
    "content_type": 19,
    "object_id": "43",
    "object_repr": "50579:None:2020-02-24",
    "action_flag": 1,
    "change_message": "[{\"added\": {}}]"
  }
},
{
  "model": "admin.logentry",
  "pk": 240,
  "fields": {
    "action_time": "2020-02-24T01:47:45.144Z",
    "user": 1,
    "content_type": 19,
    "object_id": "44",
    "object_repr": "50579:3:2020-02-24",
    "action_flag": 1,
    "change_message": "[{\"added\": {}}]"
  }
},
{
  "model": "admin.logentry",
  "pk": 241,
  "fields": {
    "action_time": "2020-02-24T01:48:01.744Z",
    "user": 1,
    "content_type": 19,
    "object_id": "45",
    "object_repr": "50579:4:2020-02-24",
    "action_flag": 1,
    "change_message": "[{\"added\": {}}]"
  }
},
{
  "model": "admin.logentry",
  "pk": 242,
  "fields": {
    "action_time": "2020-02-24T01:48:25.020Z",
    "user": 1,
    "content_type": 19,
    "object_id": "46",
    "object_repr": "50579:5:2020-02-24",
    "action_flag": 1,
    "change_message": "[{\"added\": {}}]"
  }
},
{
  "model": "admin.logentry",
  "pk": 243,
  "fields": {
    "action_time": "2020-02-24T01:48:42.381Z",
    "user": 1,
    "content_type": 19,
    "object_id": "47",
    "object_repr": "50579:6:2020-02-24",
    "action_flag": 1,
    "change_message": "[{\"added\": {}}]"
  }
},
{
  "model": "admin.logentry",
  "pk": 244,
  "fields": {
    "action_time": "2020-02-24T01:49:02.445Z",
    "user": 1,
    "content_type": 19,
    "object_id": "48",
    "object_repr": "50579:7:2020-02-24",
    "action_flag": 1,
    "change_message": "[{\"added\": {}}]"
  }
},
{
  "model": "admin.logentry",
  "pk": 245,
  "fields": {
    "action_time": "2020-02-24T01:49:17.349Z",
    "user": 1,
    "content_type": 19,
    "object_id": "49",
    "object_repr": "50579:8:2020-02-24",
    "action_flag": 1,
    "change_message": "[{\"added\": {}}]"
  }
},
{
  "model": "admin.logentry",
  "pk": 246,
  "fields": {
    "action_time": "2020-02-24T01:49:37.643Z",
    "user": 1,
    "content_type": 13,
    "object_id": "7",
    "object_repr": "50617",
    "action_flag": 1,
    "change_message": "[{\"added\": {}}]"
  }
},
{
  "model": "admin.logentry",
  "pk": 247,
  "fields": {
    "action_time": "2020-02-24T01:49:52.125Z",
    "user": 1,
    "content_type": 19,
    "object_id": "50",
    "object_repr": "50617:1:2020-02-24",
    "action_flag": 1,
    "change_message": "[{\"added\": {}}]"
  }
},
{
  "model": "admin.logentry",
  "pk": 248,
  "fields": {
    "action_time": "2020-02-24T01:50:07.623Z",
    "user": 1,
    "content_type": 19,
    "object_id": "51",
    "object_repr": "50617:2:2020-02-24",
    "action_flag": 1,
    "change_message": "[{\"added\": {}}]"
  }
},
{
  "model": "admin.logentry",
  "pk": 249,
  "fields": {
    "action_time": "2020-02-24T01:50:23.285Z",
    "user": 1,
    "content_type": 19,
    "object_id": "52",
    "object_repr": "50617:3:2020-02-24",
    "action_flag": 1,
    "change_message": "[{\"added\": {}}]"
  }
},
{
  "model": "admin.logentry",
  "pk": 250,
  "fields": {
    "action_time": "2020-02-24T01:51:14.430Z",
    "user": 1,
    "content_type": 19,
    "object_id": "53",
    "object_repr": "50617:4:2020-02-24",
    "action_flag": 1,
    "change_message": "[{\"added\": {}}]"
  }
},
{
  "model": "admin.logentry",
  "pk": 251,
  "fields": {
    "action_time": "2020-02-24T01:51:32.313Z",
    "user": 1,
    "content_type": 19,
    "object_id": "54",
    "object_repr": "50617:5:2020-02-24",
    "action_flag": 1,
    "change_message": "[{\"added\": {}}]"
  }
},
{
  "model": "admin.logentry",
  "pk": 252,
  "fields": {
    "action_time": "2020-02-24T01:51:48.780Z",
    "user": 1,
    "content_type": 19,
    "object_id": "55",
    "object_repr": "50617:6:2020-02-24",
    "action_flag": 1,
    "change_message": "[{\"added\": {}}]"
  }
},
{
  "model": "admin.logentry",
  "pk": 253,
  "fields": {
    "action_time": "2020-02-24T01:52:15.123Z",
    "user": 1,
    "content_type": 19,
    "object_id": "56",
    "object_repr": "50617:7:2020-02-24",
    "action_flag": 1,
    "change_message": "[{\"added\": {}}]"
  }
},
{
  "model": "admin.logentry",
  "pk": 254,
  "fields": {
    "action_time": "2020-02-24T01:52:29.187Z",
    "user": 1,
    "content_type": 19,
    "object_id": "57",
    "object_repr": "50617:8:2020-02-24",
    "action_flag": 1,
    "change_message": "[{\"added\": {}}]"
  }
},
{
  "model": "admin.logentry",
  "pk": 255,
  "fields": {
    "action_time": "2020-02-24T01:52:47.617Z",
    "user": 1,
    "content_type": 13,
    "object_id": "8",
    "object_repr": "7003",
    "action_flag": 1,
    "change_message": "[{\"added\": {}}]"
  }
},
{
  "model": "admin.logentry",
  "pk": 256,
  "fields": {
    "action_time": "2020-02-24T01:53:14.654Z",
    "user": 1,
    "content_type": 19,
    "object_id": "58",
    "object_repr": "7003:1:2020-02-24",
    "action_flag": 1,
    "change_message": "[{\"added\": {}}]"
  }
},
{
  "model": "admin.logentry",
  "pk": 257,
  "fields": {
    "action_time": "2020-02-24T01:53:22.593Z",
    "user": 1,
    "content_type": 19,
    "object_id": "58",
    "object_repr": "7003:2:2020-02-24",
    "action_flag": 2,
    "change_message": "[{\"changed\": {\"fields\": [\"soil_type\"]}}]"
  }
},
{
  "model": "admin.logentry",
  "pk": 258,
  "fields": {
    "action_time": "2020-02-24T01:53:26.425Z",
    "user": 1,
    "content_type": 19,
    "object_id": "58",
    "object_repr": "7003:3:2020-02-24",
    "action_flag": 2,
    "change_message": "[{\"changed\": {\"fields\": [\"soil_type\"]}}]"
  }
},
{
  "model": "admin.logentry",
  "pk": 259,
  "fields": {
    "action_time": "2020-02-24T01:53:46.229Z",
    "user": 1,
    "content_type": 19,
    "object_id": "58",
    "object_repr": "7003:1:2020-02-24",
    "action_flag": 2,
    "change_message": "[{\"changed\": {\"fields\": [\"soil_type\"]}}]"
  }
},
{
  "model": "admin.logentry",
  "pk": 260,
  "fields": {
    "action_time": "2020-02-24T01:54:04.517Z",
    "user": 1,
    "content_type": 19,
    "object_id": "59",
    "object_repr": "7003:2:2020-02-24",
    "action_flag": 1,
    "change_message": "[{\"added\": {}}]"
  }
},
{
  "model": "admin.logentry",
  "pk": 261,
  "fields": {
    "action_time": "2020-02-24T01:54:18.054Z",
    "user": 1,
    "content_type": 19,
    "object_id": "60",
    "object_repr": "7003:3:2020-02-24",
    "action_flag": 1,
    "change_message": "[{\"added\": {}}]"
  }
},
{
  "model": "admin.logentry",
  "pk": 262,
  "fields": {
    "action_time": "2020-02-24T01:54:31.488Z",
    "user": 1,
    "content_type": 19,
    "object_id": "61",
    "object_repr": "7003:4:2020-02-24",
    "action_flag": 1,
    "change_message": "[{\"added\": {}}]"
  }
},
{
  "model": "admin.logentry",
  "pk": 263,
  "fields": {
    "action_time": "2020-02-24T01:54:57.872Z",
    "user": 1,
    "content_type": 19,
    "object_id": "62",
    "object_repr": "7003:5:2020-02-24",
    "action_flag": 1,
    "change_message": "[{\"added\": {}}]"
  }
},
{
  "model": "admin.logentry",
  "pk": 264,
  "fields": {
    "action_time": "2020-02-24T01:55:11.362Z",
    "user": 1,
    "content_type": 19,
    "object_id": "63",
    "object_repr": "7003:6:2020-02-24",
    "action_flag": 1,
    "change_message": "[{\"added\": {}}]"
  }
},
{
  "model": "admin.logentry",
  "pk": 265,
  "fields": {
    "action_time": "2020-02-24T01:55:25.489Z",
    "user": 1,
    "content_type": 19,
    "object_id": "64",
    "object_repr": "7003:7:2020-02-24",
    "action_flag": 1,
    "change_message": "[{\"added\": {}}]"
  }
},
{
  "model": "admin.logentry",
  "pk": 266,
  "fields": {
    "action_time": "2020-02-24T01:55:38.538Z",
    "user": 1,
    "content_type": 19,
    "object_id": "65",
    "object_repr": "7003:8:2020-02-24",
    "action_flag": 1,
    "change_message": "[{\"added\": {}}]"
  }
},
{
  "model": "admin.logentry",
  "pk": 267,
  "fields": {
    "action_time": "2020-02-24T01:55:51.381Z",
    "user": 1,
    "content_type": 19,
    "object_id": "66",
    "object_repr": "7003:9:2020-02-24",
    "action_flag": 1,
    "change_message": "[{\"added\": {}}]"
  }
},
{
  "model": "admin.logentry",
  "pk": 268,
  "fields": {
    "action_time": "2020-02-24T01:57:06.085Z",
    "user": 1,
    "content_type": 19,
    "object_id": "67",
    "object_repr": "7003:10:2020-02-24",
    "action_flag": 1,
    "change_message": "[{\"added\": {}}]"
  }
},
{
  "model": "admin.logentry",
  "pk": 269,
  "fields": {
    "action_time": "2020-02-24T01:57:23.870Z",
    "user": 1,
    "content_type": 13,
    "object_id": "9",
    "object_repr": "7777",
    "action_flag": 1,
    "change_message": "[{\"added\": {}}]"
  }
},
{
  "model": "admin.logentry",
  "pk": 270,
  "fields": {
    "action_time": "2020-02-24T01:59:59.815Z",
    "user": 1,
    "content_type": 19,
    "object_id": "68",
    "object_repr": "7777:1:2020-02-24",
    "action_flag": 1,
    "change_message": "[{\"added\": {}}]"
  }
},
{
  "model": "admin.logentry",
  "pk": 271,
  "fields": {
    "action_time": "2020-02-24T02:00:09.939Z",
    "user": 1,
    "content_type": 19,
    "object_id": "69",
    "object_repr": "7777:2:2020-02-24",
    "action_flag": 1,
    "change_message": "[{\"added\": {}}]"
  }
},
{
  "model": "admin.logentry",
  "pk": 272,
  "fields": {
    "action_time": "2020-02-24T02:00:17.254Z",
    "user": 1,
    "content_type": 19,
    "object_id": "70",
    "object_repr": "7777:3:2020-02-24",
    "action_flag": 1,
    "change_message": "[{\"added\": {}}]"
  }
},
{
  "model": "admin.logentry",
  "pk": 273,
  "fields": {
    "action_time": "2020-02-24T02:00:24.752Z",
    "user": 1,
    "content_type": 19,
    "object_id": "71",
    "object_repr": "7777:4:2020-02-24",
    "action_flag": 1,
    "change_message": "[{\"added\": {}}]"
  }
},
{
  "model": "admin.logentry",
  "pk": 274,
  "fields": {
    "action_time": "2020-02-24T02:00:34.872Z",
    "user": 1,
    "content_type": 19,
    "object_id": "72",
    "object_repr": "7777:4:2020-02-24",
    "action_flag": 1,
    "change_message": "[{\"added\": {}}]"
  }
},
{
  "model": "admin.logentry",
  "pk": 275,
  "fields": {
    "action_time": "2020-02-24T02:00:41.351Z",
    "user": 1,
    "content_type": 19,
    "object_id": "73",
    "object_repr": "7777:5:2020-02-24",
    "action_flag": 1,
    "change_message": "[{\"added\": {}}]"
  }
},
{
  "model": "admin.logentry",
  "pk": 276,
  "fields": {
    "action_time": "2020-02-24T02:00:50.591Z",
    "user": 1,
    "content_type": 19,
    "object_id": "74",
    "object_repr": "7777:6:2020-02-24",
    "action_flag": 1,
    "change_message": "[{\"added\": {}}]"
  }
},
{
  "model": "admin.logentry",
  "pk": 277,
  "fields": {
    "action_time": "2020-02-24T02:00:57.926Z",
    "user": 1,
    "content_type": 19,
    "object_id": "75",
    "object_repr": "7777:7:2020-02-24",
    "action_flag": 1,
    "change_message": "[{\"added\": {}}]"
  }
},
{
  "model": "admin.logentry",
  "pk": 278,
  "fields": {
    "action_time": "2020-02-24T02:01:05.035Z",
    "user": 1,
    "content_type": 19,
    "object_id": "76",
    "object_repr": "7777:8:2020-02-24",
    "action_flag": 1,
    "change_message": "[{\"added\": {}}]"
  }
},
{
  "model": "admin.logentry",
  "pk": 279,
  "fields": {
    "action_time": "2020-02-24T02:01:12.226Z",
    "user": 1,
    "content_type": 19,
    "object_id": "77",
    "object_repr": "7777:8:2020-02-24",
    "action_flag": 1,
    "change_message": "[{\"added\": {}}]"
  }
},
{
  "model": "admin.logentry",
  "pk": 280,
  "fields": {
    "action_time": "2020-02-24T02:01:19.050Z",
    "user": 1,
    "content_type": 19,
    "object_id": "78",
    "object_repr": "7777:9:2020-02-24",
    "action_flag": 1,
    "change_message": "[{\"added\": {}}]"
  }
},
{
  "model": "admin.logentry",
  "pk": 281,
  "fields": {
    "action_time": "2020-02-24T02:01:28.500Z",
    "user": 1,
    "content_type": 19,
    "object_id": "79",
    "object_repr": "7777:10:2020-02-24",
    "action_flag": 1,
    "change_message": "[{\"added\": {}}]"
  }
},
{
  "model": "admin.logentry",
  "pk": 282,
  "fields": {
    "action_time": "2020-02-24T02:01:51.314Z",
    "user": 1,
    "content_type": 13,
    "object_id": "10",
    "object_repr": "953",
    "action_flag": 1,
    "change_message": "[{\"added\": {}}]"
  }
},
{
  "model": "admin.logentry",
  "pk": 283,
  "fields": {
    "action_time": "2020-02-24T02:02:08.163Z",
    "user": 1,
    "content_type": 19,
    "object_id": "80",
    "object_repr": "953:1:2020-02-24",
    "action_flag": 1,
    "change_message": "[{\"added\": {}}]"
  }
},
{
  "model": "admin.logentry",
  "pk": 284,
  "fields": {
    "action_time": "2020-02-24T02:02:19.349Z",
    "user": 1,
    "content_type": 19,
    "object_id": "81",
    "object_repr": "953:2:2020-02-24",
    "action_flag": 1,
    "change_message": "[{\"added\": {}}]"
  }
},
{
  "model": "admin.logentry",
  "pk": 285,
  "fields": {
    "action_time": "2020-02-24T02:02:30.940Z",
    "user": 1,
    "content_type": 19,
    "object_id": "82",
    "object_repr": "953:3:2020-02-24",
    "action_flag": 1,
    "change_message": "[{\"added\": {}}]"
  }
},
{
  "model": "admin.logentry",
  "pk": 286,
  "fields": {
    "action_time": "2020-02-24T02:02:48.763Z",
    "user": 1,
    "content_type": 19,
    "object_id": "83",
    "object_repr": "953:4:2020-02-24",
    "action_flag": 1,
    "change_message": "[{\"added\": {}}]"
  }
},
{
  "model": "admin.logentry",
  "pk": 287,
  "fields": {
    "action_time": "2020-02-24T02:03:00.554Z",
    "user": 1,
    "content_type": 19,
    "object_id": "84",
    "object_repr": "953:5:2020-02-24",
    "action_flag": 1,
    "change_message": "[{\"added\": {}}]"
  }
},
{
  "model": "admin.logentry",
  "pk": 288,
  "fields": {
    "action_time": "2020-02-24T02:03:15.990Z",
    "user": 1,
    "content_type": 19,
    "object_id": "85",
    "object_repr": "953:6:2020-02-24",
    "action_flag": 1,
    "change_message": "[{\"added\": {}}]"
  }
},
{
  "model": "admin.logentry",
  "pk": 289,
  "fields": {
    "action_time": "2020-02-24T02:03:29.340Z",
    "user": 1,
    "content_type": 19,
    "object_id": "86",
    "object_repr": "953:7:2020-02-24",
    "action_flag": 1,
    "change_message": "[{\"added\": {}}]"
  }
},
{
  "model": "admin.logentry",
  "pk": 290,
  "fields": {
    "action_time": "2020-02-24T02:03:41.304Z",
    "user": 1,
    "content_type": 19,
    "object_id": "87",
    "object_repr": "953:8:2020-02-24",
    "action_flag": 1,
    "change_message": "[{\"added\": {}}]"
  }
},
{
  "model": "admin.logentry",
  "pk": 291,
  "fields": {
    "action_time": "2020-02-24T02:03:51.479Z",
    "user": 1,
    "content_type": 19,
    "object_id": "88",
    "object_repr": "953:9:2020-02-24",
    "action_flag": 1,
    "change_message": "[{\"added\": {}}]"
  }
},
{
  "model": "admin.logentry",
  "pk": 292,
  "fields": {
    "action_time": "2020-02-24T02:04:08.354Z",
    "user": 1,
    "content_type": 19,
    "object_id": "89",
    "object_repr": "953:10:2020-02-24",
    "action_flag": 1,
    "change_message": "[{\"added\": {}}]"
  }
},
{
  "model": "admin.logentry",
  "pk": 293,
  "fields": {
    "action_time": "2020-02-24T02:05:02.193Z",
    "user": 1,
    "content_type": 13,
    "object_id": "2",
    "object_repr": "50618",
    "action_flag": 2,
    "change_message": "[{\"changed\": {\"fields\": [\"comment\"]}}]"
  }
},
{
  "model": "admin.logentry",
  "pk": 294,
  "fields": {
    "action_time": "2020-02-24T02:23:42.546Z",
    "user": 1,
    "content_type": 21,
    "object_id": "1",
    "object_repr": "Apples:2019-09-30:2019-10-27:0.5",
    "action_flag": 2,
    "change_message": "[{\"changed\": {\"fields\": [\"period_from\"]}}]"
  }
},
{
  "model": "admin.logentry",
  "pk": 295,
  "fields": {
    "action_time": "2020-02-24T02:24:57.994Z",
    "user": 1,
    "content_type": 21,
    "object_id": "10",
    "object_repr": "Hops:2019-10-01:2019-10-05:0.32",
    "action_flag": 1,
    "change_message": "[{\"added\": {}}]"
  }
},
{
  "model": "admin.logentry",
  "pk": 296,
  "fields": {
    "action_time": "2020-02-24T02:26:33.605Z",
    "user": 1,
    "content_type": 21,
    "object_id": "11",
    "object_repr": "Hops:2019-10-06:2019-10-13:0.38",
    "action_flag": 1,
    "change_message": "[{\"added\": {}}]"
  }
},
{
  "model": "admin.logentry",
  "pk": 297,
  "fields": {
    "action_time": "2020-02-24T02:27:50.847Z",
    "user": 1,
    "content_type": 21,
    "object_id": "12",
    "object_repr": "Hops:2019-10-14:2019-10-26:0.45",
    "action_flag": 1,
    "change_message": "[{\"added\": {}}]"
  }
},
{
  "model": "admin.logentry",
  "pk": 298,
  "fields": {
    "action_time": "2020-02-24T02:28:53.002Z",
    "user": 1,
    "content_type": 21,
    "object_id": "13",
    "object_repr": "Hops:2019-10-26:2019-11-17:0.55",
    "action_flag": 1,
    "change_message": "[{\"added\": {}}]"
  }
},
{
  "model": "admin.logentry",
  "pk": 299,
  "fields": {
    "action_time": "2020-02-24T02:29:29.385Z",
    "user": 1,
    "content_type": 21,
    "object_id": "14",
    "object_repr": "Hops:2019-11-18:2019-11-30:0.75",
    "action_flag": 1,
    "change_message": "[{\"added\": {}}]"
  }
},
{
  "model": "admin.logentry",
  "pk": 300,
  "fields": {
    "action_time": "2020-02-24T02:30:17.636Z",
    "user": 1,
    "content_type": 21,
    "object_id": "15",
    "object_repr": "Hops:2019-12-01:2019-12-12:0.85",
    "action_flag": 1,
    "change_message": "[{\"added\": {}}]"
  }
},
{
  "model": "admin.logentry",
  "pk": 301,
  "fields": {
    "action_time": "2020-02-24T02:30:43.785Z",
    "user": 1,
    "content_type": 21,
    "object_id": "16",
    "object_repr": "Hops:2019-12-13:2019-12-24:0.95",
    "action_flag": 1,
    "change_message": "[{\"added\": {}}]"
  }
},
{
  "model": "admin.logentry",
  "pk": 302,
  "fields": {
    "action_time": "2020-02-24T02:31:20.557Z",
    "user": 1,
    "content_type": 21,
    "object_id": "17",
    "object_repr": "Hops:2020-01-25:2020-02-29:1.03",
    "action_flag": 1,
    "change_message": "[{\"added\": {}}]"
  }
},
{
  "model": "admin.logentry",
  "pk": 303,
  "fields": {
    "action_time": "2020-02-24T02:32:18.490Z",
    "user": 1,
    "content_type": 21,
    "object_id": "18",
    "object_repr": "Hops:2019-12-25:2019-12-31:1.03",
    "action_flag": 1,
    "change_message": "[{\"added\": {}}]"
  }
},
{
  "model": "admin.logentry",
  "pk": 304,
  "fields": {
    "action_time": "2020-02-24T02:33:56.658Z",
    "user": 1,
    "content_type": 21,
    "object_id": "13",
    "object_repr": "Hops:2019-10-27:2019-11-17:0.55",
    "action_flag": 2,
    "change_message": "[{\"changed\": {\"fields\": [\"period_from\"]}}]"
  }
},
{
  "model": "admin.logentry",
  "pk": 305,
  "fields": {
    "action_time": "2020-02-24T02:38:09.435Z",
    "user": 1,
    "content_type": 21,
    "object_id": "19",
    "object_repr": "Hops:2020-01-01:2020-02-15:1.05",
    "action_flag": 1,
    "change_message": "[{\"added\": {}}]"
  }
},
{
  "model": "admin.logentry",
  "pk": 306,
  "fields": {
    "action_time": "2020-02-24T02:44:11.151Z",
    "user": 1,
    "content_type": 21,
    "object_id": "17",
    "object_repr": "Hops:2020-02-16:2020-02-22:1.03",
    "action_flag": 2,
    "change_message": "[{\"changed\": {\"fields\": [\"period_from\", \"period_to\"]}}]"
  }
},
{
  "model": "admin.logentry",
  "pk": 307,
  "fields": {
    "action_time": "2020-02-24T02:44:52.336Z",
    "user": 1,
    "content_type": 21,
    "object_id": "20",
    "object_repr": "Hops:2020-02-23:2020-03-08:0.95",
    "action_flag": 1,
    "change_message": "[{\"added\": {}}]"
  }
},
{
  "model": "admin.logentry",
  "pk": 308,
  "fields": {
    "action_time": "2020-02-24T02:45:28.276Z",
    "user": 1,
    "content_type": 21,
    "object_id": "21",
    "object_repr": "Hops:2020-03-09:2020-03-10:0.89",
    "action_flag": 1,
    "change_message": "[{\"added\": {}}]"
  }
},
{
  "model": "admin.logentry",
  "pk": 309,
  "fields": {
    "action_time": "2020-02-24T02:45:56.785Z",
    "user": 1,
    "content_type": 21,
    "object_id": "22",
    "object_repr": "Hops:2020-03-11:2020-03-14:0.86",
    "action_flag": 1,
    "change_message": "[{\"added\": {}}]"
  }
},
{
  "model": "admin.logentry",
  "pk": 310,
  "fields": {
    "action_time": "2020-02-24T02:46:29.718Z",
    "user": 1,
    "content_type": 21,
    "object_id": "23",
    "object_repr": "Hops:2020-03-15:2020-03-31:0.85",
    "action_flag": 1,
    "change_message": "[{\"added\": {}}]"
  }
},
{
  "model": "admin.logentry",
  "pk": 311,
  "fields": {
    "action_time": "2020-02-24T02:47:03.250Z",
    "user": 1,
    "content_type": 21,
    "object_id": "24",
    "object_repr": "Hops:2020-04-01:2020-04-30:0.07",
    "action_flag": 1,
    "change_message": "[{\"added\": {}}]"
  }
},
{
  "model": "admin.logentry",
  "pk": 312,
  "fields": {
    "action_time": "2020-02-24T02:50:43.251Z",
    "user": 1,
    "content_type": 11,
    "object_id": "19",
    "object_repr": "Kiwi Fruit",
    "action_flag": 1,
    "change_message": "[{\"added\": {}}]"
  }
},
{
  "model": "admin.logentry",
  "pk": 313,
  "fields": {
    "action_time": "2020-02-24T02:52:03.088Z",
    "user": 1,
    "content_type": 21,
    "object_id": "25",
    "object_repr": "Kiwi Fruit:2019-10-01:2019-11-01:0.5",
    "action_flag": 1,
    "change_message": "[{\"added\": {}}]"
  }
},
{
  "model": "admin.logentry",
  "pk": 314,
  "fields": {
    "action_time": "2020-02-24T02:53:32.823Z",
    "user": 1,
    "content_type": 21,
    "object_id": "26",
    "object_repr": "Kiwi Fruit:2019-11-02:2019-12-02:1.0",
    "action_flag": 1,
    "change_message": "[{\"added\": {}}]"
  }
},
{
  "model": "admin.logentry",
  "pk": 315,
  "fields": {
    "action_time": "2020-02-24T02:54:15.191Z",
    "user": 1,
    "content_type": 21,
    "object_id": "27",
    "object_repr": "Kiwi Fruit:2019-12-13:2020-01-01:2.5",
    "action_flag": 1,
    "change_message": "[{\"added\": {}}]"
  }
},
{
  "model": "admin.logentry",
  "pk": 316,
  "fields": {
    "action_time": "2020-02-24T02:54:45.496Z",
    "user": 1,
    "content_type": 21,
    "object_id": "28",
    "object_repr": "Kiwi Fruit:2020-01-02:2020-02-01:3.5",
    "action_flag": 1,
    "change_message": "[{\"added\": {}}]"
  }
},
{
  "model": "admin.logentry",
  "pk": 317,
  "fields": {
    "action_time": "2020-02-24T02:56:51.395Z",
    "user": 1,
    "content_type": 21,
    "object_id": "29",
    "object_repr": "Kiwi Fruit:2020-02-02:2020-02-24:None",
    "action_flag": 1,
    "change_message": "[{\"added\": {}}]"
  }
},
{
  "model": "admin.logentry",
  "pk": 318,
  "fields": {
    "action_time": "2020-02-24T02:57:41.148Z",
    "user": 1,
    "content_type": 21,
    "object_id": "25",
    "object_repr": "Kiwi Fruit:2019-10-01:2019-10-16:0.5",
    "action_flag": 2,
    "change_message": "[{\"changed\": {\"fields\": [\"period_to\"]}}]"
  }
},
{
  "model": "admin.logentry",
  "pk": 319,
  "fields": {
    "action_time": "2020-02-24T02:58:24.025Z",
    "user": 1,
    "content_type": 21,
    "object_id": "26",
    "object_repr": "Kiwi Fruit:2019-10-17:2019-10-31:0.6",
    "action_flag": 2,
    "change_message": "[{\"changed\": {\"fields\": [\"period_from\", \"period_to\", \"kc\"]}}]"
  }
},
{
  "model": "admin.logentry",
  "pk": 320,
  "fields": {
    "action_time": "2020-02-24T02:59:09.023Z",
    "user": 1,
    "content_type": 21,
    "object_id": "27",
    "object_repr": "Kiwi Fruit:2019-11-01:2019-11-10:0.7",
    "action_flag": 2,
    "change_message": "[{\"changed\": {\"fields\": [\"period_from\", \"period_to\", \"kc\"]}}]"
  }
},
{
  "model": "admin.logentry",
  "pk": 321,
  "fields": {
    "action_time": "2020-02-24T02:59:51.616Z",
    "user": 1,
    "content_type": 21,
    "object_id": "28",
    "object_repr": "Kiwi Fruit:2019-11-12:2019-11-20:0.7",
    "action_flag": 2,
    "change_message": "[{\"changed\": {\"fields\": [\"period_from\", \"period_to\", \"kc\"]}}]"
  }
},
{
  "model": "admin.logentry",
  "pk": 322,
  "fields": {
    "action_time": "2020-02-24T03:00:12.653Z",
    "user": 1,
    "content_type": 21,
    "object_id": "28",
    "object_repr": "Kiwi Fruit:2019-11-12:2019-11-20:0.8",
    "action_flag": 2,
    "change_message": "[{\"changed\": {\"fields\": [\"kc\"]}}]"
  }
},
{
  "model": "admin.logentry",
  "pk": 323,
  "fields": {
    "action_time": "2020-02-24T03:01:14.837Z",
    "user": 1,
    "content_type": 21,
    "object_id": "29",
    "object_repr": "Kiwi Fruit:2019-11-21:2019-11-30:0.78",
    "action_flag": 2,
    "change_message": "[{\"changed\": {\"fields\": [\"period_from\", \"period_to\", \"kc\"]}}]"
  }
},
{
  "model": "admin.logentry",
  "pk": 324,
  "fields": {
    "action_time": "2020-02-24T03:01:36.801Z",
    "user": 1,
    "content_type": 21,
    "object_id": "28",
    "object_repr": "Kiwi Fruit:2019-11-12:2019-11-20:0.78",
    "action_flag": 2,
    "change_message": "[{\"changed\": {\"fields\": [\"kc\"]}}]"
  }
},
{
  "model": "admin.logentry",
  "pk": 325,
  "fields": {
    "action_time": "2020-02-24T03:01:54.947Z",
    "user": 1,
    "content_type": 21,
    "object_id": "29",
    "object_repr": "Kiwi Fruit:2019-11-21:2019-11-30:0.86",
    "action_flag": 2,
    "change_message": "[{\"changed\": {\"fields\": [\"kc\"]}}]"
  }
},
{
  "model": "admin.logentry",
  "pk": 326,
  "fields": {
    "action_time": "2020-02-24T03:02:34.600Z",
    "user": 1,
    "content_type": 21,
    "object_id": "30",
    "object_repr": "Kiwi Fruit:2019-12-01:2019-12-10:1.0",
    "action_flag": 1,
    "change_message": "[{\"added\": {}}]"
  }
},
{
  "model": "admin.logentry",
  "pk": 327,
  "fields": {
    "action_time": "2020-02-24T03:03:11.281Z",
    "user": 1,
    "content_type": 21,
    "object_id": "31",
    "object_repr": "Kiwi Fruit:2019-12-11:2019-12-20:1.1",
    "action_flag": 1,
    "change_message": "[{\"added\": {}}]"
  }
},
{
  "model": "admin.logentry",
  "pk": 328,
  "fields": {
    "action_time": "2020-02-24T03:03:45.128Z",
    "user": 1,
    "content_type": 21,
    "object_id": "32",
    "object_repr": "Kiwi Fruit:2019-12-21:2019-12-30:1.1",
    "action_flag": 1,
    "change_message": "[{\"added\": {}}]"
  }
},
{
  "model": "admin.logentry",
  "pk": 329,
  "fields": {
    "action_time": "2020-02-24T03:04:34.067Z",
    "user": 1,
    "content_type": 21,
    "object_id": "33",
    "object_repr": "Kiwi Fruit:2019-12-31:2020-02-18:1.2",
    "action_flag": 1,
    "change_message": "[{\"added\": {}}]"
  }
},
{
  "model": "admin.logentry",
  "pk": 330,
  "fields": {
    "action_time": "2020-02-24T03:04:57.971Z",
    "user": 1,
    "content_type": 21,
    "object_id": "32",
    "object_repr": "Kiwi Fruit:2019-12-21:2019-12-30:1.2",
    "action_flag": 2,
    "change_message": "[{\"changed\": {\"fields\": [\"kc\"]}}]"
  }
},
{
  "model": "admin.logentry",
  "pk": 331,
  "fields": {
    "action_time": "2020-02-24T03:06:21.338Z",
    "user": 1,
    "content_type": 21,
    "object_id": "34",
    "object_repr": "Kiwi Fruit:2020-02-19:2020-03-29:0.9",
    "action_flag": 1,
    "change_message": "[{\"added\": {}}]"
  }
},
{
  "model": "admin.logentry",
  "pk": 332,
  "fields": {
    "action_time": "2020-02-24T03:06:50.610Z",
    "user": 1,
    "content_type": 21,
    "object_id": "34",
    "object_repr": "Kiwi Fruit:2020-03-29:2020-04-30:0.78",
    "action_flag": 2,
    "change_message": "[{\"changed\": {\"fields\": [\"period_from\", \"period_to\", \"kc\"]}}]"
  }
},
{
  "model": "admin.logentry",
  "pk": 333,
  "fields": {
    "action_time": "2020-02-24T03:09:04.523Z",
    "user": 1,
    "content_type": 27,
    "object_id": "6",
    "object_repr": "Veraison",
    "action_flag": 1,
    "change_message": "[{\"added\": {}}]"
  }
},
{
  "model": "admin.logentry",
  "pk": 334,
  "fields": {
    "action_time": "2020-02-24T03:10:05.025Z",
    "user": 1,
    "content_type": 27,
    "object_id": "7",
    "object_repr": "Flowering",
    "action_flag": 1,
    "change_message": "[{\"added\": {}}]"
  }
},
{
  "model": "admin.logentry",
  "pk": 335,
  "fields": {
    "action_time": "2020-02-24T03:11:06.007Z",
    "user": 1,
    "content_type": 27,
    "object_id": "2",
    "object_repr": "Harvest estimate",
    "action_flag": 2,
    "change_message": "[{\"changed\": {\"fields\": [\"name\", \"season_flag\"]}}]"
  }
},
{
  "model": "admin.logentry",
  "pk": 336,
  "fields": {
    "action_time": "2020-02-24T03:11:30.660Z",
    "user": 1,
    "content_type": 27,
    "object_id": "3",
    "object_repr": "End",
    "action_flag": 3,
    "change_message": ""
  }
},
{
  "model": "admin.logentry",
  "pk": 337,
  "fields": {
    "action_time": "2020-02-24T03:11:30.662Z",
    "user": 1,
    "content_type": 27,
    "object_id": "1",
    "object_repr": "Start",
    "action_flag": 3,
    "change_message": ""
  }
},
{
  "model": "admin.logentry",
  "pk": 338,
  "fields": {
    "action_time": "2020-02-24T03:14:49.645Z",
    "user": 1,
    "content_type": 27,
    "object_id": "4",
    "object_repr": "Start",
    "action_flag": 3,
    "change_message": ""
  }
},
{
  "model": "admin.logentry",
  "pk": 339,
  "fields": {
    "action_time": "2020-02-24T03:15:18.587Z",
    "user": 1,
    "content_type": 27,
    "object_id": "4",
    "object_repr": "Start  test test",
    "action_flag": 2,
    "change_message": "[{\"changed\": {\"fields\": [\"name\", \"season_flag\"]}}]"
  }
},
{
  "model": "admin.logentry",
  "pk": 340,
  "fields": {
    "action_time": "2020-02-24T03:15:46.821Z",
    "user": 1,
    "content_type": 27,
    "object_id": "1",
    "object_repr": "Start",
    "action_flag": 2,
    "change_message": "[]"
  }
},
{
  "model": "admin.logentry",
  "pk": 341,
  "fields": {
    "action_time": "2020-02-24T03:15:53.598Z",
    "user": 1,
    "content_type": 27,
    "object_id": "3",
    "object_repr": "End",
    "action_flag": 2,
    "change_message": "[]"
  }
},
{
  "model": "admin.logentry",
  "pk": 342,
  "fields": {
    "action_time": "2020-02-24T03:16:12.545Z",
    "user": 1,
    "content_type": 27,
    "object_id": "5",
    "object_repr": "End test test",
    "action_flag": 2,
    "change_message": "[{\"changed\": {\"fields\": [\"name\", \"season_flag\"]}}]"
  }
},
{
  "model": "admin.logentry",
  "pk": 343,
  "fields": {
    "action_time": "2020-02-24T03:17:06.098Z",
    "user": 1,
    "content_type": 28,
    "object_id": "31",
    "object_repr": "Hops:2020-04-11",
    "action_flag": 1,
    "change_message": "[{\"added\": {}}]"
  }
},
{
  "model": "admin.logentry",
  "pk": 344,
  "fields": {
    "action_time": "2020-02-24T03:17:32.793Z",
    "user": 1,
    "content_type": 28,
    "object_id": "32",
    "object_repr": "Citrus:2020-02-24",
    "action_flag": 1,
    "change_message": "[{\"added\": {}}]"
  }
},
{
  "model": "admin.logentry",
  "pk": 345,
  "fields": {
    "action_time": "2020-02-24T03:18:12.889Z",
    "user": 1,
    "content_type": 28,
    "object_id": "33",
    "object_repr": "Envy:2020-04-30",
    "action_flag": 1,
    "change_message": "[{\"added\": {}}]"
  }
},
{
  "model": "admin.logentry",
  "pk": 346,
  "fields": {
    "action_time": "2020-02-24T03:18:45.265Z",
    "user": 1,
    "content_type": 28,
    "object_id": "34",
    "object_repr": "Block D:2020-04-10",
    "action_flag": 1,
    "change_message": "[{\"added\": {}}]"
  }
},
{
  "model": "admin.logentry",
  "pk": 347,
  "fields": {
    "action_time": "2020-02-24T03:23:10.665Z",
    "user": 1,
    "content_type": 28,
    "object_id": "35",
    "object_repr": "Whar 2 (name unknown yet):2020-04-10",
    "action_flag": 1,
    "change_message": "[{\"added\": {}}]"
  }
},
{
  "model": "admin.logentry",
  "pk": 348,
  "fields": {
    "action_time": "2020-02-24T03:23:27.587Z",
    "user": 1,
    "content_type": 28,
    "object_id": "36",
    "object_repr": "Front (Name TBD):2020-04-10",
    "action_flag": 1,
    "change_message": "[{\"added\": {}}]"
  }
},
{
  "model": "admin.logentry",
  "pk": 349,
  "fields": {
    "action_time": "2020-02-24T03:23:44.591Z",
    "user": 1,
    "content_type": 28,
    "object_id": "37",
    "object_repr": "Zone 6 (Name TBD):2020-04-10",
    "action_flag": 1,
    "change_message": "[{\"added\": {}}]"
  }
},
{
  "model": "admin.logentry",
  "pk": 350,
  "fields": {
    "action_time": "2020-02-24T03:23:55.965Z",
    "user": 1,
    "content_type": 28,
    "object_id": "38",
    "object_repr": "Zone 10 (Name TBD):2020-04-10",
    "action_flag": 1,
    "change_message": "[{\"added\": {}}]"
  }
},
{
  "model": "admin.logentry",
  "pk": 351,
  "fields": {
    "action_time": "2020-02-24T03:24:06.551Z",
    "user": 1,
    "content_type": 28,
    "object_id": "39",
    "object_repr": "Zone 7 (Name TBD):2020-04-10",
    "action_flag": 1,
    "change_message": "[{\"added\": {}}]"
  }
},
{
  "model": "admin.logentry",
  "pk": 352,
  "fields": {
    "action_time": "2020-02-24T03:24:21.833Z",
    "user": 1,
    "content_type": 28,
    "object_id": "40",
    "object_repr": "Zone 15 (Name TBD):2020-04-10",
    "action_flag": 1,
    "change_message": "[{\"added\": {}}]"
  }
},
{
  "model": "admin.logentry",
  "pk": 353,
  "fields": {
    "action_time": "2020-02-24T03:24:34.170Z",
    "user": 1,
    "content_type": 28,
    "object_id": "41",
    "object_repr": "Front Entrance (Name TBD):2020-04-10",
    "action_flag": 1,
    "change_message": "[{\"added\": {}}]"
  }
},
{
  "model": "admin.logentry",
  "pk": 354,
  "fields": {
    "action_time": "2020-02-24T03:24:46.074Z",
    "user": 1,
    "content_type": 28,
    "object_id": "42",
    "object_repr": "In front of house (Name TBD):2020-04-10",
    "action_flag": 1,
    "change_message": "[{\"added\": {}}]"
  }
},
{
  "model": "admin.logentry",
  "pk": 355,
  "fields": {
    "action_time": "2020-02-24T03:25:01.141Z",
    "user": 1,
    "content_type": 28,
    "object_id": "43",
    "object_repr": "To Side of House (Name TBD):2020-04-10",
    "action_flag": 1,
    "change_message": "[{\"added\": {}}]"
  }
},
{
  "model": "admin.logentry",
  "pk": 356,
  "fields": {
    "action_time": "2020-02-24T03:25:13.249Z",
    "user": 1,
    "content_type": 28,
    "object_id": "44",
    "object_repr": "Back (Name TBD):2020-04-10",
    "action_flag": 1,
    "change_message": "[{\"added\": {}}]"
  }
},
{
  "model": "admin.logentry",
  "pk": 357,
  "fields": {
    "action_time": "2020-02-24T03:25:26.791Z",
    "user": 1,
    "content_type": 28,
    "object_id": "45",
    "object_repr": "Block A1:2020-04-10",
    "action_flag": 1,
    "change_message": "[{\"added\": {}}]"
  }
},
{
  "model": "admin.logentry",
  "pk": 358,
  "fields": {
    "action_time": "2020-02-26T22:36:10.670Z",
    "user": 1,
    "content_type": 27,
    "object_id": "5",
    "object_repr": "End test test",
    "action_flag": 3,
    "change_message": ""
  }
},
{
  "model": "admin.logentry",
  "pk": 359,
  "fields": {
    "action_time": "2020-02-26T22:36:10.672Z",
    "user": 1,
    "content_type": 27,
    "object_id": "4",
    "object_repr": "Start  test test",
    "action_flag": 3,
    "change_message": ""
  }
},
{
  "model": "admin.logentry",
  "pk": 360,
  "fields": {
    "action_time": "2020-02-27T02:27:20.353Z",
    "user": 1,
    "content_type": 16,
    "object_id": "13",
    "object_repr": "Envy",
    "action_flag": 2,
    "change_message": "[{\"changed\": {\"fields\": [\"comment\"]}}]"
  }
},
{
  "model": "admin.logentry",
  "pk": 361,
  "fields": {
    "action_time": "2020-02-27T02:28:12.189Z",
    "user": 1,
    "content_type": 16,
    "object_id": "8",
    "object_repr": "In front of house (Name TBD)",
    "action_flag": 2,
    "change_message": "[]"
  }
},
{
  "model": "admin.logentry",
  "pk": 362,
  "fields": {
    "action_time": "2020-03-01T19:19:33.169Z",
    "user": 1,
    "content_type": 35,
    "object_id": "1",
    "object_repr": "Envy",
    "action_flag": 1,
    "change_message": "[{\"added\": {}}]"
  }
},
{
  "model": "admin.logentry",
  "pk": 363,
  "fields": {
    "action_time": "2020-03-01T19:19:53.781Z",
    "user": 1,
    "content_type": 35,
    "object_id": "2",
    "object_repr": "Pink Lady",
    "action_flag": 1,
    "change_message": "[{\"added\": {}}]"
  }
},
{
  "model": "admin.logentry",
  "pk": 364,
  "fields": {
    "action_time": "2020-03-01T19:21:38.757Z",
    "user": 1,
    "content_type": 35,
    "object_id": "3",
    "object_repr": "Royal Gala",
    "action_flag": 1,
    "change_message": "[{\"added\": {}}]"
  }
},
{
  "model": "admin.logentry",
  "pk": 365,
  "fields": {
    "action_time": "2020-03-01T19:23:45.909Z",
    "user": 1,
    "content_type": 35,
    "object_id": "4",
    "object_repr": "Jazz",
    "action_flag": 1,
    "change_message": "[{\"added\": {}}]"
  }
},
{
  "model": "admin.logentry",
  "pk": 366,
  "fields": {
    "action_time": "2020-03-01T19:24:02.495Z",
    "user": 1,
    "content_type": 35,
    "object_id": "5",
    "object_repr": "Koru",
    "action_flag": 1,
    "change_message": "[{\"added\": {}}]"
  }
},
{
  "model": "admin.logentry",
  "pk": 367,
  "fields": {
    "action_time": "2020-03-01T19:24:37.889Z",
    "user": 1,
    "content_type": 35,
    "object_id": "6",
    "object_repr": "Rockit",
    "action_flag": 1,
    "change_message": "[{\"added\": {}}]"
  }
},
{
  "model": "admin.logentry",
  "pk": 368,
  "fields": {
    "action_time": "2020-03-01T19:26:17.819Z",
    "user": 1,
    "content_type": 35,
    "object_id": "7",
    "object_repr": "Braeburn",
    "action_flag": 1,
    "change_message": "[{\"added\": {}}]"
  }
},
{
  "model": "admin.logentry",
  "pk": 369,
  "fields": {
    "action_time": "2020-03-01T19:26:39.997Z",
    "user": 1,
    "content_type": 35,
    "object_id": "8",
    "object_repr": "Pacific Queen",
    "action_flag": 1,
    "change_message": "[{\"added\": {}}]"
  }
},
{
  "model": "admin.logentry",
  "pk": 370,
  "fields": {
    "action_time": "2020-03-01T19:26:56.214Z",
    "user": 1,
    "content_type": 35,
    "object_id": "9",
    "object_repr": "Fuji",
    "action_flag": 1,
    "change_message": "[{\"added\": {}}]"
  }
},
{
  "model": "admin.logentry",
  "pk": 371,
  "fields": {
    "action_time": "2020-03-01T19:27:12.782Z",
    "user": 1,
    "content_type": 35,
    "object_id": "10",
    "object_repr": "Granny Smith",
    "action_flag": 1,
    "change_message": "[{\"added\": {}}]"
  }
},
{
  "model": "admin.logentry",
  "pk": 372,
  "fields": {
    "action_time": "2020-03-01T19:42:36.131Z",
    "user": 1,
    "content_type": 11,
    "object_id": "1",
    "object_repr": "Apples - Envy",
    "action_flag": 2,
    "change_message": "[{\"changed\": {\"fields\": [\"variety\"]}}]"
  }
},
{
  "model": "admin.logentry",
  "pk": 373,
  "fields": {
    "action_time": "2020-03-01T19:43:27.339Z",
    "user": 1,
    "content_type": 16,
    "object_id": "13",
    "object_repr": "Envy",
    "action_flag": 2,
    "change_message": "[{\"changed\": {\"fields\": [\"variety\"]}}]"
  }
},
{
  "model": "admin.logentry",
  "pk": 374,
  "fields": {
    "action_time": "2020-03-01T19:43:49.222Z",
    "user": 1,
    "content_type": 11,
    "object_id": "1",
    "object_repr": "Apples - Envy",
    "action_flag": 2,
    "change_message": "[]"
  }
},
{
  "model": "admin.logentry",
  "pk": 375,
  "fields": {
    "action_time": "2020-03-01T19:44:37.665Z",
    "user": 1,
    "content_type": 11,
    "object_id": "1",
    "object_repr": "Apple - Pink Lady",
    "action_flag": 2,
    "change_message": "[{\"changed\": {\"fields\": [\"name\", \"variety\"]}}]"
  }
},
{
  "model": "admin.logentry",
  "pk": 376,
  "fields": {
    "action_time": "2020-03-01T19:44:47.724Z",
    "user": 1,
    "content_type": 11,
    "object_id": "20",
    "object_repr": "Apple - Royal Gala",
    "action_flag": 1,
    "change_message": "[{\"added\": {}}]"
  }
},
{
  "model": "admin.logentry",
  "pk": 377,
  "fields": {
    "action_time": "2020-03-01T19:44:54.473Z",
    "user": 1,
    "content_type": 11,
    "object_id": "21",
    "object_repr": "Apple - Jazz",
    "action_flag": 1,
    "change_message": "[{\"added\": {}}]"
  }
},
{
  "model": "admin.logentry",
  "pk": 378,
  "fields": {
    "action_time": "2020-03-01T19:45:04.726Z",
    "user": 1,
    "content_type": 11,
    "object_id": "22",
    "object_repr": "Apple - Koru",
    "action_flag": 1,
    "change_message": "[{\"added\": {}}]"
  }
},
{
  "model": "admin.logentry",
  "pk": 379,
  "fields": {
    "action_time": "2020-03-01T19:45:16.389Z",
    "user": 1,
    "content_type": 11,
    "object_id": "23",
    "object_repr": "Apple - Rockit",
    "action_flag": 1,
    "change_message": "[{\"added\": {}}]"
  }
},
{
  "model": "admin.logentry",
  "pk": 380,
  "fields": {
    "action_time": "2020-03-01T19:45:22.072Z",
    "user": 1,
    "content_type": 11,
    "object_id": "24",
    "object_repr": "Apple - Braeburn",
    "action_flag": 1,
    "change_message": "[{\"added\": {}}]"
  }
},
{
  "model": "admin.logentry",
  "pk": 381,
  "fields": {
    "action_time": "2020-03-01T19:45:28.419Z",
    "user": 1,
    "content_type": 11,
    "object_id": "25",
    "object_repr": "Apple - Pacific Queen",
    "action_flag": 1,
    "change_message": "[{\"added\": {}}]"
  }
},
{
  "model": "admin.logentry",
  "pk": 382,
  "fields": {
    "action_time": "2020-03-01T19:45:37.187Z",
    "user": 1,
    "content_type": 11,
    "object_id": "26",
    "object_repr": "Apple - Fuji",
    "action_flag": 1,
    "change_message": "[{\"added\": {}}]"
  }
},
{
  "model": "admin.logentry",
  "pk": 383,
  "fields": {
    "action_time": "2020-03-01T19:45:44.746Z",
    "user": 1,
    "content_type": 11,
    "object_id": "27",
    "object_repr": "Apple - Granny Smith",
    "action_flag": 1,
    "change_message": "[{\"added\": {}}]"
  }
},
{
  "model": "admin.logentry",
  "pk": 384,
  "fields": {
    "action_time": "2020-03-01T19:46:28.710Z",
    "user": 1,
    "content_type": 11,
    "object_id": "28",
    "object_repr": "Apple - Envy",
    "action_flag": 1,
    "change_message": "[{\"added\": {}}]"
  }
},
{
  "model": "admin.logentry",
  "pk": 385,
  "fields": {
    "action_time": "2020-03-01T19:47:07.474Z",
    "user": 1,
    "content_type": 16,
    "object_id": "13",
    "object_repr": "Envy",
    "action_flag": 2,
    "change_message": "[{\"changed\": {\"fields\": [\"crop\"]}}]"
  }
},
{
  "model": "admin.logentry",
  "pk": 386,
  "fields": {
    "action_time": "2020-03-01T19:47:21.130Z",
    "user": 1,
    "content_type": 16,
    "object_id": "12",
    "object_repr": "Block D",
    "action_flag": 2,
    "change_message": "[{\"changed\": {\"fields\": [\"crop\"]}}]"
  }
},
{
  "model": "admin.logentry",
  "pk": 387,
  "fields": {
    "action_time": "2020-03-01T19:47:36.622Z",
    "user": 1,
    "content_type": 16,
    "object_id": "11",
    "object_repr": "Block A1",
    "action_flag": 2,
    "change_message": "[{\"changed\": {\"fields\": [\"variety\", \"crop\"]}}]"
  }
},
{
  "model": "admin.logentry",
  "pk": 388,
  "fields": {
    "action_time": "2020-03-01T19:47:45.095Z",
    "user": 1,
    "content_type": 16,
    "object_id": "12",
    "object_repr": "Block D",
    "action_flag": 2,
    "change_message": "[{\"changed\": {\"fields\": [\"variety\"]}}]"
  }
},
{
  "model": "admin.logentry",
  "pk": 389,
  "fields": {
    "action_time": "2020-03-01T19:47:58.516Z",
    "user": 1,
    "content_type": 16,
    "object_id": "10",
    "object_repr": "Back (Name TBD)",
    "action_flag": 2,
    "change_message": "[{\"changed\": {\"fields\": [\"variety\", \"crop\"]}}]"
  }
},
{
  "model": "admin.logentry",
  "pk": 390,
  "fields": {
    "action_time": "2020-03-01T19:48:12.612Z",
    "user": 1,
    "content_type": 16,
    "object_id": "9",
    "object_repr": "To Side of House (Name TBD)",
    "action_flag": 2,
    "change_message": "[{\"changed\": {\"fields\": [\"variety\", \"crop\"]}}]"
  }
},
{
  "model": "admin.logentry",
  "pk": 391,
  "fields": {
    "action_time": "2020-03-01T19:48:22.532Z",
    "user": 1,
    "content_type": 16,
    "object_id": "8",
    "object_repr": "In front of house (Name TBD)",
    "action_flag": 2,
    "change_message": "[{\"changed\": {\"fields\": [\"variety\", \"crop\"]}}]"
  }
},
{
  "model": "admin.logentry",
  "pk": 392,
  "fields": {
    "action_time": "2020-03-01T19:48:33.798Z",
    "user": 1,
    "content_type": 16,
    "object_id": "7",
    "object_repr": "Front Entrance (Name TBD)",
    "action_flag": 2,
    "change_message": "[{\"changed\": {\"fields\": [\"variety\", \"crop\"]}}]"
  }
},
{
  "model": "admin.logentry",
  "pk": 393,
  "fields": {
    "action_time": "2020-03-01T19:48:45.208Z",
    "user": 1,
    "content_type": 16,
    "object_id": "6",
    "object_repr": "Zone 15 (Name TBD)",
    "action_flag": 2,
    "change_message": "[{\"changed\": {\"fields\": [\"variety\", \"crop\"]}}]"
  }
},
{
  "model": "admin.logentry",
  "pk": 394,
  "fields": {
    "action_time": "2020-03-01T19:49:03.589Z",
    "user": 1,
    "content_type": 16,
    "object_id": "5",
    "object_repr": "Zone 7 (Name TBD)",
    "action_flag": 2,
    "change_message": "[{\"changed\": {\"fields\": [\"variety\", \"crop\"]}}]"
  }
},
{
  "model": "admin.logentry",
  "pk": 395,
  "fields": {
    "action_time": "2020-03-01T19:49:16.202Z",
    "user": 1,
    "content_type": 16,
    "object_id": "4",
    "object_repr": "Zone 10 (Name TBD)",
    "action_flag": 2,
    "change_message": "[{\"changed\": {\"fields\": [\"variety\", \"crop\"]}}]"
  }
},
{
  "model": "admin.logentry",
  "pk": 396,
  "fields": {
    "action_time": "2020-03-01T19:50:45.192Z",
    "user": 1,
    "content_type": 16,
    "object_id": "3",
    "object_repr": "Zone 6 (Name TBD)",
    "action_flag": 2,
    "change_message": "[{\"changed\": {\"fields\": [\"variety\", \"crop\"]}}]"
  }
},
{
  "model": "admin.logentry",
  "pk": 397,
  "fields": {
    "action_time": "2020-03-01T19:50:59.037Z",
    "user": 1,
    "content_type": 16,
    "object_id": "2",
    "object_repr": "Front (Name TBD)",
    "action_flag": 2,
    "change_message": "[{\"changed\": {\"fields\": [\"variety\", \"crop\"]}}]"
  }
},
{
  "model": "admin.logentry",
  "pk": 398,
  "fields": {
    "action_time": "2020-03-01T19:51:15.349Z",
    "user": 1,
    "content_type": 16,
    "object_id": "1",
    "object_repr": "Whar 2 (name unknown yet)",
    "action_flag": 2,
    "change_message": "[{\"changed\": {\"fields\": [\"variety\", \"crop\"]}}]"
  }
},
{
  "model": "admin.logentry",
  "pk": 399,
  "fields": {
    "action_time": "2020-03-01T19:53:36.564Z",
    "user": 1,
    "content_type": 35,
    "object_id": "11",
    "object_repr": "Smooth cone",
    "action_flag": 1,
    "change_message": "[{\"added\": {}}]"
  }
},
{
  "model": "admin.logentry",
  "pk": 400,
  "fields": {
    "action_time": "2020-03-01T19:53:53.041Z",
    "user": 1,
    "content_type": 35,
    "object_id": "12",
    "object_repr": "Orange",
    "action_flag": 1,
    "change_message": "[{\"added\": {}}]"
  }
},
{
  "model": "admin.logentry",
  "pk": 401,
  "fields": {
    "action_time": "2020-03-01T19:53:59.628Z",
    "user": 1,
    "content_type": 35,
    "object_id": "13",
    "object_repr": "Mandarin",
    "action_flag": 1,
    "change_message": "[{\"added\": {}}]"
  }
},
{
  "model": "admin.logentry",
  "pk": 402,
  "fields": {
    "action_time": "2020-03-01T19:54:20.978Z",
    "user": 1,
    "content_type": 35,
    "object_id": "13",
    "object_repr": "Mandarin",
    "action_flag": 3,
    "change_message": ""
  }
},
{
  "model": "admin.logentry",
  "pk": 403,
  "fields": {
    "action_time": "2020-03-01T19:54:20.980Z",
    "user": 1,
    "content_type": 35,
    "object_id": "12",
    "object_repr": "Orange",
    "action_flag": 3,
    "change_message": ""
  }
},
{
  "model": "admin.logentry",
  "pk": 404,
  "fields": {
    "action_time": "2020-03-01T19:54:39.912Z",
    "user": 1,
    "content_type": 35,
    "object_id": "14",
    "object_repr": "Citrus- general",
    "action_flag": 1,
    "change_message": "[{\"added\": {}}]"
  }
},
{
  "model": "admin.logentry",
  "pk": 405,
  "fields": {
    "action_time": "2020-03-01T19:55:13.268Z",
    "user": 1,
    "content_type": 11,
    "object_id": "4",
    "object_repr": "Hops - Smooth cone",
    "action_flag": 2,
    "change_message": "[{\"changed\": {\"fields\": [\"variety\"]}}]"
  }
},
{
  "model": "admin.logentry",
  "pk": 406,
  "fields": {
    "action_time": "2020-03-01T19:55:22.868Z",
    "user": 1,
    "content_type": 11,
    "object_id": "3",
    "object_repr": "Citrus - Citrus- general",
    "action_flag": 2,
    "change_message": "[{\"changed\": {\"fields\": [\"variety\"]}}]"
  }
},
{
  "model": "admin.logentry",
  "pk": 407,
  "fields": {
    "action_time": "2020-03-01T19:56:29.040Z",
    "user": 1,
    "content_type": 35,
    "object_id": "15",
    "object_repr": "Green",
    "action_flag": 1,
    "change_message": "[{\"added\": {}}]"
  }
},
{
  "model": "admin.logentry",
  "pk": 408,
  "fields": {
    "action_time": "2020-03-01T19:56:48.838Z",
    "user": 1,
    "content_type": 35,
    "object_id": "16",
    "object_repr": "Haywards",
    "action_flag": 1,
    "change_message": "[{\"added\": {}}]"
  }
},
{
  "model": "admin.logentry",
  "pk": 409,
  "fields": {
    "action_time": "2020-03-01T19:57:10.715Z",
    "user": 1,
    "content_type": 35,
    "object_id": "17",
    "object_repr": "Sungold",
    "action_flag": 1,
    "change_message": "[{\"added\": {}}]"
  }
},
{
  "model": "admin.logentry",
  "pk": 410,
  "fields": {
    "action_time": "2020-03-01T21:29:09.567Z",
    "user": 1,
    "content_type": 35,
    "object_id": "18",
    "object_repr": "Pinot Noir",
    "action_flag": 1,
    "change_message": "[{\"added\": {}}]"
  }
},
{
  "model": "admin.logentry",
  "pk": 411,
  "fields": {
    "action_time": "2020-03-01T21:30:14.166Z",
    "user": 1,
    "content_type": 16,
    "object_id": "15",
    "object_repr": "Hops",
    "action_flag": 2,
    "change_message": "[{\"changed\": {\"fields\": [\"depth_he1\", \"depth_he2\", \"depth_he3\", \"depth_he4\", \"depth_he5\", \"depth_he6\", \"depth_he7\", \"depth_he8\"]}}]"
  }
},
{
  "model": "admin.logentry",
  "pk": 412,
  "fields": {
    "action_time": "2020-03-01T21:30:35.298Z",
    "user": 1,
    "content_type": 16,
    "object_id": "14",
    "object_repr": "Citrus",
    "action_flag": 2,
    "change_message": "[{\"changed\": {\"fields\": [\"depth_he1\", \"depth_he2\", \"depth_he3\", \"depth_he4\", \"depth_he5\", \"depth_he6\", \"depth_he7\", \"depth_he8\"]}}]"
  }
},
{
  "model": "admin.logentry",
  "pk": 413,
  "fields": {
    "action_time": "2020-03-01T21:30:55.777Z",
    "user": 1,
    "content_type": 16,
    "object_id": "13",
    "object_repr": "Envy",
    "action_flag": 2,
    "change_message": "[{\"changed\": {\"fields\": [\"depth_he1\", \"depth_he2\", \"depth_he3\", \"depth_he4\", \"depth_he5\", \"depth_he6\", \"depth_he7\", \"depth_he8\"]}}]"
  }
},
{
  "model": "admin.logentry",
  "pk": 414,
  "fields": {
    "action_time": "2020-03-01T21:31:15.593Z",
    "user": 1,
    "content_type": 16,
    "object_id": "12",
    "object_repr": "Block D",
    "action_flag": 2,
    "change_message": "[{\"changed\": {\"fields\": [\"depth_he1\", \"depth_he2\", \"depth_he3\", \"depth_he4\", \"depth_he5\", \"depth_he6\", \"depth_he7\"]}}]"
  }
},
{
  "model": "admin.logentry",
  "pk": 415,
  "fields": {
    "action_time": "2020-03-01T21:31:32.646Z",
    "user": 1,
    "content_type": 16,
    "object_id": "11",
    "object_repr": "Block A1",
    "action_flag": 2,
    "change_message": "[{\"changed\": {\"fields\": [\"depth_he1\", \"depth_he2\", \"depth_he3\", \"depth_he4\", \"depth_he5\", \"depth_he6\", \"depth_he7\"]}}]"
  }
},
{
  "model": "admin.logentry",
  "pk": 416,
  "fields": {
    "action_time": "2020-03-01T21:31:54.859Z",
    "user": 1,
    "content_type": 16,
    "object_id": "10",
    "object_repr": "Back (Name TBD)",
    "action_flag": 2,
    "change_message": "[{\"changed\": {\"fields\": [\"depth_he1\", \"depth_he2\", \"depth_he3\", \"depth_he4\", \"depth_he5\", \"depth_he6\", \"depth_he7\"]}}]"
  }
},
{
  "model": "admin.logentry",
  "pk": 417,
  "fields": {
    "action_time": "2020-03-01T21:33:28.361Z",
    "user": 1,
    "content_type": 16,
    "object_id": "9",
    "object_repr": "To Side of House (Name TBD)",
    "action_flag": 2,
    "change_message": "[{\"changed\": {\"fields\": [\"depth_he1\", \"depth_he2\", \"depth_he3\", \"depth_he4\", \"depth_he5\", \"depth_he6\", \"depth_he7\"]}}]"
  }
},
{
  "model": "admin.logentry",
  "pk": 418,
  "fields": {
    "action_time": "2020-03-01T21:33:46.472Z",
    "user": 1,
    "content_type": 16,
    "object_id": "8",
    "object_repr": "In front of house (Name TBD)",
    "action_flag": 2,
    "change_message": "[{\"changed\": {\"fields\": [\"depth_he1\", \"depth_he2\", \"depth_he3\", \"depth_he4\", \"depth_he5\", \"depth_he6\", \"depth_he7\"]}}]"
  }
},
{
  "model": "admin.logentry",
  "pk": 419,
  "fields": {
    "action_time": "2020-03-01T21:34:04.441Z",
    "user": 1,
    "content_type": 16,
    "object_id": "7",
    "object_repr": "Front Entrance (Name TBD)",
    "action_flag": 2,
    "change_message": "[{\"changed\": {\"fields\": [\"depth_he1\", \"depth_he2\", \"depth_he3\", \"depth_he4\", \"depth_he5\", \"depth_he6\", \"depth_he7\"]}}]"
  }
},
{
  "model": "admin.logentry",
  "pk": 420,
  "fields": {
    "action_time": "2020-03-01T21:34:21.953Z",
    "user": 1,
    "content_type": 16,
    "object_id": "6",
    "object_repr": "Zone 15 (Name TBD)",
    "action_flag": 2,
    "change_message": "[{\"changed\": {\"fields\": [\"depth_he1\", \"depth_he2\", \"depth_he3\", \"depth_he4\", \"depth_he5\", \"depth_he6\", \"depth_he7\"]}}]"
  }
},
{
  "model": "admin.logentry",
  "pk": 421,
  "fields": {
    "action_time": "2020-03-01T21:34:38.634Z",
    "user": 1,
    "content_type": 16,
    "object_id": "5",
    "object_repr": "Zone 7 (Name TBD)",
    "action_flag": 2,
    "change_message": "[{\"changed\": {\"fields\": [\"depth_he1\", \"depth_he2\", \"depth_he3\", \"depth_he4\", \"depth_he5\", \"depth_he6\", \"depth_he7\"]}}]"
  }
},
{
  "model": "admin.logentry",
  "pk": 422,
  "fields": {
    "action_time": "2020-03-01T21:36:07.673Z",
    "user": 1,
    "content_type": 16,
    "object_id": "4",
    "object_repr": "Zone 10 (Name TBD)",
    "action_flag": 2,
    "change_message": "[{\"changed\": {\"fields\": [\"depth_he1\", \"depth_he2\", \"depth_he3\", \"depth_he4\", \"depth_he5\", \"depth_he6\", \"depth_he7\"]}}]"
  }
},
{
  "model": "admin.logentry",
  "pk": 423,
  "fields": {
    "action_time": "2020-03-01T21:36:32.910Z",
    "user": 1,
    "content_type": 16,
    "object_id": "3",
    "object_repr": "Zone 6 (Name TBD)",
    "action_flag": 2,
    "change_message": "[{\"changed\": {\"fields\": [\"depth_he1\", \"depth_he2\", \"depth_he3\", \"depth_he4\", \"depth_he5\", \"depth_he6\", \"depth_he7\", \"depth_he8\"]}}]"
  }
},
{
  "model": "admin.logentry",
  "pk": 424,
  "fields": {
    "action_time": "2020-03-01T21:36:50.890Z",
    "user": 1,
    "content_type": 16,
    "object_id": "2",
    "object_repr": "Front (Name TBD)",
    "action_flag": 2,
    "change_message": "[{\"changed\": {\"fields\": [\"depth_he1\", \"depth_he2\", \"depth_he3\", \"depth_he4\", \"depth_he5\", \"depth_he6\", \"depth_he7\", \"depth_he8\"]}}]"
  }
},
{
  "model": "admin.logentry",
  "pk": 425,
  "fields": {
    "action_time": "2020-03-01T21:37:10.484Z",
    "user": 1,
    "content_type": 16,
    "object_id": "1",
    "object_repr": "Whar 2 (name unknown yet)",
    "action_flag": 2,
    "change_message": "[{\"changed\": {\"fields\": [\"depth_he1\", \"depth_he2\", \"depth_he3\", \"depth_he4\", \"depth_he5\", \"depth_he6\", \"depth_he7\"]}}]"
  }
},
{
  "model": "admin.logentry",
  "pk": 426,
  "fields": {
    "action_time": "2020-03-01T21:39:46.273Z",
    "user": 1,
    "content_type": 16,
    "object_id": "13",
    "object_repr": "Envy",
    "action_flag": 2,
    "change_message": "[{\"changed\": {\"fields\": [\"upper_limit\", \"lower_limit\"]}}]"
  }
},
{
  "model": "admin.logentry",
  "pk": 427,
  "fields": {
    "action_time": "2020-03-01T21:40:32.461Z",
    "user": 1,
    "content_type": 27,
    "object_id": "5",
    "object_repr": "End test test",
    "action_flag": 3,
    "change_message": ""
  }
},
{
  "model": "admin.logentry",
  "pk": 428,
  "fields": {
    "action_time": "2020-03-01T21:40:32.462Z",
    "user": 1,
    "content_type": 27,
    "object_id": "4",
    "object_repr": "Start  test test",
    "action_flag": 3,
    "change_message": ""
  }
},
{
  "model": "admin.logentry",
  "pk": 429,
  "fields": {
    "action_time": "2020-03-01T21:47:03.405Z",
    "user": 1,
    "content_type": 18,
    "object_id": "31",
    "object_repr": "Envy:2020-03-01",
    "action_flag": 1,
    "change_message": "[{\"added\": {}}]"
  }
},
{
  "model": "admin.logentry",
  "pk": 430,
  "fields": {
    "action_time": "2020-03-01T21:47:54.019Z",
    "user": 1,
    "content_type": 18,
    "object_id": "32",
    "object_repr": "Envy:2020-03-01",
    "action_flag": 1,
    "change_message": "[{\"added\": {}}]"
  }
},
{
  "model": "admin.logentry",
  "pk": 431,
  "fields": {
    "action_time": "2020-03-01T21:51:31.150Z",
    "user": 1,
    "content_type": 18,
    "object_id": "32",
    "object_repr": "Envy:2020-03-01",
    "action_flag": 2,
    "change_message": "[{\"changed\": {\"fields\": [\"serial_number\"]}}]"
  }
},
{
  "model": "admin.logentry",
  "pk": 432,
  "fields": {
    "action_time": "2020-03-01T21:51:43.208Z",
    "user": 1,
    "content_type": 18,
    "object_id": "31",
    "object_repr": "Envy:2020-03-01",
    "action_flag": 2,
    "change_message": "[{\"changed\": {\"fields\": [\"serial_number\"]}}]"
  }
},
{
  "model": "admin.logentry",
  "pk": 433,
  "fields": {
    "action_time": "2020-03-01T21:55:27.780Z",
    "user": 1,
    "content_type": 18,
    "object_id": "32",
    "object_repr": "Envy:2020-03-01",
    "action_flag": 2,
    "change_message": "[{\"changed\": {\"fields\": [\"depth1\", \"depth2\", \"depth3\", \"depth4\", \"depth5\", \"depth6\", \"depth7\", \"depth8\"]}}]"
  }
},
{
  "model": "admin.logentry",
  "pk": 434,
  "fields": {
    "action_time": "2020-03-01T21:56:09.702Z",
    "user": 1,
    "content_type": 18,
    "object_id": "31",
    "object_repr": "Envy:2020-03-01",
    "action_flag": 2,
    "change_message": "[{\"changed\": {\"fields\": [\"depth1\", \"depth2\", \"depth3\", \"depth4\", \"depth5\", \"depth6\", \"depth7\", \"depth8\"]}}]"
  }
},
{
  "model": "admin.logentry",
  "pk": 435,
  "fields": {
    "action_time": "2020-03-01T22:02:27.738Z",
    "user": 1,
    "content_type": 18,
    "object_id": "32",
    "object_repr": "Envy:2020-03-01",
    "action_flag": 2,
    "change_message": "[{\"changed\": {\"fields\": [\"rz1\"]}}]"
  }
},
{
  "model": "admin.logentry",
  "pk": 436,
  "fields": {
    "action_time": "2020-03-01T22:03:07.523Z",
    "user": 1,
    "content_type": 18,
    "object_id": "31",
    "object_repr": "Envy:2020-03-01",
    "action_flag": 2,
    "change_message": "[{\"changed\": {\"fields\": [\"rz1\"]}}]"
  }
},
{
  "model": "admin.logentry",
  "pk": 437,
  "fields": {
    "action_time": "2020-03-01T22:33:26.436Z",
    "user": 1,
    "content_type": 18,
    "object_id": "21",
    "object_repr": "Whar 2 (name unknown yet):2020-02-25",
    "action_flag": 2,
    "change_message": "[{\"changed\": {\"fields\": [\"meter\"]}}]"
  }
},
{
  "model": "admin.logentry",
  "pk": 438,
  "fields": {
    "action_time": "2020-03-01T22:33:50.094Z",
    "user": 1,
    "content_type": 18,
    "object_id": "5",
    "object_repr": "Whar 2 (name unknown yet):2020-01-28",
    "action_flag": 2,
    "change_message": "[{\"changed\": {\"fields\": [\"meter\"]}}]"
  }
},
{
  "model": "admin.logentry",
  "pk": 439,
  "fields": {
    "action_time": "2020-03-01T22:38:26.110Z",
    "user": 1,
    "content_type": 18,
    "object_id": "5",
    "object_repr": "Whar 2 (name unknown yet):2020-01-28",
    "action_flag": 2,
    "change_message": "[{\"changed\": {\"fields\": [\"meter\"]}}]"
  }
},
{
  "model": "admin.logentry",
  "pk": 440,
  "fields": {
    "action_time": "2020-03-01T22:58:55.865Z",
    "user": 1,
    "content_type": 35,
    "object_id": "19",
    "object_repr": "Cabernet",
    "action_flag": 1,
    "change_message": "[{\"added\": {}}]"
  }
},
{
  "model": "admin.logentry",
  "pk": 441,
  "fields": {
    "action_time": "2020-03-01T22:59:25.345Z",
    "user": 1,
    "content_type": 35,
    "object_id": "20",
    "object_repr": "Riesling",
    "action_flag": 1,
    "change_message": "[{\"added\": {}}]"
  }
},
{
  "model": "admin.logentry",
  "pk": 442,
  "fields": {
    "action_time": "2020-03-01T22:59:42.599Z",
    "user": 1,
    "content_type": 35,
    "object_id": "21",
    "object_repr": "Chardonnay",
    "action_flag": 1,
    "change_message": "[{\"added\": {}}]"
  }
},
{
  "model": "admin.logentry",
  "pk": 443,
  "fields": {
    "action_time": "2020-03-01T23:00:02.478Z",
    "user": 1,
    "content_type": 35,
    "object_id": "22",
    "object_repr": "Syrah",
    "action_flag": 1,
    "change_message": "[{\"added\": {}}]"
  }
},
{
  "model": "admin.logentry",
  "pk": 444,
  "fields": {
    "action_time": "2020-03-01T23:00:17.990Z",
    "user": 1,
    "content_type": 35,
    "object_id": "23",
    "object_repr": "Cabernet Franc",
    "action_flag": 1,
    "change_message": "[{\"added\": {}}]"
  }
},
{
  "model": "admin.logentry",
  "pk": 445,
  "fields": {
    "action_time": "2020-03-01T23:00:32.631Z",
    "user": 1,
    "content_type": 35,
    "object_id": "24",
    "object_repr": "Malbec",
    "action_flag": 1,
    "change_message": "[{\"added\": {}}]"
  }
},
{
  "model": "admin.logentry",
  "pk": 446,
  "fields": {
    "action_time": "2020-03-01T23:00:51.824Z",
    "user": 1,
    "content_type": 35,
    "object_id": "25",
    "object_repr": "Pinot Gris",
    "action_flag": 1,
    "change_message": "[{\"added\": {}}]"
  }
},
{
  "model": "admin.logentry",
  "pk": 447,
  "fields": {
    "action_time": "2020-03-01T23:01:07.776Z",
    "user": 1,
    "content_type": 35,
    "object_id": "26",
    "object_repr": "Peaches",
    "action_flag": 1,
    "change_message": "[{\"added\": {}}]"
  }
},
{
  "model": "admin.logentry",
  "pk": 448,
  "fields": {
    "action_time": "2020-03-01T23:01:12.656Z",
    "user": 1,
    "content_type": 35,
    "object_id": "27",
    "object_repr": "Nectarines",
    "action_flag": 1,
    "change_message": "[{\"added\": {}}]"
  }
},
{
  "model": "admin.logentry",
  "pk": 449,
  "fields": {
    "action_time": "2020-03-01T23:01:31.130Z",
    "user": 1,
    "content_type": 35,
    "object_id": "28",
    "object_repr": "Merlot",
    "action_flag": 1,
    "change_message": "[{\"added\": {}}]"
  }
},
{
  "model": "admin.logentry",
  "pk": 450,
  "fields": {
    "action_time": "2020-03-01T23:02:12.900Z",
    "user": 1,
    "content_type": 35,
    "object_id": "29",
    "object_repr": "Gold",
    "action_flag": 1,
    "change_message": "[{\"added\": {}}]"
  }
},
{
  "model": "admin.logentry",
  "pk": 451,
  "fields": {
    "action_time": "2020-03-01T23:02:22.386Z",
    "user": 1,
    "content_type": 35,
    "object_id": "30",
    "object_repr": "Boysenberries",
    "action_flag": 1,
    "change_message": "[{\"added\": {}}]"
  }
},
{
  "model": "admin.logentry",
  "pk": 452,
  "fields": {
    "action_time": "2020-03-01T23:02:28.611Z",
    "user": 1,
    "content_type": 35,
    "object_id": "31",
    "object_repr": "Pears",
    "action_flag": 1,
    "change_message": "[{\"added\": {}}]"
  }
},
{
  "model": "admin.logentry",
  "pk": 453,
  "fields": {
    "action_time": "2020-03-01T23:03:25.098Z",
    "user": 1,
    "content_type": 16,
    "object_id": "15",
    "object_repr": "Hops",
    "action_flag": 2,
    "change_message": "[{\"changed\": {\"fields\": [\"variety\"]}}]"
  }
},
{
  "model": "admin.logentry",
  "pk": 454,
  "fields": {
    "action_time": "2020-03-01T23:04:17.429Z",
    "user": 1,
    "content_type": 16,
    "object_id": "15",
    "object_repr": "Hops",
    "action_flag": 2,
    "change_message": "[{\"changed\": {\"fields\": [\"upper_limit\", \"lower_limit\"]}}]"
  }
},
{
  "model": "admin.logentry",
  "pk": 455,
  "fields": {
    "action_time": "2020-03-01T23:04:38.630Z",
    "user": 1,
    "content_type": 16,
    "object_id": "1",
    "object_repr": "Whar 2 (name unknown yet)",
    "action_flag": 2,
    "change_message": "[{\"changed\": {\"fields\": [\"upper_limit\", \"lower_limit\"]}}]"
  }
},
{
  "model": "admin.logentry",
  "pk": 456,
  "fields": {
    "action_time": "2020-03-01T23:06:12.225Z",
    "user": 1,
    "content_type": 16,
    "object_id": "13",
    "object_repr": "Envy",
    "action_flag": 2,
    "change_message": "[{\"changed\": {\"fields\": [\"upper_limit\", \"lower_limit\"]}}]"
  }
},
{
  "model": "admin.logentry",
  "pk": 457,
  "fields": {
    "action_time": "2020-03-02T02:59:21.280Z",
    "user": 1,
    "content_type": 16,
    "object_id": "13",
    "object_repr": "Envy",
    "action_flag": 2,
    "change_message": "[{\"changed\": {\"fields\": [\"upper_limit\", \"lower_limit\"]}}]"
  }
},
{
  "model": "admin.logentry",
  "pk": 458,
  "fields": {
    "action_time": "2020-03-02T20:11:56.953Z",
    "user": 1,
    "content_type": 18,
    "object_id": "32",
    "object_repr": "Envy:2020-03-02",
    "action_flag": 2,
    "change_message": "[{\"changed\": {\"fields\": [\"date\"]}}]"
  }
},
{
  "model": "admin.logentry",
  "pk": 459,
  "fields": {
    "action_time": "2020-03-03T00:55:53.061Z",
    "user": 1,
    "content_type": 18,
    "object_id": "32",
    "object_repr": "Envy:2019-09-09",
    "action_flag": 2,
    "change_message": "[{\"changed\": {\"fields\": [\"date\"]}}]"
  }
},
{
  "model": "admin.logentry",
  "pk": 460,
  "fields": {
    "action_time": "2020-03-03T00:56:06.656Z",
    "user": 1,
    "content_type": 18,
    "object_id": "31",
    "object_repr": "Envy:2019-08-06",
    "action_flag": 2,
    "change_message": "[{\"changed\": {\"fields\": [\"date\"]}}]"
  }
},
{
  "model": "admin.logentry",
  "pk": 461,
  "fields": {
    "action_time": "2020-03-03T00:57:17.123Z",
    "user": 1,
    "content_type": 16,
    "object_id": "13",
    "object_repr": "Envy",
    "action_flag": 2,
    "change_message": "[]"
  }
},
{
  "model": "admin.logentry",
  "pk": 462,
  "fields": {
    "action_time": "2020-03-03T00:58:52.910Z",
    "user": 1,
    "content_type": 18,
    "object_id": "32",
    "object_repr": "Envy:2020-03-01",
    "action_flag": 2,
    "change_message": "[{\"changed\": {\"fields\": [\"date\"]}}]"
  }
},
{
  "model": "admin.logentry",
  "pk": 463,
  "fields": {
    "action_time": "2020-03-03T00:59:05.906Z",
    "user": 1,
    "content_type": 18,
    "object_id": "31",
    "object_repr": "Envy:2020-03-02",
    "action_flag": 2,
    "change_message": "[{\"changed\": {\"fields\": [\"date\"]}}]"
  }
},
{
  "model": "admin.logentry",
  "pk": 464,
  "fields": {
    "action_time": "2020-03-05T23:23:29.250Z",
    "user": 1,
    "content_type": 18,
    "object_id": "31",
    "object_repr": "Envy:2020-03-02",
    "action_flag": 2,
    "change_message": "[{\"changed\": {\"fields\": [\"depth1\", \"depth2\", \"depth3\", \"depth4\", \"depth5\", \"depth6\", \"depth7\", \"depth8\", \"rz1\"]}}]"
  }
},
{
  "model": "admin.logentry",
  "pk": 465,
  "fields": {
    "action_time": "2020-03-05T23:25:50.477Z",
    "user": 1,
    "content_type": 18,
    "object_id": "32",
    "object_repr": "Envy:2020-03-01",
    "action_flag": 2,
    "change_message": "[{\"changed\": {\"fields\": [\"depth1\", \"depth2\", \"depth3\", \"depth4\", \"depth5\", \"depth6\", \"depth7\", \"depth8\", \"rz1\"]}}]"
  }
},
{
  "model": "admin.logentry",
  "pk": 466,
  "fields": {
    "action_time": "2020-03-11T23:09:18.901Z",
    "user": 1,
    "content_type": 16,
    "object_id": "11",
    "object_repr": "Manual",
    "action_flag": 1,
    "change_message": "[{\"added\": {}}]"
  }
},
{
  "model": "admin.logentry",
  "pk": 467,
  "fields": {
    "action_time": "2020-03-11T23:09:38.375Z",
    "user": 1,
    "content_type": 30,
    "object_id": "90",
    "object_repr": "Manual:1:2010-03-11",
    "action_flag": 1,
    "change_message": "[{\"added\": {}}]"
  }
},
{
  "model": "admin.logentry",
  "pk": 468,
  "fields": {
    "action_time": "2020-03-11T23:09:53.057Z",
    "user": 1,
    "content_type": 30,
    "object_id": "91",
    "object_repr": "Manual:2:2010-03-11",
    "action_flag": 1,
    "change_message": "[{\"added\": {}}]"
  }
},
{
  "model": "admin.logentry",
  "pk": 469,
  "fields": {
    "action_time": "2020-03-11T23:10:09.863Z",
    "user": 1,
    "content_type": 30,
    "object_id": "92",
    "object_repr": "Manual:3:2010-03-11",
    "action_flag": 1,
    "change_message": "[{\"added\": {}}]"
  }
},
{
  "model": "admin.logentry",
  "pk": 470,
  "fields": {
    "action_time": "2020-03-11T23:10:19.709Z",
    "user": 1,
    "content_type": 30,
    "object_id": "93",
    "object_repr": "Manual:4:2010-03-11",
    "action_flag": 1,
    "change_message": "[{\"added\": {}}]"
  }
},
{
  "model": "admin.logentry",
  "pk": 471,
  "fields": {
    "action_time": "2020-03-11T23:10:32.317Z",
    "user": 1,
    "content_type": 30,
    "object_id": "94",
    "object_repr": "Manual:5:2010-03-11",
    "action_flag": 1,
    "change_message": "[{\"added\": {}}]"
  }
},
{
  "model": "admin.logentry",
  "pk": 472,
  "fields": {
    "action_time": "2020-03-11T23:10:43.460Z",
    "user": 1,
    "content_type": 30,
    "object_id": "95",
    "object_repr": "Manual:6:2010-03-11",
    "action_flag": 1,
    "change_message": "[{\"added\": {}}]"
  }
},
{
  "model": "admin.logentry",
  "pk": 473,
  "fields": {
    "action_time": "2020-03-11T23:10:53.994Z",
    "user": 1,
    "content_type": 30,
    "object_id": "96",
    "object_repr": "Manual:7:2010-03-11",
    "action_flag": 1,
    "change_message": "[{\"added\": {}}]"
  }
},
{
  "model": "admin.logentry",
  "pk": 474,
  "fields": {
    "action_time": "2020-03-11T23:11:08.511Z",
    "user": 1,
    "content_type": 30,
    "object_id": "97",
    "object_repr": "Manual:8:2010-03-11",
    "action_flag": 1,
    "change_message": "[{\"added\": {}}]"
  }
},
{
  "model": "admin.logentry",
  "pk": 475,
  "fields": {
    "action_time": "2020-03-11T23:11:18.678Z",
    "user": 1,
    "content_type": 30,
    "object_id": "98",
    "object_repr": "Manual:9:2010-03-11",
    "action_flag": 1,
    "change_message": "[{\"added\": {}}]"
  }
},
{
  "model": "admin.logentry",
  "pk": 476,
  "fields": {
    "action_time": "2020-03-11T23:11:29.988Z",
    "user": 1,
    "content_type": 30,
    "object_id": "99",
    "object_repr": "Manual:10:2010-03-11",
    "action_flag": 1,
    "change_message": "[{\"added\": {}}]"
  }
},
{
  "model": "admin.logentry",
  "pk": 477,
  "fields": {
    "action_time": "2020-03-11T23:12:46.497Z",
    "user": 1,
    "content_type": 32,
    "object_id": "31",
    "object_repr": "Envy:2020-03-02",
    "action_flag": 2,
    "change_message": "[{\"changed\": {\"fields\": [\"depth1\", \"depth2\", \"depth3\", \"depth4\", \"depth5\", \"depth6\", \"depth7\", \"depth8\", \"depth1_count\", \"depth2_count\", \"depth3_count\", \"depth4_count\", \"depth5_count\", \"depth6_count\", \"depth7_count\", \"depth8_count\", \"serial_number\", \"rz1\"]}}]"
  }
},
{
  "model": "admin.logentry",
  "pk": 478,
  "fields": {
    "action_time": "2020-03-11T23:13:25.536Z",
    "user": 1,
    "content_type": 32,
    "object_id": "32",
    "object_repr": "Envy:2020-03-01",
    "action_flag": 2,
    "change_message": "[{\"changed\": {\"fields\": [\"depth1\", \"depth2\", \"depth3\", \"depth4\", \"depth5\", \"depth6\", \"depth7\", \"depth8\", \"depth1_count\", \"depth2_count\", \"depth3_count\", \"depth4_count\", \"depth5_count\", \"depth6_count\", \"depth7_count\", \"depth8_count\", \"serial_number\", \"rz1\"]}}]"
  }
},
{
  "model": "admin.logentry",
  "pk": 479,
  "fields": {
    "action_time": "2020-03-12T01:38:08.020Z",
    "user": 1,
    "content_type": 32,
    "object_id": "31",
    "object_repr": "Envy:2020-03-02",
    "action_flag": 2,
    "change_message": "[{\"changed\": {\"fields\": [\"depth1\", \"depth2\", \"depth3\", \"depth4\", \"depth5\", \"depth6\", \"depth7\", \"depth8\", \"rz1\"]}}]"
  }
},
{
  "model": "admin.logentry",
  "pk": 480,
  "fields": {
    "action_time": "2020-03-12T01:38:46.005Z",
    "user": 1,
    "content_type": 32,
    "object_id": "32",
    "object_repr": "Envy:2020-03-01",
    "action_flag": 2,
    "change_message": "[{\"changed\": {\"fields\": [\"depth1\", \"depth2\", \"depth3\", \"depth4\", \"depth5\", \"depth6\", \"depth7\", \"depth8\", \"rz1\"]}}]"
  }
},
{
  "model": "admin.logentry",
  "pk": 481,
  "fields": {
    "action_time": "2020-03-12T20:32:32.845Z",
    "user": 1,
    "content_type": 32,
    "object_id": "32",
    "object_repr": "Envy:2020-03-01",
    "action_flag": 2,
    "change_message": "[{\"changed\": {\"fields\": [\"rz1\"]}}]"
  }
},
{
  "model": "admin.logentry",
  "pk": 482,
  "fields": {
    "action_time": "2020-03-12T20:32:46.737Z",
    "user": 1,
    "content_type": 32,
    "object_id": "31",
    "object_repr": "Envy:2020-03-02",
    "action_flag": 2,
    "change_message": "[{\"changed\": {\"fields\": [\"rz1\"]}}]"
  }
},
{
  "model": "admin.logentry",
  "pk": 483,
  "fields": {
    "action_time": "2020-03-12T20:51:01.753Z",
    "user": 1,
    "content_type": 11,
    "object_id": "7",
    "object_repr": "Flowering",
    "action_flag": 2,
    "change_message": "[{\"changed\": {\"fields\": [\"season_flag\"]}}]"
  }
},
{
  "model": "admin.logentry",
  "pk": 484,
  "fields": {
    "action_time": "2020-03-12T20:51:20.110Z",
    "user": 1,
    "content_type": 11,
    "object_id": "6",
    "object_repr": "Veraison",
    "action_flag": 2,
    "change_message": "[{\"changed\": {\"fields\": [\"season_flag\"]}}]"
  }
},
{
  "model": "admin.logentry",
  "pk": 485,
  "fields": {
    "action_time": "2020-03-12T20:51:28.404Z",
    "user": 1,
    "content_type": 11,
    "object_id": "2",
    "object_repr": "Harvest estimate",
    "action_flag": 2,
    "change_message": "[{\"changed\": {\"fields\": [\"season_flag\"]}}]"
  }
}
]
