[
{
  "model": "address.country",
  "pk": 1,
  "fields": {
    "name": "New Zealand",
    "code": ""
  }
},
{
  "model": "address.state",
  "pk": 1,
  "fields": {
    "name": "Hawkes Bay",
    "code": "",
    "country": 1
  }
},
{
  "model": "address.locality",
  "pk": 1,
  "fields": {
    "name": "Puketapu",
    "postal_code": "4182",
    "state": 1
  }
},
{
  "model": "address.locality",
  "pk": 2,
  "fields": {
    "name": "Bay View",
    "postal_code": "4104",
    "state": 1
  }
},
{
  "model": "address.address",
  "pk": 1,
  "fields": {
    "street_number": "642",
    "route": "Puketitiri Road",
    "locality": 1,
    "raw": "642 Puketitiri Road",
    "formatted": "",
    "latitude": -39.482469,
    "longitude": 176.809461
  }
},
{
  "model": "address.address",
  "pk": 2,
  "fields": {
    "street_number": "492",
    "route": "Puketitiri Road",
    "locality": 1,
    "raw": "492 Puketittiri Road",
    "formatted": "",
    "latitude": -39.490617,
    "longitude": 176.814498
  }
},
{
  "model": "address.address",
  "pk": 3,
  "fields": {
    "street_number": "990",
    "route": "Puketapu Road",
    "locality": 1,
    "raw": "990 Puketapu Road",
    "formatted": "",
    "latitude": null,
    "longitude": 176.812488
  }
},
{
  "model": "address.address",
  "pk": 4,
  "fields": {
    "street_number": "615",
    "route": "Puketitiri Road",
    "locality": 1,
    "raw": "615 Puketitiri Road",
    "formatted": "",
    "latitude": -39.4815,
    "longitude": 176.808951
  }
},
{
  "model": "address.address",
  "pk": 5,
  "fields": {
    "street_number": "826",
    "route": "Main Road North",
    "locality": 2,
    "raw": "826 Main Road North",
    "formatted": "",
    "latitude": -39.404077,
    "longitude": 176.876457
  }
},
{
  "model": "address.address",
  "pk": 6,
  "fields": {
    "street_number": "144",
    "route": "Poraiti Road",
    "locality": 1,
    "raw": "144 Poraiti Road",
    "formatted": "",
    "latitude": -39.492762,
    "longitude": 176.841965
  }
},
{
  "model": "auth.group",
  "pk": 1,
  "fields": {
    "name": "Technician",
    "permissions": []
  }
},
{
  "model": "auth.user",
  "pk": 1,
  "fields": {
    "password": "pbkdf2_sha256$150000$s1tgXax98CQE$YJNmsRCg0yAXSC+8wLM31WAuRE7/EymXToBSlemq3sE=",
    "last_login": "2020-02-20T19:41:04.830Z",
    "is_superuser": true,
    "username": "admin",
    "first_name": "",
    "last_name": "",
    "email": "",
    "is_staff": true,
    "is_active": true,
    "date_joined": "2020-01-13T18:25:40.239Z",
    "groups": [],
    "user_permissions": []
  }
},
{
  "model": "auth.user",
  "pk": 2,
  "fields": {
    "password": "pbkdf2_sha256$150000$81opyzmmJiKM$mVRB9VnO4PvMSflzJUOi+xZjAPqTC7ObP941HNJOybQ=",
    "last_login": null,
    "is_superuser": false,
    "username": "hamiltonb",
    "first_name": "Brendan",
    "last_name": "Hamilton",
    "email": "brendan@fruition.net.nz",
    "is_staff": false,
    "is_active": true,
    "date_joined": "2020-01-16T02:45:17Z",
    "groups": [
      1
    ],
    "user_permissions": []
  }
},
{
  "model": "sessions.session",
  "pk": "4v5j2j1lo6ac8jj7vymzeahpli5l87zp",
  "fields": {
    "session_data": "YWFlMjQwZDUzMWY1ODRhNDFiMDFmMTI0YmM4NjFlZDE5Y2FjNzVjODp7Il9hdXRoX3VzZXJfaWQiOiIxIiwiX2F1dGhfdXNlcl9iYWNrZW5kIjoiZGphbmdvLmNvbnRyaWIuYXV0aC5iYWNrZW5kcy5Nb2RlbEJhY2tlbmQiLCJfYXV0aF91c2VyX2hhc2giOiI5MjIwMWY2MGRjYzZhYzkwYWRmZjU0NjE5ZjU2ZWIyMTRjYmEwNGIxIiwid2l6YXJkX3NlYXNvbl93aXphcmQiOnsic3RlcCI6InNlbGVjdF9jcnNmIiwic3RlcF9kYXRhIjp7fSwic3RlcF9maWxlcyI6e30sImV4dHJhX2RhdGEiOnt9fX0=",
    "expire_date": "2020-03-05T20:12:38.204Z"
  }
},
{
  "model": "sessions.session",
  "pk": "j4zoyk33jupiv3s83sz4f15z9c029zqe",
  "fields": {
    "session_data": "MmEyNTMzNTg2NWI2MTJmYzNmZmIwMzMyNmFkZWUyMGU5NDM1ZjYyODp7Il9hdXRoX3VzZXJfaWQiOiIxIiwiX2F1dGhfdXNlcl9iYWNrZW5kIjoiZGphbmdvLmNvbnRyaWIuYXV0aC5iYWNrZW5kcy5Nb2RlbEJhY2tlbmQiLCJfYXV0aF91c2VyX2hhc2giOiI5MjIwMWY2MGRjYzZhYzkwYWRmZjU0NjE5ZjU2ZWIyMTRjYmEwNGIxIn0=",
    "expire_date": "2020-02-10T01:32:46.553Z"
  }
},
{
  "model": "sessions.session",
  "pk": "mnjr4rvzni98yankqczy6qci3nv2zgi8",
  "fields": {
    "session_data": "MmEyNTMzNTg2NWI2MTJmYzNmZmIwMzMyNmFkZWUyMGU5NDM1ZjYyODp7Il9hdXRoX3VzZXJfaWQiOiIxIiwiX2F1dGhfdXNlcl9iYWNrZW5kIjoiZGphbmdvLmNvbnRyaWIuYXV0aC5iYWNrZW5kcy5Nb2RlbEJhY2tlbmQiLCJfYXV0aF91c2VyX2hhc2giOiI5MjIwMWY2MGRjYzZhYzkwYWRmZjU0NjE5ZjU2ZWIyMTRjYmEwNGIxIn0=",
    "expire_date": "2020-02-19T17:29:04.461Z"
  }
},
{
  "model": "sessions.session",
  "pk": "oj610pinr5hv8d4ylpcy1z9xovs4zw6w",
  "fields": {
    "session_data": "MmEyNTMzNTg2NWI2MTJmYzNmZmIwMzMyNmFkZWUyMGU5NDM1ZjYyODp7Il9hdXRoX3VzZXJfaWQiOiIxIiwiX2F1dGhfdXNlcl9iYWNrZW5kIjoiZGphbmdvLmNvbnRyaWIuYXV0aC5iYWNrZW5kcy5Nb2RlbEJhY2tlbmQiLCJfYXV0aF91c2VyX2hhc2giOiI5MjIwMWY2MGRjYzZhYzkwYWRmZjU0NjE5ZjU2ZWIyMTRjYmEwNGIxIn0=",
    "expire_date": "2020-02-27T03:09:43.294Z"
  }
},
{
  "model": "sessions.session",
  "pk": "p45brylb1jwyvlpsnsvx6ftfaucjm0ng",
  "fields": {
    "session_data": "MmEyNTMzNTg2NWI2MTJmYzNmZmIwMzMyNmFkZWUyMGU5NDM1ZjYyODp7Il9hdXRoX3VzZXJfaWQiOiIxIiwiX2F1dGhfdXNlcl9iYWNrZW5kIjoiZGphbmdvLmNvbnRyaWIuYXV0aC5iYWNrZW5kcy5Nb2RlbEJhY2tlbmQiLCJfYXV0aF91c2VyX2hhc2giOiI5MjIwMWY2MGRjYzZhYzkwYWRmZjU0NjE5ZjU2ZWIyMTRjYmEwNGIxIn0=",
    "expire_date": "2020-01-27T18:26:05.568Z"
  }
},
{
  "model": "skeleton.document",
  "pk": 1,
  "fields": {
    "description": "",
    "document": "documents/S0000028.TXT"
  }
},
{
  "model": "skeleton.document",
  "pk": 2,
  "fields": {
    "description": "",
    "document": "documents/S0000068.TXT"
  }
},
{
  "model": "skeleton.document",
  "pk": 3,
  "fields": {
    "description": "",
    "document": "documents/neutron_probe_test_upload_3_sites.csv"
  }
},
{
  "model": "skeleton.document",
  "pk": 4,
  "fields": {
    "description": "",
    "document": "documents/S0000071.TXT"
  }
},
{
  "model": "skeleton.document",
  "pk": 5,
  "fields": {
    "description": "",
    "document": "documents/Brendan_28120.csv"
  }
},
{
  "model": "skeleton.document",
  "pk": 6,
  "fields": {
    "description": "",
    "document": "documents/Brendan_28120_mLl3okS.csv"
  }
},
{
  "model": "skeleton.document",
  "pk": 7,
  "fields": {
    "description": "",
    "document": "documents/Brendan_28120_0cPPlVQ.csv"
  }
},
{
  "model": "skeleton.document",
  "pk": 8,
  "fields": {
    "description": "",
    "document": "documents/Brendan_28120_LUAwAJe.csv"
  }
},
{
  "model": "skeleton.document",
  "pk": 9,
  "fields": {
    "description": "",
    "document": "documents/Brendan_28120_EXDiZum.csv"
  }
},
{
  "model": "skeleton.document",
  "pk": 10,
  "fields": {
    "description": "",
    "document": "documents/Brendan_28120_K0yWoDF.csv"
  }
},
{
  "model": "skeleton.document",
  "pk": 11,
  "fields": {
    "description": "",
    "document": "documents/Brendan_28120_g35PSp7.csv"
  }
},
{
  "model": "skeleton.readingtype",
  "pk": 1,
  "fields": {
    "name": "Probe",
    "comment": null,
    "formula": null,
    "created_date": "2020-01-15T23:00:24Z",
    "created_by": 1
  }
},
{
  "model": "skeleton.readingtype",
  "pk": 2,
  "fields": {
    "name": "Refill",
    "comment": null,
    "formula": null,
    "created_date": "2020-01-15T23:00:51Z",
    "created_by": 1
  }
},
{
  "model": "skeleton.readingtype",
  "pk": 3,
  "fields": {
    "name": "Full Point",
    "comment": null,
    "formula": null,
    "created_date": "2020-01-15T23:01:01Z",
    "created_by": 1
  }
},
{
  "model": "skeleton.farm",
  "pk": 1,
  "fields": {
    "name": "Rockit Whar 2",
    "owner": "Rockit",
    "comment": null,
    "address": 1,
    "report": null,
    "weatherstation": null,
    "landline": null,
    "mobile": null,
    "email": "chris.skea@rockitapple.com",
    "folder": null,
    "created_date": "2020-01-16T02:21:59Z",
    "created_by": 1
  }
},
{
  "model": "skeleton.farm",
  "pk": 2,
  "fields": {
    "name": "Rockit Steel",
    "owner": "Rockit",
    "comment": null,
    "address": 2,
    "report": null,
    "weatherstation": null,
    "landline": null,
    "mobile": null,
    "email": "chris.skea@rockitapple.com",
    "folder": null,
    "created_date": "2020-01-16T02:28:35Z",
    "created_by": 1
  }
},
{
  "model": "skeleton.farm",
  "pk": 3,
  "fields": {
    "name": "Rockit Simmons",
    "owner": "Rockit",
    "comment": null,
    "address": 3,
    "report": null,
    "weatherstation": null,
    "landline": null,
    "mobile": null,
    "email": "chris.skea@rockitapple.com",
    "folder": null,
    "created_date": "2020-01-16T02:31:58Z",
    "created_by": 1
  }
},
{
  "model": "skeleton.farm",
  "pk": 4,
  "fields": {
    "name": "Rockit Whar",
    "owner": "Rockit",
    "comment": null,
    "address": 4,
    "report": null,
    "weatherstation": null,
    "landline": null,
    "mobile": null,
    "email": "chris.skea@rockitapple.com",
    "folder": null,
    "created_date": "2020-01-16T02:33:45Z",
    "created_by": 1
  }
},
{
  "model": "skeleton.farm",
  "pk": 5,
  "fields": {
    "name": "The Orchard",
    "owner": "TEST",
    "comment": "Roger Brownlie",
    "address": 5,
    "report": null,
    "weatherstation": null,
    "landline": null,
    "mobile": null,
    "email": "the.orchard@xtra.co.nz",
    "folder": null,
    "created_date": "2020-01-16T02:34:58Z",
    "created_by": 1
  }
},
{
  "model": "skeleton.farm",
  "pk": 6,
  "fields": {
    "name": "HLZ",
    "owner": "Brendan",
    "comment": null,
    "address": 6,
    "report": null,
    "weatherstation": null,
    "landline": null,
    "mobile": null,
    "email": "brendan@fruition.net.nz",
    "folder": null,
    "created_date": "2020-01-16T03:22:19Z",
    "created_by": 1
  }
},
{
  "model": "skeleton.crop",
  "pk": 1,
  "fields": {
    "name": "Apples",
    "report": null,
    "dwu_formaula": null,
    "season_start": null,
    "critical_label1": null,
    "critical_label2": null,
    "critical_label3": null,
    "critical_label4": null,
    "critical_label5": null,
    "critical_label6": null,
    "critical_date1": null,
    "critical_date2": null,
    "critical_date3": null,
    "critical_date4": null,
    "critical_date5": null,
    "critical_date6": null,
    "season_end": null,
    "irrigation_method": 1,
    "irrigation_area": null,
    "irrigation_time": null,
    "irrigation_delivered_volume": null,
    "irrigation_position": null,
    "irrigation_upper": null,
    "irrigation_lower": null,
    "irrigation_crop_factor": null,
    "irrigation_deliver_factor": null,
    "irrigation_yield": null,
    "irrigation_drip_days": null,
    "irrigation_row_space": null,
    "irrigation_emit_space": null,
    "irrigation_plant_space": null,
    "irrigation_wet_width": null,
    "created_date": "2020-01-16T02:41:02Z",
    "created_by": 1
  }
},
{
  "model": "skeleton.crop",
  "pk": 2,
  "fields": {
    "name": "Grapes",
    "report": null,
    "dwu_formaula": null,
    "season_start": null,
    "critical_label1": null,
    "critical_label2": null,
    "critical_label3": null,
    "critical_label4": null,
    "critical_label5": null,
    "critical_label6": null,
    "critical_date1": null,
    "critical_date2": null,
    "critical_date3": null,
    "critical_date4": null,
    "critical_date5": null,
    "critical_date6": null,
    "season_end": null,
    "irrigation_method": 1,
    "irrigation_area": null,
    "irrigation_time": null,
    "irrigation_delivered_volume": null,
    "irrigation_position": null,
    "irrigation_upper": null,
    "irrigation_lower": null,
    "irrigation_crop_factor": null,
    "irrigation_deliver_factor": null,
    "irrigation_yield": null,
    "irrigation_drip_days": null,
    "irrigation_row_space": null,
    "irrigation_emit_space": null,
    "irrigation_plant_space": null,
    "irrigation_wet_width": null,
    "created_date": "2020-01-16T02:41:55Z",
    "created_by": 1
  }
},
{
  "model": "skeleton.crop",
  "pk": 3,
  "fields": {
    "name": "Citrus",
    "report": null,
    "dwu_formaula": null,
    "season_start": null,
    "critical_label1": null,
    "critical_label2": null,
    "critical_label3": null,
    "critical_label4": null,
    "critical_label5": null,
    "critical_label6": null,
    "critical_date1": null,
    "critical_date2": null,
    "critical_date3": null,
    "critical_date4": null,
    "critical_date5": null,
    "critical_date6": null,
    "season_end": null,
    "irrigation_method": 1,
    "irrigation_area": null,
    "irrigation_time": null,
    "irrigation_delivered_volume": null,
    "irrigation_position": null,
    "irrigation_upper": null,
    "irrigation_lower": null,
    "irrigation_crop_factor": null,
    "irrigation_deliver_factor": null,
    "irrigation_yield": null,
    "irrigation_drip_days": null,
    "irrigation_row_space": null,
    "irrigation_emit_space": null,
    "irrigation_plant_space": null,
    "irrigation_wet_width": null,
    "created_date": "2020-01-16T03:26:09Z",
    "created_by": 1
  }
},
{
  "model": "skeleton.crop",
  "pk": 4,
  "fields": {
    "name": "Hops",
    "report": null,
    "dwu_formaula": null,
    "season_start": null,
    "critical_label1": null,
    "critical_label2": null,
    "critical_label3": null,
    "critical_label4": null,
    "critical_label5": null,
    "critical_label6": null,
    "critical_date1": null,
    "critical_date2": null,
    "critical_date3": null,
    "critical_date4": null,
    "critical_date5": null,
    "critical_date6": null,
    "season_end": null,
    "irrigation_method": 1,
    "irrigation_area": null,
    "irrigation_time": null,
    "irrigation_delivered_volume": null,
    "irrigation_position": null,
    "irrigation_upper": null,
    "irrigation_lower": null,
    "irrigation_crop_factor": null,
    "irrigation_deliver_factor": null,
    "irrigation_yield": null,
    "irrigation_drip_days": null,
    "irrigation_row_space": null,
    "irrigation_emit_space": null,
    "irrigation_plant_space": null,
    "irrigation_wet_width": null,
    "created_date": "2020-01-16T03:28:45Z",
    "created_by": 1
  }
},
{
  "model": "skeleton.site",
  "pk": 1,
  "fields": {
    "site_number": "1372",
    "farm": 1,
    "technician": 2,
    "selected": null,
    "name": "Whar 2 (name unknown yet)",
    "variety": "Rockit apple",
    "crop": 1,
    "report": null,
    "irrigation_method": 1,
    "irrigation_area": 10.0,
    "irrigation_time": 1.0,
    "irrigation_delivered_volume": 189.0,
    "irrigation_position": 10.0,
    "irrigation_yield": null,
    "irrigation_allocation_volume": null,
    "rz1_top": 0,
    "rz1_bottom": 40,
    "rz2_top": null,
    "rz2_bottom": null,
    "rz3_top": null,
    "rz3_bottom": null,
    "depth1": 20,
    "depth2": 30,
    "depth3": 40,
    "depth4": 50,
    "depth5": 60,
    "depth6": 80,
    "depth7": 100,
    "depth8": null,
    "depth9": null,
    "depth10": null,
    "depth_he1": null,
    "depth_he2": null,
    "depth_he3": null,
    "depth_he4": null,
    "depth_he5": null,
    "depth_he6": null,
    "depth_he7": null,
    "depth_he8": null,
    "depth_he9": null,
    "depth_he10": null,
    "upper_limit": null,
    "lower_limit": null,
    "emitter_rate": 17.0,
    "row_spacing": 300,
    "emitter_spacing": 300,
    "plant_spacing": 150,
    "wetted_width": 300,
    "delivery_time": 1,
    "area": 10.0,
    "comment": null,
    "created_date": "2020-01-16T02:47:39Z",
    "created_by": 1
  }
},
{
  "model": "skeleton.site",
  "pk": 2,
  "fields": {
    "site_number": "1364",
    "farm": 2,
    "technician": 2,
    "selected": null,
    "name": "Front (Name TBD)",
    "variety": "Rockit apple",
    "crop": 1,
    "report": null,
    "irrigation_method": 1,
    "irrigation_area": 10.0,
    "irrigation_time": 1.0,
    "irrigation_delivered_volume": 485.0,
    "irrigation_position": 10.0,
    "irrigation_yield": null,
    "irrigation_allocation_volume": null,
    "rz1_top": 0,
    "rz1_bottom": 60,
    "rz2_top": null,
    "rz2_bottom": null,
    "rz3_top": null,
    "rz3_bottom": null,
    "depth1": 20,
    "depth2": 30,
    "depth3": 40,
    "depth4": 50,
    "depth5": 60,
    "depth6": 80,
    "depth7": 100,
    "depth8": 120,
    "depth9": null,
    "depth10": null,
    "depth_he1": null,
    "depth_he2": null,
    "depth_he3": null,
    "depth_he4": null,
    "depth_he5": null,
    "depth_he6": null,
    "depth_he7": null,
    "depth_he8": null,
    "depth_he9": null,
    "depth_he10": null,
    "upper_limit": null,
    "lower_limit": null,
    "emitter_rate": 17.0,
    "row_spacing": 300,
    "emitter_spacing": 280,
    "plant_spacing": 140,
    "wetted_width": 300,
    "delivery_time": 1,
    "area": 10.0,
    "comment": null,
    "created_date": "2020-01-16T02:51:01Z",
    "created_by": 1
  }
},
{
  "model": "skeleton.site",
  "pk": 3,
  "fields": {
    "site_number": "1365",
    "farm": 2,
    "technician": 2,
    "selected": null,
    "name": "Zone 6 (Name TBD)",
    "variety": "Rockit apple",
    "crop": 1,
    "report": null,
    "irrigation_method": 1,
    "irrigation_area": 10.0,
    "irrigation_time": 1.0,
    "irrigation_delivered_volume": 486.0,
    "irrigation_position": 10.0,
    "irrigation_yield": null,
    "irrigation_allocation_volume": null,
    "rz1_top": 0,
    "rz1_bottom": 60,
    "rz2_top": null,
    "rz2_bottom": null,
    "rz3_top": null,
    "rz3_bottom": null,
    "depth1": 20,
    "depth2": 30,
    "depth3": 40,
    "depth4": 50,
    "depth5": 60,
    "depth6": 80,
    "depth7": 100,
    "depth8": 120,
    "depth9": null,
    "depth10": null,
    "depth_he1": null,
    "depth_he2": null,
    "depth_he3": null,
    "depth_he4": null,
    "depth_he5": null,
    "depth_he6": null,
    "depth_he7": null,
    "depth_he8": null,
    "depth_he9": null,
    "depth_he10": null,
    "upper_limit": 3,
    "lower_limit": 2,
    "emitter_rate": 17.0,
    "row_spacing": 300,
    "emitter_spacing": 280,
    "plant_spacing": 140,
    "wetted_width": 300,
    "delivery_time": null,
    "area": null,
    "comment": null,
    "created_date": "2020-01-16T03:00:28Z",
    "created_by": 1
  }
},
{
  "model": "skeleton.site",
  "pk": 4,
  "fields": {
    "site_number": "1366",
    "farm": 2,
    "technician": 2,
    "selected": null,
    "name": "Zone 10 (Name TBD)",
    "variety": "Rockit apple",
    "crop": 1,
    "report": null,
    "irrigation_method": 1,
    "irrigation_area": 10.0,
    "irrigation_time": 1.0,
    "irrigation_delivered_volume": 486.0,
    "irrigation_position": 10.0,
    "irrigation_yield": null,
    "irrigation_allocation_volume": null,
    "rz1_top": 0,
    "rz1_bottom": 60,
    "rz2_top": null,
    "rz2_bottom": null,
    "rz3_top": null,
    "rz3_bottom": null,
    "depth1": 20,
    "depth2": 30,
    "depth3": 40,
    "depth4": 50,
    "depth5": 60,
    "depth6": 80,
    "depth7": 100,
    "depth8": null,
    "depth9": null,
    "depth10": null,
    "depth_he1": null,
    "depth_he2": null,
    "depth_he3": null,
    "depth_he4": null,
    "depth_he5": null,
    "depth_he6": null,
    "depth_he7": null,
    "depth_he8": null,
    "depth_he9": null,
    "depth_he10": null,
    "upper_limit": null,
    "lower_limit": null,
    "emitter_rate": 17.0,
    "row_spacing": 300,
    "emitter_spacing": 280,
    "plant_spacing": 140,
    "wetted_width": 300,
    "delivery_time": null,
    "area": null,
    "comment": null,
    "created_date": "2020-01-16T03:02:39Z",
    "created_by": 1
  }
},
{
  "model": "skeleton.site",
  "pk": 5,
  "fields": {
    "site_number": "1367",
    "farm": 2,
    "technician": 2,
    "selected": null,
    "name": "Zone 7 (Name TBD)",
    "variety": "Rockit apple",
    "crop": 1,
    "report": null,
    "irrigation_method": 1,
    "irrigation_area": 10.0,
    "irrigation_time": 1.0,
    "irrigation_delivered_volume": 486.0,
    "irrigation_position": 10.0,
    "irrigation_yield": null,
    "irrigation_allocation_volume": null,
    "rz1_top": 0,
    "rz1_bottom": 60,
    "rz2_top": null,
    "rz2_bottom": null,
    "rz3_top": null,
    "rz3_bottom": null,
    "depth1": 20,
    "depth2": 30,
    "depth3": 40,
    "depth4": 50,
    "depth5": 60,
    "depth6": 80,
    "depth7": 100,
    "depth8": null,
    "depth9": null,
    "depth10": null,
    "depth_he1": null,
    "depth_he2": null,
    "depth_he3": null,
    "depth_he4": null,
    "depth_he5": null,
    "depth_he6": null,
    "depth_he7": null,
    "depth_he8": null,
    "depth_he9": null,
    "depth_he10": null,
    "upper_limit": null,
    "lower_limit": null,
    "emitter_rate": 17.0,
    "row_spacing": 300,
    "emitter_spacing": 280,
    "plant_spacing": 140,
    "wetted_width": 300,
    "delivery_time": null,
    "area": null,
    "comment": null,
    "created_date": "2020-01-16T03:04:35Z",
    "created_by": 1
  }
},
{
  "model": "skeleton.site",
  "pk": 6,
  "fields": {
    "site_number": "1368",
    "farm": 2,
    "technician": 2,
    "selected": null,
    "name": "Zone 15 (Name TBD)",
    "variety": "Rockit apple",
    "crop": 1,
    "report": null,
    "irrigation_method": 1,
    "irrigation_area": 10.0,
    "irrigation_time": 1.0,
    "irrigation_delivered_volume": 486.0,
    "irrigation_position": 10.0,
    "irrigation_yield": null,
    "irrigation_allocation_volume": null,
    "rz1_top": 0,
    "rz1_bottom": 60,
    "rz2_top": null,
    "rz2_bottom": null,
    "rz3_top": null,
    "rz3_bottom": null,
    "depth1": 20,
    "depth2": 30,
    "depth3": 40,
    "depth4": 50,
    "depth5": 60,
    "depth6": 80,
    "depth7": 100,
    "depth8": null,
    "depth9": null,
    "depth10": null,
    "depth_he1": null,
    "depth_he2": null,
    "depth_he3": null,
    "depth_he4": null,
    "depth_he5": null,
    "depth_he6": null,
    "depth_he7": null,
    "depth_he8": null,
    "depth_he9": null,
    "depth_he10": null,
    "upper_limit": null,
    "lower_limit": null,
    "emitter_rate": 17.0,
    "row_spacing": 300,
    "emitter_spacing": 280,
    "plant_spacing": 140,
    "wetted_width": 300,
    "delivery_time": null,
    "area": null,
    "comment": null,
    "created_date": "2020-01-16T03:07:43Z",
    "created_by": 1
  }
},
{
  "model": "skeleton.site",
  "pk": 7,
  "fields": {
    "site_number": "1360",
    "farm": 3,
    "technician": 2,
    "selected": null,
    "name": "Front Entrance (Name TBD)",
    "variety": "Rockit apple",
    "crop": 1,
    "report": null,
    "irrigation_method": 1,
    "irrigation_area": 10.0,
    "irrigation_time": 1.0,
    "irrigation_delivered_volume": 486.0,
    "irrigation_position": 10.0,
    "irrigation_yield": null,
    "irrigation_allocation_volume": null,
    "rz1_top": 0,
    "rz1_bottom": 60,
    "rz2_top": null,
    "rz2_bottom": null,
    "rz3_top": null,
    "rz3_bottom": null,
    "depth1": 20,
    "depth2": 30,
    "depth3": 40,
    "depth4": 50,
    "depth5": 60,
    "depth6": 80,
    "depth7": 100,
    "depth8": null,
    "depth9": null,
    "depth10": null,
    "depth_he1": null,
    "depth_he2": null,
    "depth_he3": null,
    "depth_he4": null,
    "depth_he5": null,
    "depth_he6": null,
    "depth_he7": null,
    "depth_he8": null,
    "depth_he9": null,
    "depth_he10": null,
    "upper_limit": null,
    "lower_limit": null,
    "emitter_rate": 17.0,
    "row_spacing": 300,
    "emitter_spacing": 280,
    "plant_spacing": 140,
    "wetted_width": 300,
    "delivery_time": null,
    "area": null,
    "comment": null,
    "created_date": "2020-01-16T03:10:29Z",
    "created_by": 1
  }
},
{
  "model": "skeleton.site",
  "pk": 8,
  "fields": {
    "site_number": "1361",
    "farm": 3,
    "technician": 2,
    "selected": null,
    "name": "In front of house (Name TBD)",
    "variety": "Rockit apple",
    "crop": 1,
    "report": null,
    "irrigation_method": 1,
    "irrigation_area": 10.0,
    "irrigation_time": 1.0,
    "irrigation_delivered_volume": 486.0,
    "irrigation_position": 10.0,
    "irrigation_yield": null,
    "irrigation_allocation_volume": null,
    "rz1_top": 0,
    "rz1_bottom": 60,
    "rz2_top": null,
    "rz2_bottom": null,
    "rz3_top": null,
    "rz3_bottom": null,
    "depth1": 20,
    "depth2": 30,
    "depth3": 40,
    "depth4": 50,
    "depth5": 60,
    "depth6": 80,
    "depth7": 100,
    "depth8": null,
    "depth9": null,
    "depth10": null,
    "depth_he1": null,
    "depth_he2": null,
    "depth_he3": null,
    "depth_he4": null,
    "depth_he5": null,
    "depth_he6": null,
    "depth_he7": null,
    "depth_he8": null,
    "depth_he9": null,
    "depth_he10": null,
    "upper_limit": null,
    "lower_limit": null,
    "emitter_rate": 17.0,
    "row_spacing": 300,
    "emitter_spacing": 280,
    "plant_spacing": 140,
    "wetted_width": 300,
    "delivery_time": null,
    "area": null,
    "comment": null,
    "created_date": "2020-01-16T03:12:12Z",
    "created_by": 1
  }
},
{
  "model": "skeleton.site",
  "pk": 9,
  "fields": {
    "site_number": "1362",
    "farm": 3,
    "technician": 2,
    "selected": null,
    "name": "To Side of House (Name TBD)",
    "variety": "Rockit apple",
    "crop": 1,
    "report": null,
    "irrigation_method": 1,
    "irrigation_area": 10.0,
    "irrigation_time": 1.0,
    "irrigation_delivered_volume": 486.0,
    "irrigation_position": 10.0,
    "irrigation_yield": null,
    "irrigation_allocation_volume": null,
    "rz1_top": 0,
    "rz1_bottom": 60,
    "rz2_top": null,
    "rz2_bottom": null,
    "rz3_top": null,
    "rz3_bottom": null,
    "depth1": 20,
    "depth2": 30,
    "depth3": 40,
    "depth4": 50,
    "depth5": 60,
    "depth6": 80,
    "depth7": 100,
    "depth8": null,
    "depth9": null,
    "depth10": null,
    "depth_he1": null,
    "depth_he2": null,
    "depth_he3": null,
    "depth_he4": null,
    "depth_he5": null,
    "depth_he6": null,
    "depth_he7": null,
    "depth_he8": null,
    "depth_he9": null,
    "depth_he10": null,
    "upper_limit": null,
    "lower_limit": null,
    "emitter_rate": 17.0,
    "row_spacing": 300,
    "emitter_spacing": 280,
    "plant_spacing": 140,
    "wetted_width": 300,
    "delivery_time": null,
    "area": null,
    "comment": null,
    "created_date": "2020-01-16T03:13:52Z",
    "created_by": 1
  }
},
{
  "model": "skeleton.site",
  "pk": 10,
  "fields": {
    "site_number": "1363",
    "farm": 3,
    "technician": 2,
    "selected": null,
    "name": "Back (Name TBD)",
    "variety": "Rockit apple",
    "crop": 1,
    "report": null,
    "irrigation_method": 1,
    "irrigation_area": 10.0,
    "irrigation_time": 1.0,
    "irrigation_delivered_volume": 486.0,
    "irrigation_position": 10.0,
    "irrigation_yield": null,
    "irrigation_allocation_volume": null,
    "rz1_top": 0,
    "rz1_bottom": 60,
    "rz2_top": null,
    "rz2_bottom": null,
    "rz3_top": null,
    "rz3_bottom": null,
    "depth1": 20,
    "depth2": 30,
    "depth3": 40,
    "depth4": 50,
    "depth5": 60,
    "depth6": 80,
    "depth7": 100,
    "depth8": null,
    "depth9": null,
    "depth10": null,
    "depth_he1": null,
    "depth_he2": null,
    "depth_he3": null,
    "depth_he4": null,
    "depth_he5": null,
    "depth_he6": null,
    "depth_he7": null,
    "depth_he8": null,
    "depth_he9": null,
    "depth_he10": null,
    "upper_limit": null,
    "lower_limit": null,
    "emitter_rate": 17.0,
    "row_spacing": 300,
    "emitter_spacing": 280,
    "plant_spacing": 140,
    "wetted_width": 300,
    "delivery_time": null,
    "area": null,
    "comment": null,
    "created_date": "2020-01-16T03:15:12Z",
    "created_by": 1
  }
},
{
  "model": "skeleton.site",
  "pk": 11,
  "fields": {
    "site_number": "1370",
    "farm": 4,
    "technician": 2,
    "selected": null,
    "name": "Block A1",
    "variety": "Rockit apple",
    "crop": 1,
    "report": null,
    "irrigation_method": 1,
    "irrigation_area": 10.0,
    "irrigation_time": 1.0,
    "irrigation_delivered_volume": 486.0,
    "irrigation_position": 10.0,
    "irrigation_yield": null,
    "irrigation_allocation_volume": null,
    "rz1_top": 0,
    "rz1_bottom": 60,
    "rz2_top": null,
    "rz2_bottom": null,
    "rz3_top": null,
    "rz3_bottom": null,
    "depth1": 20,
    "depth2": 30,
    "depth3": 40,
    "depth4": 50,
    "depth5": 60,
    "depth6": 80,
    "depth7": 100,
    "depth8": null,
    "depth9": null,
    "depth10": null,
    "depth_he1": null,
    "depth_he2": null,
    "depth_he3": null,
    "depth_he4": null,
    "depth_he5": null,
    "depth_he6": null,
    "depth_he7": null,
    "depth_he8": null,
    "depth_he9": null,
    "depth_he10": null,
    "upper_limit": null,
    "lower_limit": null,
    "emitter_rate": 45.0,
    "row_spacing": 450,
    "emitter_spacing": 500,
    "plant_spacing": 250,
    "wetted_width": 450,
    "delivery_time": null,
    "area": null,
    "comment": null,
    "created_date": "2020-01-16T03:16:56Z",
    "created_by": 1
  }
},
{
  "model": "skeleton.site",
  "pk": 12,
  "fields": {
    "site_number": "1371",
    "farm": 4,
    "technician": 2,
    "selected": null,
    "name": "Block D",
    "variety": "Rockit apple",
    "crop": 1,
    "report": null,
    "irrigation_method": 1,
    "irrigation_area": 10.0,
    "irrigation_time": 345.0,
    "irrigation_delivered_volume": null,
    "irrigation_position": 10.0,
    "irrigation_yield": null,
    "irrigation_allocation_volume": null,
    "rz1_top": 0,
    "rz1_bottom": 60,
    "rz2_top": null,
    "rz2_bottom": null,
    "rz3_top": null,
    "rz3_bottom": null,
    "depth1": 20,
    "depth2": 30,
    "depth3": 40,
    "depth4": 50,
    "depth5": 60,
    "depth6": 80,
    "depth7": 100,
    "depth8": null,
    "depth9": null,
    "depth10": null,
    "depth_he1": null,
    "depth_he2": null,
    "depth_he3": null,
    "depth_he4": null,
    "depth_he5": null,
    "depth_he6": null,
    "depth_he7": null,
    "depth_he8": null,
    "depth_he9": null,
    "depth_he10": null,
    "upper_limit": null,
    "lower_limit": null,
    "emitter_rate": 29.0,
    "row_spacing": 300,
    "emitter_spacing": 280,
    "plant_spacing": 140,
    "wetted_width": 300,
    "delivery_time": null,
    "area": null,
    "comment": null,
    "created_date": "2020-01-16T03:19:26Z",
    "created_by": 1
  }
},
{
  "model": "skeleton.site",
  "pk": 13,
  "fields": {
    "site_number": "1450",
    "farm": 5,
    "technician": 2,
    "selected": null,
    "name": "Envy",
    "variety": "Envy",
    "crop": 1,
    "report": null,
    "irrigation_method": 1,
    "irrigation_area": 10.0,
    "irrigation_time": 1.0,
    "irrigation_delivered_volume": null,
    "irrigation_position": 10.0,
    "irrigation_yield": null,
    "irrigation_allocation_volume": null,
    "rz1_top": 0,
    "rz1_bottom": 60,
    "rz2_top": null,
    "rz2_bottom": null,
    "rz3_top": null,
    "rz3_bottom": null,
    "depth1": 20,
    "depth2": 30,
    "depth3": 40,
    "depth4": 50,
    "depth5": 60,
    "depth6": 80,
    "depth7": 100,
    "depth8": 120,
    "depth9": null,
    "depth10": null,
    "depth_he1": null,
    "depth_he2": null,
    "depth_he3": null,
    "depth_he4": null,
    "depth_he5": null,
    "depth_he6": null,
    "depth_he7": null,
    "depth_he8": null,
    "depth_he9": null,
    "depth_he10": null,
    "upper_limit": null,
    "lower_limit": null,
    "emitter_rate": 40.0,
    "row_spacing": 330,
    "emitter_spacing": 300,
    "plant_spacing": 150,
    "wetted_width": 300,
    "delivery_time": null,
    "area": null,
    "comment": null,
    "created_date": "2020-01-16T03:24:18Z",
    "created_by": 1
  }
},
{
  "model": "skeleton.site",
  "pk": 14,
  "fields": {
    "site_number": "1",
    "farm": 6,
    "technician": 2,
    "selected": null,
    "name": "Citrus",
    "variety": "Citrus",
    "crop": 3,
    "report": null,
    "irrigation_method": 1,
    "irrigation_area": 10.0,
    "irrigation_time": 1.0,
    "irrigation_delivered_volume": null,
    "irrigation_position": 12.0,
    "irrigation_yield": null,
    "irrigation_allocation_volume": null,
    "rz1_top": 0,
    "rz1_bottom": 110,
    "rz2_top": null,
    "rz2_bottom": null,
    "rz3_top": null,
    "rz3_bottom": null,
    "depth1": 20,
    "depth2": 30,
    "depth3": 40,
    "depth4": 50,
    "depth5": 60,
    "depth6": 80,
    "depth7": 100,
    "depth8": 120,
    "depth9": null,
    "depth10": null,
    "depth_he1": null,
    "depth_he2": null,
    "depth_he3": null,
    "depth_he4": null,
    "depth_he5": null,
    "depth_he6": null,
    "depth_he7": null,
    "depth_he8": null,
    "depth_he9": null,
    "depth_he10": null,
    "upper_limit": null,
    "lower_limit": null,
    "emitter_rate": 35.0,
    "row_spacing": 300,
    "emitter_spacing": 300,
    "plant_spacing": 150,
    "wetted_width": 300,
    "delivery_time": null,
    "area": null,
    "comment": null,
    "created_date": "2020-01-16T03:25:48Z",
    "created_by": 1
  }
},
{
  "model": "skeleton.site",
  "pk": 15,
  "fields": {
    "site_number": "2",
    "farm": 6,
    "technician": 2,
    "selected": null,
    "name": "Hops",
    "variety": "Smoothcone",
    "crop": 4,
    "report": null,
    "irrigation_method": 1,
    "irrigation_area": 10.0,
    "irrigation_time": 1.0,
    "irrigation_delivered_volume": null,
    "irrigation_position": 12.0,
    "irrigation_yield": null,
    "irrigation_allocation_volume": null,
    "rz1_top": 0,
    "rz1_bottom": 110,
    "rz2_top": null,
    "rz2_bottom": null,
    "rz3_top": null,
    "rz3_bottom": null,
    "depth1": 20,
    "depth2": 30,
    "depth3": 40,
    "depth4": 50,
    "depth5": 60,
    "depth6": 80,
    "depth7": 100,
    "depth8": 120,
    "depth9": null,
    "depth10": null,
    "depth_he1": null,
    "depth_he2": null,
    "depth_he3": null,
    "depth_he4": null,
    "depth_he5": null,
    "depth_he6": null,
    "depth_he7": null,
    "depth_he8": null,
    "depth_he9": null,
    "depth_he10": null,
    "upper_limit": null,
    "lower_limit": null,
    "emitter_rate": 35.0,
    "row_spacing": 300,
    "emitter_spacing": 300,
    "plant_spacing": 150,
    "wetted_width": 300,
    "delivery_time": null,
    "area": null,
    "comment": null,
    "created_date": "2020-01-16T03:28:17Z",
    "created_by": 1
  }
},
{
  "model": "skeleton.season",
  "pk": 1,
  "fields": {
    "name": "2019-20",
    "current_flag": true,
    "created_date": "2020-01-27T00:54:00Z",
    "created_by": 1
  }
},
{
  "model": "skeleton.criticaldatetype",
  "pk": 1,
  "fields": {
    "name": "Start",
    "season_flag": true,
    "comment": null,
    "created_date": "2020-01-27T00:59:23Z",
    "created_by": 1
  }
},
{
  "model": "skeleton.criticaldatetype",
  "pk": 2,
  "fields": {
    "name": "Harvest",
    "season_flag": false,
    "comment": null,
    "created_date": "2020-01-27T00:59:53Z",
    "created_by": 1
  }
},
{
  "model": "skeleton.criticaldatetype",
  "pk": 3,
  "fields": {
    "name": "End",
    "season_flag": true,
    "comment": null,
    "created_date": "2020-01-27T01:00:16Z",
    "created_by": 1
  }
},
{
  "model": "skeleton.criticaldate",
  "pk": 1,
  "fields": {
    "site": 1,
    "season": 1,
    "type": 1,
    "date": "2019-10-14",
    "comment": null,
    "created_date": "2020-01-27T01:15:38Z",
    "created_by": 1
  }
},
{
  "model": "skeleton.criticaldate",
  "pk": 2,
  "fields": {
    "site": 1,
    "season": 1,
    "type": 2,
    "date": "2020-02-27",
    "comment": null,
    "created_date": "2020-01-27T01:16:01Z",
    "created_by": 1
  }
},
{
  "model": "skeleton.criticaldate",
  "pk": 3,
  "fields": {
    "site": 2,
    "season": 1,
    "type": 1,
    "date": "2019-10-14",
    "comment": null,
    "created_date": "2020-01-27T01:16:50Z",
    "created_by": 1
  }
},
{
  "model": "skeleton.criticaldate",
  "pk": 4,
  "fields": {
    "site": 2,
    "season": 1,
    "type": 2,
    "date": "2020-02-27",
    "comment": null,
    "created_date": "2020-01-27T01:17:12Z",
    "created_by": 1
  }
},
{
  "model": "skeleton.criticaldate",
  "pk": 5,
  "fields": {
    "site": 3,
    "season": 1,
    "type": 1,
    "date": "2019-10-14",
    "comment": null,
    "created_date": "2020-01-27T01:18:19Z",
    "created_by": 1
  }
},
{
  "model": "skeleton.criticaldate",
  "pk": 6,
  "fields": {
    "site": 3,
    "season": 1,
    "type": 2,
    "date": "2020-02-27",
    "comment": null,
    "created_date": "2020-01-27T01:18:34Z",
    "created_by": 1
  }
},
{
  "model": "skeleton.criticaldate",
  "pk": 7,
  "fields": {
    "site": 4,
    "season": 1,
    "type": 1,
    "date": "2019-10-14",
    "comment": null,
    "created_date": "2020-01-27T01:18:46Z",
    "created_by": 1
  }
},
{
  "model": "skeleton.criticaldate",
  "pk": 8,
  "fields": {
    "site": 4,
    "season": 1,
    "type": 2,
    "date": "2020-02-27",
    "comment": null,
    "created_date": "2020-01-27T01:19:01Z",
    "created_by": 1
  }
},
{
  "model": "skeleton.criticaldate",
  "pk": 9,
  "fields": {
    "site": 5,
    "season": 1,
    "type": 1,
    "date": "2019-10-14",
    "comment": null,
    "created_date": "2020-01-27T01:19:12Z",
    "created_by": 1
  }
},
{
  "model": "skeleton.criticaldate",
  "pk": 10,
  "fields": {
    "site": 5,
    "season": 1,
    "type": 2,
    "date": "2020-02-27",
    "comment": null,
    "created_date": "2020-01-27T01:19:22Z",
    "created_by": 1
  }
},
{
  "model": "skeleton.criticaldate",
  "pk": 11,
  "fields": {
    "site": 6,
    "season": 1,
    "type": 1,
    "date": "2019-10-14",
    "comment": null,
    "created_date": "2020-01-27T01:19:50Z",
    "created_by": 1
  }
},
{
  "model": "skeleton.criticaldate",
  "pk": 12,
  "fields": {
    "site": 6,
    "season": 1,
    "type": 2,
    "date": "2020-02-27",
    "comment": null,
    "created_date": "2020-01-27T01:20:02Z",
    "created_by": 1
  }
},
{
  "model": "skeleton.criticaldate",
  "pk": 13,
  "fields": {
    "site": 7,
    "season": 1,
    "type": 1,
    "date": "2019-10-14",
    "comment": null,
    "created_date": "2020-01-27T01:20:16Z",
    "created_by": 1
  }
},
{
  "model": "skeleton.criticaldate",
  "pk": 14,
  "fields": {
    "site": 7,
    "season": 1,
    "type": 2,
    "date": "2020-02-27",
    "comment": null,
    "created_date": "2020-01-27T01:20:31Z",
    "created_by": 1
  }
},
{
  "model": "skeleton.criticaldate",
  "pk": 15,
  "fields": {
    "site": 8,
    "season": 1,
    "type": 1,
    "date": "2019-10-14",
    "comment": null,
    "created_date": "2020-01-27T01:20:43Z",
    "created_by": 1
  }
},
{
  "model": "skeleton.criticaldate",
  "pk": 16,
  "fields": {
    "site": 8,
    "season": 1,
    "type": 2,
    "date": "2020-02-17",
    "comment": null,
    "created_date": "2020-01-27T01:20:56Z",
    "created_by": 1
  }
},
{
  "model": "skeleton.criticaldate",
  "pk": 17,
  "fields": {
    "site": 9,
    "season": 1,
    "type": 1,
    "date": "2019-10-14",
    "comment": null,
    "created_date": "2020-01-27T01:23:20Z",
    "created_by": 1
  }
},
{
  "model": "skeleton.criticaldate",
  "pk": 18,
  "fields": {
    "site": 9,
    "season": 1,
    "type": 2,
    "date": "2020-02-27",
    "comment": null,
    "created_date": "2020-01-27T01:23:31Z",
    "created_by": 1
  }
},
{
  "model": "skeleton.criticaldate",
  "pk": 19,
  "fields": {
    "site": 10,
    "season": 1,
    "type": 1,
    "date": "2019-10-14",
    "comment": null,
    "created_date": "2020-01-27T01:23:47Z",
    "created_by": 1
  }
},
{
  "model": "skeleton.criticaldate",
  "pk": 20,
  "fields": {
    "site": 10,
    "season": 1,
    "type": 2,
    "date": "2020-02-27",
    "comment": null,
    "created_date": "2020-01-27T01:24:02Z",
    "created_by": 1
  }
},
{
  "model": "skeleton.criticaldate",
  "pk": 21,
  "fields": {
    "site": 11,
    "season": 1,
    "type": 1,
    "date": "2019-10-14",
    "comment": null,
    "created_date": "2020-01-27T01:24:17Z",
    "created_by": 1
  }
},
{
  "model": "skeleton.criticaldate",
  "pk": 22,
  "fields": {
    "site": 11,
    "season": 1,
    "type": 2,
    "date": "2020-02-27",
    "comment": null,
    "created_date": "2020-01-27T01:24:30Z",
    "created_by": 1
  }
},
{
  "model": "skeleton.criticaldate",
  "pk": 23,
  "fields": {
    "site": 12,
    "season": 1,
    "type": 1,
    "date": "2019-10-14",
    "comment": null,
    "created_date": "2020-01-27T01:24:41Z",
    "created_by": 1
  }
},
{
  "model": "skeleton.criticaldate",
  "pk": 24,
  "fields": {
    "site": 12,
    "season": 1,
    "type": 2,
    "date": "2020-02-27",
    "comment": null,
    "created_date": "2020-01-27T01:24:54Z",
    "created_by": 1
  }
},
{
  "model": "skeleton.criticaldate",
  "pk": 25,
  "fields": {
    "site": 13,
    "season": 1,
    "type": 1,
    "date": "2019-10-14",
    "comment": null,
    "created_date": "2020-01-27T01:25:07Z",
    "created_by": 1
  }
},
{
  "model": "skeleton.criticaldate",
  "pk": 26,
  "fields": {
    "site": 13,
    "season": 1,
    "type": 2,
    "date": "2020-04-01",
    "comment": null,
    "created_date": "2020-01-27T01:26:36Z",
    "created_by": 1
  }
},
{
  "model": "skeleton.criticaldate",
  "pk": 27,
  "fields": {
    "site": 14,
    "season": 1,
    "type": 1,
    "date": "2019-10-14",
    "comment": null,
    "created_date": "2020-01-27T01:29:05Z",
    "created_by": 1
  }
},
{
  "model": "skeleton.criticaldate",
  "pk": 28,
  "fields": {
    "site": 14,
    "season": 1,
    "type": 2,
    "date": "2020-03-31",
    "comment": null,
    "created_date": "2020-01-27T01:29:23Z",
    "created_by": 1
  }
},
{
  "model": "skeleton.criticaldate",
  "pk": 29,
  "fields": {
    "site": 15,
    "season": 1,
    "type": 1,
    "date": "2019-10-14",
    "comment": null,
    "created_date": "2020-01-27T01:29:38Z",
    "created_by": 1
  }
},
{
  "model": "skeleton.criticaldate",
  "pk": 30,
  "fields": {
    "site": 15,
    "season": 1,
    "type": 2,
    "date": "2020-03-10",
    "comment": null,
    "created_date": "2020-01-27T01:29:53Z",
    "created_by": 1
  }
},
{
  "model": "skeleton.probe",
  "pk": 1,
  "fields": {
    "serial_number": "50616",
    "comment": "Neutron Probe- Purchased Dec 2019",
    "created_date": "2020-01-24T01:19:41Z",
    "created_by": 1
  }
},
{
  "model": "skeleton.calibration",
  "pk": 1,
  "fields": {
    "serial_number": 1,
    "soil_type": 1,
    "period_from": "2020-01-24",
    "period_to": null,
    "slope": 0.002482,
    "intercept": -1.2145,
    "created_date": "2020-01-24T01:20:57Z",
    "created_by": 1
  }
},
{
  "model": "skeleton.calibration",
  "pk": 2,
  "fields": {
    "serial_number": 1,
    "soil_type": 2,
    "period_from": "2020-01-24",
    "period_to": null,
    "slope": 0.002482,
    "intercept": -1.2145,
    "created_date": "2020-01-24T01:21:48Z",
    "created_by": 1
  }
},
{
  "model": "skeleton.calibration",
  "pk": 3,
  "fields": {
    "serial_number": 1,
    "soil_type": 3,
    "period_from": "2020-01-24",
    "period_to": null,
    "slope": 0.002558,
    "intercept": 1.2109,
    "created_date": "2020-01-24T01:22:09Z",
    "created_by": 1
  }
},
{
  "model": "skeleton.calibration",
  "pk": 4,
  "fields": {
    "serial_number": 1,
    "soil_type": 4,
    "period_from": "2020-01-24",
    "period_to": null,
    "slope": 0.002396,
    "intercept": 3.1304,
    "created_date": "2020-01-24T01:22:25Z",
    "created_by": 1
  }
},
{
  "model": "skeleton.calibration",
  "pk": 5,
  "fields": {
    "serial_number": 1,
    "soil_type": 5,
    "period_from": "2020-01-24",
    "period_to": null,
    "slope": 0.002315,
    "intercept": 3.1805,
    "created_date": "2020-01-24T01:22:43Z",
    "created_by": 1
  }
},
{
  "model": "skeleton.calibration",
  "pk": 6,
  "fields": {
    "serial_number": 1,
    "soil_type": 6,
    "period_from": "2020-01-24",
    "period_to": null,
    "slope": 0.002088,
    "intercept": 4.0033,
    "created_date": "2020-01-24T01:22:58Z",
    "created_by": 1
  }
},
{
  "model": "skeleton.calibration",
  "pk": 7,
  "fields": {
    "serial_number": 1,
    "soil_type": 7,
    "period_from": "2020-01-24",
    "period_to": null,
    "slope": 0.002159,
    "intercept": 3.2043,
    "created_date": "2020-01-24T01:23:18Z",
    "created_by": 1
  }
},
{
  "model": "skeleton.calibration",
  "pk": 8,
  "fields": {
    "serial_number": 1,
    "soil_type": 8,
    "period_from": "2020-01-24",
    "period_to": null,
    "slope": 0.002198,
    "intercept": -0.3936,
    "created_date": "2020-01-24T01:23:32Z",
    "created_by": 1
  }
},
{
  "model": "admin.logentry",
  "pk": 1,
  "fields": {
    "action_time": "2020-01-15T23:00:51.885Z",
    "user": 1,
    "content_type": 14,
    "object_id": "1",
    "object_repr": "Probe",
    "action_flag": 1,
    "change_message": "[{\"added\": {}}]"
  }
},
{
  "model": "admin.logentry",
  "pk": 2,
  "fields": {
    "action_time": "2020-01-15T23:01:01.425Z",
    "user": 1,
    "content_type": 14,
    "object_id": "2",
    "object_repr": "Refill",
    "action_flag": 1,
    "change_message": "[{\"added\": {}}]"
  }
},
{
  "model": "admin.logentry",
  "pk": 3,
  "fields": {
    "action_time": "2020-01-15T23:01:12.611Z",
    "user": 1,
    "content_type": 14,
    "object_id": "3",
    "object_repr": "Full Point",
    "action_flag": 1,
    "change_message": "[{\"added\": {}}]"
  }
},
{
  "model": "admin.logentry",
  "pk": 4,
  "fields": {
    "action_time": "2020-01-15T23:01:16.523Z",
    "user": 1,
    "content_type": 14,
    "object_id": "3",
    "object_repr": "Full Point",
    "action_flag": 2,
    "change_message": "[]"
  }
},
{
  "model": "admin.logentry",
  "pk": 5,
  "fields": {
    "action_time": "2020-01-16T02:26:17.854Z",
    "user": 1,
    "content_type": 1,
    "object_id": "1",
    "object_repr": "464 Moteo Pa Road",
    "action_flag": 1,
    "change_message": "[{\"added\": {}}]"
  }
},
{
  "model": "admin.logentry",
  "pk": 6,
  "fields": {
    "action_time": "2020-01-16T02:28:17.803Z",
    "user": 1,
    "content_type": 12,
    "object_id": "1",
    "object_repr": "Rockit Whar 2",
    "action_flag": 1,
    "change_message": "[{\"added\": {}}]"
  }
},
{
  "model": "admin.logentry",
  "pk": 7,
  "fields": {
    "action_time": "2020-01-16T02:30:15.948Z",
    "user": 1,
    "content_type": 2,
    "object_id": "1",
    "object_repr": "New Zealand",
    "action_flag": 1,
    "change_message": "[{\"added\": {}}]"
  }
},
{
  "model": "admin.logentry",
  "pk": 8,
  "fields": {
    "action_time": "2020-01-16T02:30:18.147Z",
    "user": 1,
    "content_type": 4,
    "object_id": "1",
    "object_repr": "Hawkes Bay, New Zealand",
    "action_flag": 1,
    "change_message": "[{\"added\": {}}]"
  }
},
{
  "model": "admin.logentry",
  "pk": 9,
  "fields": {
    "action_time": "2020-01-16T02:30:25.127Z",
    "user": 1,
    "content_type": 3,
    "object_id": "1",
    "object_repr": "Puketapu, Hawkes Bay 4182, New Zealand",
    "action_flag": 1,
    "change_message": "[{\"added\": {}}]"
  }
},
{
  "model": "admin.logentry",
  "pk": 10,
  "fields": {
    "action_time": "2020-01-16T02:31:36.860Z",
    "user": 1,
    "content_type": 1,
    "object_id": "2",
    "object_repr": "492 Puketitiri Road, Puketapu, Hawkes Bay 4182, New Zealand",
    "action_flag": 1,
    "change_message": "[{\"added\": {}}]"
  }
},
{
  "model": "admin.logentry",
  "pk": 11,
  "fields": {
    "action_time": "2020-01-16T02:31:49.258Z",
    "user": 1,
    "content_type": 12,
    "object_id": "2",
    "object_repr": "Rockit Steel",
    "action_flag": 1,
    "change_message": "[{\"added\": {}}]"
  }
},
{
  "model": "admin.logentry",
  "pk": 12,
  "fields": {
    "action_time": "2020-01-16T02:33:03.672Z",
    "user": 1,
    "content_type": 1,
    "object_id": "3",
    "object_repr": "990 Puketapu Road, Puketapu, Hawkes Bay 4182, New Zealand",
    "action_flag": 1,
    "change_message": "[{\"added\": {}}]"
  }
},
{
  "model": "admin.logentry",
  "pk": 13,
  "fields": {
    "action_time": "2020-01-16T02:33:37.789Z",
    "user": 1,
    "content_type": 12,
    "object_id": "3",
    "object_repr": "Rockit Simmons",
    "action_flag": 1,
    "change_message": "[{\"added\": {}}]"
  }
},
{
  "model": "admin.logentry",
  "pk": 14,
  "fields": {
    "action_time": "2020-01-16T02:34:47.385Z",
    "user": 1,
    "content_type": 1,
    "object_id": "4",
    "object_repr": "615 Puketitiri Road, Puketapu, Hawkes Bay 4182, New Zealand",
    "action_flag": 1,
    "change_message": "[{\"added\": {}}]"
  }
},
{
  "model": "admin.logentry",
  "pk": 15,
  "fields": {
    "action_time": "2020-01-16T02:34:50.025Z",
    "user": 1,
    "content_type": 12,
    "object_id": "4",
    "object_repr": "Rockit Whar",
    "action_flag": 1,
    "change_message": "[{\"added\": {}}]"
  }
},
{
  "model": "admin.logentry",
  "pk": 16,
  "fields": {
    "action_time": "2020-01-16T02:37:14.211Z",
    "user": 1,
    "content_type": 3,
    "object_id": "2",
    "object_repr": "Bay View, Hawkes Bay 4104, New Zealand",
    "action_flag": 1,
    "change_message": "[{\"added\": {}}]"
  }
},
{
  "model": "admin.logentry",
  "pk": 17,
  "fields": {
    "action_time": "2020-01-16T02:37:42.631Z",
    "user": 1,
    "content_type": 1,
    "object_id": "5",
    "object_repr": "826 Main Road North, Bay View, Hawkes Bay 4104, New Zealand",
    "action_flag": 1,
    "change_message": "[{\"added\": {}}]"
  }
},
{
  "model": "admin.logentry",
  "pk": 18,
  "fields": {
    "action_time": "2020-01-16T02:37:57.673Z",
    "user": 1,
    "content_type": 12,
    "object_id": "5",
    "object_repr": "The Orchard",
    "action_flag": 1,
    "change_message": "[{\"added\": {}}]"
  }
},
{
  "model": "admin.logentry",
  "pk": 19,
  "fields": {
    "action_time": "2020-01-16T02:38:18.767Z",
    "user": 1,
    "content_type": 12,
    "object_id": "4",
    "object_repr": "Rockit Whar",
    "action_flag": 2,
    "change_message": "[{\"changed\": {\"fields\": [\"email\"]}}]"
  }
},
{
  "model": "admin.logentry",
  "pk": 20,
  "fields": {
    "action_time": "2020-01-16T02:38:25.727Z",
    "user": 1,
    "content_type": 12,
    "object_id": "3",
    "object_repr": "Rockit Simmons",
    "action_flag": 2,
    "change_message": "[{\"changed\": {\"fields\": [\"email\"]}}]"
  }
},
{
  "model": "admin.logentry",
  "pk": 21,
  "fields": {
    "action_time": "2020-01-16T02:38:32.515Z",
    "user": 1,
    "content_type": 12,
    "object_id": "2",
    "object_repr": "Rockit Steel",
    "action_flag": 2,
    "change_message": "[{\"changed\": {\"fields\": [\"email\"]}}]"
  }
},
{
  "model": "admin.logentry",
  "pk": 22,
  "fields": {
    "action_time": "2020-01-16T02:40:24.736Z",
    "user": 1,
    "content_type": 1,
    "object_id": "1",
    "object_repr": "642 Puketitiri Road, Puketapu, Hawkes Bay 4182, New Zealand",
    "action_flag": 2,
    "change_message": "[{\"changed\": {\"fields\": [\"street_number\", \"route\", \"locality\", \"raw\", \"latitude\", \"longitude\"]}}]"
  }
},
{
  "model": "admin.logentry",
  "pk": 23,
  "fields": {
    "action_time": "2020-01-16T02:41:52.702Z",
    "user": 1,
    "content_type": 11,
    "object_id": "1",
    "object_repr": "Apples",
    "action_flag": 1,
    "change_message": "[{\"added\": {}}]"
  }
},
{
  "model": "admin.logentry",
  "pk": 24,
  "fields": {
    "action_time": "2020-01-16T02:42:04.412Z",
    "user": 1,
    "content_type": 11,
    "object_id": "2",
    "object_repr": "Grapes",
    "action_flag": 1,
    "change_message": "[{\"added\": {}}]"
  }
},
{
  "model": "admin.logentry",
  "pk": 25,
  "fields": {
    "action_time": "2020-01-16T02:44:23.604Z",
    "user": 1,
    "content_type": 7,
    "object_id": "1",
    "object_repr": "Technician",
    "action_flag": 1,
    "change_message": "[{\"added\": {}}]"
  }
},
{
  "model": "admin.logentry",
  "pk": 26,
  "fields": {
    "action_time": "2020-01-16T02:45:17.586Z",
    "user": 1,
    "content_type": 8,
    "object_id": "2",
    "object_repr": "brendan",
    "action_flag": 1,
    "change_message": "[{\"added\": {}}]"
  }
},
{
  "model": "admin.logentry",
  "pk": 27,
  "fields": {
    "action_time": "2020-01-16T02:46:34.725Z",
    "user": 1,
    "content_type": 8,
    "object_id": "2",
    "object_repr": "hamiltonb",
    "action_flag": 2,
    "change_message": "[{\"changed\": {\"fields\": [\"username\", \"first_name\", \"last_name\", \"email\"]}}]"
  }
},
{
  "model": "admin.logentry",
  "pk": 28,
  "fields": {
    "action_time": "2020-01-16T02:47:18.579Z",
    "user": 1,
    "content_type": 8,
    "object_id": "2",
    "object_repr": "hamiltonb",
    "action_flag": 2,
    "change_message": "[{\"changed\": {\"fields\": [\"groups\"]}}]"
  }
},
{
  "model": "admin.logentry",
  "pk": 29,
  "fields": {
    "action_time": "2020-01-16T02:50:54.163Z",
    "user": 1,
    "content_type": 16,
    "object_id": "1",
    "object_repr": "Whar 2 (name unknown yet)",
    "action_flag": 1,
    "change_message": "[{\"added\": {}}]"
  }
},
{
  "model": "admin.logentry",
  "pk": 30,
  "fields": {
    "action_time": "2020-01-16T02:58:17.775Z",
    "user": 1,
    "content_type": 16,
    "object_id": "2",
    "object_repr": "Front (Nname TBD)",
    "action_flag": 1,
    "change_message": "[{\"added\": {}}]"
  }
},
{
  "model": "admin.logentry",
  "pk": 31,
  "fields": {
    "action_time": "2020-01-16T02:58:53.064Z",
    "user": 1,
    "content_type": 16,
    "object_id": "2",
    "object_repr": "Front (Name TBD)",
    "action_flag": 2,
    "change_message": "[{\"changed\": {\"fields\": [\"name\"]}}]"
  }
},
{
  "model": "admin.logentry",
  "pk": 32,
  "fields": {
    "action_time": "2020-01-16T03:02:31.276Z",
    "user": 1,
    "content_type": 16,
    "object_id": "3",
    "object_repr": "Zone 6 (Name TBD)",
    "action_flag": 1,
    "change_message": "[{\"added\": {}}]"
  }
},
{
  "model": "admin.logentry",
  "pk": 33,
  "fields": {
    "action_time": "2020-01-16T03:03:49.027Z",
    "user": 1,
    "content_type": 16,
    "object_id": "4",
    "object_repr": "Zone 10 (Name TBD)",
    "action_flag": 1,
    "change_message": "[{\"added\": {}}]"
  }
},
{
  "model": "admin.logentry",
  "pk": 34,
  "fields": {
    "action_time": "2020-01-16T03:04:26.338Z",
    "user": 1,
    "content_type": 16,
    "object_id": "4",
    "object_repr": "Zone 10 (Name TBD)",
    "action_flag": 2,
    "change_message": "[{\"changed\": {\"fields\": [\"emitter_rate\", \"row_spacing\", \"emitter_spacing\", \"plant_spacing\", \"wetted_width\"]}}]"
  }
},
{
  "model": "admin.logentry",
  "pk": 35,
  "fields": {
    "action_time": "2020-01-16T03:06:06.277Z",
    "user": 1,
    "content_type": 16,
    "object_id": "5",
    "object_repr": "Zone 7 (Name TBD)",
    "action_flag": 1,
    "change_message": "[{\"added\": {}}]"
  }
},
{
  "model": "admin.logentry",
  "pk": 36,
  "fields": {
    "action_time": "2020-01-16T03:09:21.889Z",
    "user": 1,
    "content_type": 16,
    "object_id": "6",
    "object_repr": "Zone 15 (Name TBD)",
    "action_flag": 1,
    "change_message": "[{\"added\": {}}]"
  }
},
{
  "model": "admin.logentry",
  "pk": 37,
  "fields": {
    "action_time": "2020-01-16T03:12:05.823Z",
    "user": 1,
    "content_type": 16,
    "object_id": "7",
    "object_repr": "Front Entrance (Name TBD)",
    "action_flag": 1,
    "change_message": "[{\"added\": {}}]"
  }
},
{
  "model": "admin.logentry",
  "pk": 38,
  "fields": {
    "action_time": "2020-01-16T03:13:43.703Z",
    "user": 1,
    "content_type": 16,
    "object_id": "8",
    "object_repr": "In front of house (Name TBD)",
    "action_flag": 1,
    "change_message": "[{\"added\": {}}]"
  }
},
{
  "model": "admin.logentry",
  "pk": 39,
  "fields": {
    "action_time": "2020-01-16T03:15:07.628Z",
    "user": 1,
    "content_type": 16,
    "object_id": "9",
    "object_repr": "To Side of House (Name TBD)",
    "action_flag": 1,
    "change_message": "[{\"added\": {}}]"
  }
},
{
  "model": "admin.logentry",
  "pk": 40,
  "fields": {
    "action_time": "2020-01-16T03:16:50.114Z",
    "user": 1,
    "content_type": 16,
    "object_id": "10",
    "object_repr": "Back (Name TBD)",
    "action_flag": 1,
    "change_message": "[{\"added\": {}}]"
  }
},
{
  "model": "admin.logentry",
  "pk": 41,
  "fields": {
    "action_time": "2020-01-16T03:19:21.970Z",
    "user": 1,
    "content_type": 16,
    "object_id": "11",
    "object_repr": "Block A1",
    "action_flag": 1,
    "change_message": "[{\"added\": {}}]"
  }
},
{
  "model": "admin.logentry",
  "pk": 42,
  "fields": {
    "action_time": "2020-01-16T03:22:03.571Z",
    "user": 1,
    "content_type": 16,
    "object_id": "12",
    "object_repr": "Block D",
    "action_flag": 1,
    "change_message": "[{\"added\": {}}]"
  }
},
{
  "model": "admin.logentry",
  "pk": 43,
  "fields": {
    "action_time": "2020-01-16T03:24:00.935Z",
    "user": 1,
    "content_type": 1,
    "object_id": "6",
    "object_repr": "144 Poraiti Road, Puketapu, Hawkes Bay 4182, New Zealand",
    "action_flag": 1,
    "change_message": "[{\"added\": {}}]"
  }
},
{
  "model": "admin.logentry",
  "pk": 44,
  "fields": {
    "action_time": "2020-01-16T03:24:08.393Z",
    "user": 1,
    "content_type": 12,
    "object_id": "6",
    "object_repr": "HLZ",
    "action_flag": 1,
    "change_message": "[{\"added\": {}}]"
  }
},
{
  "model": "admin.logentry",
  "pk": 45,
  "fields": {
    "action_time": "2020-01-16T03:25:43.094Z",
    "user": 1,
    "content_type": 16,
    "object_id": "13",
    "object_repr": "Envy",
    "action_flag": 1,
    "change_message": "[{\"added\": {}}]"
  }
},
{
  "model": "admin.logentry",
  "pk": 46,
  "fields": {
    "action_time": "2020-01-16T03:26:56.287Z",
    "user": 1,
    "content_type": 11,
    "object_id": "3",
    "object_repr": "Citrus",
    "action_flag": 1,
    "change_message": "[{\"added\": {}}]"
  }
},
{
  "model": "admin.logentry",
  "pk": 47,
  "fields": {
    "action_time": "2020-01-16T03:28:12.385Z",
    "user": 1,
    "content_type": 16,
    "object_id": "14",
    "object_repr": "Citrus",
    "action_flag": 1,
    "change_message": "[{\"added\": {}}]"
  }
},
{
  "model": "admin.logentry",
  "pk": 48,
  "fields": {
    "action_time": "2020-01-16T03:28:49.760Z",
    "user": 1,
    "content_type": 11,
    "object_id": "4",
    "object_repr": "Hops",
    "action_flag": 1,
    "change_message": "[{\"added\": {}}]"
  }
},
{
  "model": "admin.logentry",
  "pk": 49,
  "fields": {
    "action_time": "2020-01-16T03:29:40.680Z",
    "user": 1,
    "content_type": 16,
    "object_id": "15",
    "object_repr": "Hops",
    "action_flag": 1,
    "change_message": "[{\"added\": {}}]"
  }
},
{
  "model": "admin.logentry",
  "pk": 50,
  "fields": {
    "action_time": "2020-01-24T01:20:41.526Z",
    "user": 1,
    "content_type": 13,
    "object_id": "1",
    "object_repr": "50616",
    "action_flag": 1,
    "change_message": "[{\"added\": {}}]"
  }
},
{
  "model": "admin.logentry",
  "pk": 51,
  "fields": {
    "action_time": "2020-01-24T01:21:48.607Z",
    "user": 1,
    "content_type": 19,
    "object_id": "1",
    "object_repr": "50616:1:2020-01-24",
    "action_flag": 1,
    "change_message": "[{\"added\": {}}]"
  }
},
{
  "model": "admin.logentry",
  "pk": 52,
  "fields": {
    "action_time": "2020-01-24T01:22:09.201Z",
    "user": 1,
    "content_type": 19,
    "object_id": "2",
    "object_repr": "50616:2:2020-01-24",
    "action_flag": 1,
    "change_message": "[{\"added\": {}}]"
  }
},
{
  "model": "admin.logentry",
  "pk": 53,
  "fields": {
    "action_time": "2020-01-24T01:22:25.216Z",
    "user": 1,
    "content_type": 19,
    "object_id": "3",
    "object_repr": "50616:3:2020-01-24",
    "action_flag": 1,
    "change_message": "[{\"added\": {}}]"
  }
},
{
  "model": "admin.logentry",
  "pk": 54,
  "fields": {
    "action_time": "2020-01-24T01:22:42.980Z",
    "user": 1,
    "content_type": 19,
    "object_id": "4",
    "object_repr": "50616:4:2020-01-24",
    "action_flag": 1,
    "change_message": "[{\"added\": {}}]"
  }
},
{
  "model": "admin.logentry",
  "pk": 55,
  "fields": {
    "action_time": "2020-01-24T01:22:58.122Z",
    "user": 1,
    "content_type": 19,
    "object_id": "5",
    "object_repr": "50616:5:2020-01-24",
    "action_flag": 1,
    "change_message": "[{\"added\": {}}]"
  }
},
{
  "model": "admin.logentry",
  "pk": 56,
  "fields": {
    "action_time": "2020-01-24T01:23:17.977Z",
    "user": 1,
    "content_type": 19,
    "object_id": "6",
    "object_repr": "50616:6:2020-01-24",
    "action_flag": 1,
    "change_message": "[{\"added\": {}}]"
  }
},
{
  "model": "admin.logentry",
  "pk": 57,
  "fields": {
    "action_time": "2020-01-24T01:23:32.478Z",
    "user": 1,
    "content_type": 19,
    "object_id": "7",
    "object_repr": "50616:7:2020-01-24",
    "action_flag": 1,
    "change_message": "[{\"added\": {}}]"
  }
},
{
  "model": "admin.logentry",
  "pk": 58,
  "fields": {
    "action_time": "2020-01-24T01:23:54.520Z",
    "user": 1,
    "content_type": 19,
    "object_id": "8",
    "object_repr": "50616:8:2020-01-24",
    "action_flag": 1,
    "change_message": "[{\"added\": {}}]"
  }
},
{
  "model": "admin.logentry",
  "pk": 59,
  "fields": {
    "action_time": "2020-01-27T00:54:17.327Z",
    "user": 1,
    "content_type": 17,
    "object_id": "1",
    "object_repr": "2019-20",
    "action_flag": 1,
    "change_message": "[{\"added\": {}}]"
  }
},
{
  "model": "admin.logentry",
  "pk": 60,
  "fields": {
    "action_time": "2020-01-27T00:59:34.835Z",
    "user": 1,
    "content_type": 27,
    "object_id": "1",
    "object_repr": "Season Start",
    "action_flag": 1,
    "change_message": "[{\"added\": {}}]"
  }
},
{
  "model": "admin.logentry",
  "pk": 61,
  "fields": {
    "action_time": "2020-01-27T00:59:47.409Z",
    "user": 1,
    "content_type": 27,
    "object_id": "1",
    "object_repr": "Season Start",
    "action_flag": 2,
    "change_message": "[]"
  }
},
{
  "model": "admin.logentry",
  "pk": 62,
  "fields": {
    "action_time": "2020-01-27T01:00:13.274Z",
    "user": 1,
    "content_type": 27,
    "object_id": "2",
    "object_repr": "Harvest",
    "action_flag": 1,
    "change_message": "[{\"added\": {}}]"
  }
},
{
  "model": "admin.logentry",
  "pk": 63,
  "fields": {
    "action_time": "2020-01-27T01:00:27.250Z",
    "user": 1,
    "content_type": 27,
    "object_id": "3",
    "object_repr": "End of harvest",
    "action_flag": 1,
    "change_message": "[{\"added\": {}}]"
  }
},
{
  "model": "admin.logentry",
  "pk": 64,
  "fields": {
    "action_time": "2020-01-27T01:16:00.921Z",
    "user": 1,
    "content_type": 28,
    "object_id": "1",
    "object_repr": "Whar 2 (name unknown yet):2019-10-14",
    "action_flag": 1,
    "change_message": "[{\"added\": {}}]"
  }
},
{
  "model": "admin.logentry",
  "pk": 65,
  "fields": {
    "action_time": "2020-01-27T01:16:24.602Z",
    "user": 1,
    "content_type": 28,
    "object_id": "2",
    "object_repr": "Whar 2 (name unknown yet):2020-02-27",
    "action_flag": 1,
    "change_message": "[{\"added\": {}}]"
  }
},
{
  "model": "admin.logentry",
  "pk": 66,
  "fields": {
    "action_time": "2020-01-27T01:17:12.049Z",
    "user": 1,
    "content_type": 28,
    "object_id": "3",
    "object_repr": "Front (Name TBD):2019-10-14",
    "action_flag": 1,
    "change_message": "[{\"added\": {}}]"
  }
},
{
  "model": "admin.logentry",
  "pk": 67,
  "fields": {
    "action_time": "2020-01-27T01:17:33.823Z",
    "user": 1,
    "content_type": 27,
    "object_id": "2",
    "object_repr": "Start of Harvest",
    "action_flag": 2,
    "change_message": "[{\"changed\": {\"fields\": [\"name\"]}}]"
  }
},
{
  "model": "admin.logentry",
  "pk": 68,
  "fields": {
    "action_time": "2020-01-27T01:17:39.644Z",
    "user": 1,
    "content_type": 28,
    "object_id": "4",
    "object_repr": "Front (Name TBD):2020-02-27",
    "action_flag": 1,
    "change_message": "[{\"added\": {}}]"
  }
},
{
  "model": "admin.logentry",
  "pk": 69,
  "fields": {
    "action_time": "2020-01-27T01:18:34.452Z",
    "user": 1,
    "content_type": 28,
    "object_id": "5",
    "object_repr": "Zone 6 (Name TBD):2019-10-14",
    "action_flag": 1,
    "change_message": "[{\"added\": {}}]"
  }
},
{
  "model": "admin.logentry",
  "pk": 70,
  "fields": {
    "action_time": "2020-01-27T01:18:46.778Z",
    "user": 1,
    "content_type": 28,
    "object_id": "6",
    "object_repr": "Zone 6 (Name TBD):2020-02-27",
    "action_flag": 1,
    "change_message": "[{\"added\": {}}]"
  }
},
{
  "model": "admin.logentry",
  "pk": 71,
  "fields": {
    "action_time": "2020-01-27T01:19:01.367Z",
    "user": 1,
    "content_type": 28,
    "object_id": "7",
    "object_repr": "Zone 10 (Name TBD):2019-10-14",
    "action_flag": 1,
    "change_message": "[{\"added\": {}}]"
  }
},
{
  "model": "admin.logentry",
  "pk": 72,
  "fields": {
    "action_time": "2020-01-27T01:19:11.981Z",
    "user": 1,
    "content_type": 28,
    "object_id": "8",
    "object_repr": "Zone 10 (Name TBD):2020-02-27",
    "action_flag": 1,
    "change_message": "[{\"added\": {}}]"
  }
},
{
  "model": "admin.logentry",
  "pk": 73,
  "fields": {
    "action_time": "2020-01-27T01:19:22.472Z",
    "user": 1,
    "content_type": 28,
    "object_id": "9",
    "object_repr": "Zone 7 (Name TBD):2019-10-14",
    "action_flag": 1,
    "change_message": "[{\"added\": {}}]"
  }
},
{
  "model": "admin.logentry",
  "pk": 74,
  "fields": {
    "action_time": "2020-01-27T01:19:49.935Z",
    "user": 1,
    "content_type": 28,
    "object_id": "10",
    "object_repr": "Zone 7 (Name TBD):2020-02-27",
    "action_flag": 1,
    "change_message": "[{\"added\": {}}]"
  }
},
{
  "model": "admin.logentry",
  "pk": 75,
  "fields": {
    "action_time": "2020-01-27T01:20:01.860Z",
    "user": 1,
    "content_type": 28,
    "object_id": "11",
    "object_repr": "Zone 15 (Name TBD):2019-10-14",
    "action_flag": 1,
    "change_message": "[{\"added\": {}}]"
  }
},
{
  "model": "admin.logentry",
  "pk": 76,
  "fields": {
    "action_time": "2020-01-27T01:20:16.364Z",
    "user": 1,
    "content_type": 28,
    "object_id": "12",
    "object_repr": "Zone 15 (Name TBD):2020-02-27",
    "action_flag": 1,
    "change_message": "[{\"added\": {}}]"
  }
},
{
  "model": "admin.logentry",
  "pk": 77,
  "fields": {
    "action_time": "2020-01-27T01:20:31.807Z",
    "user": 1,
    "content_type": 28,
    "object_id": "13",
    "object_repr": "Front Entrance (Name TBD):2019-10-14",
    "action_flag": 1,
    "change_message": "[{\"added\": {}}]"
  }
},
{
  "model": "admin.logentry",
  "pk": 78,
  "fields": {
    "action_time": "2020-01-27T01:20:43.132Z",
    "user": 1,
    "content_type": 28,
    "object_id": "14",
    "object_repr": "Front Entrance (Name TBD):2020-02-27",
    "action_flag": 1,
    "change_message": "[{\"added\": {}}]"
  }
},
{
  "model": "admin.logentry",
  "pk": 79,
  "fields": {
    "action_time": "2020-01-27T01:20:56.301Z",
    "user": 1,
    "content_type": 28,
    "object_id": "15",
    "object_repr": "In front of house (Name TBD):2019-10-14",
    "action_flag": 1,
    "change_message": "[{\"added\": {}}]"
  }
},
{
  "model": "admin.logentry",
  "pk": 80,
  "fields": {
    "action_time": "2020-01-27T01:23:19.989Z",
    "user": 1,
    "content_type": 28,
    "object_id": "16",
    "object_repr": "In front of house (Name TBD):2020-02-17",
    "action_flag": 1,
    "change_message": "[{\"added\": {}}]"
  }
},
{
  "model": "admin.logentry",
  "pk": 81,
  "fields": {
    "action_time": "2020-01-27T01:23:30.894Z",
    "user": 1,
    "content_type": 28,
    "object_id": "17",
    "object_repr": "To Side of House (Name TBD):2019-10-14",
    "action_flag": 1,
    "change_message": "[{\"added\": {}}]"
  }
},
{
  "model": "admin.logentry",
  "pk": 82,
  "fields": {
    "action_time": "2020-01-27T01:23:47.757Z",
    "user": 1,
    "content_type": 28,
    "object_id": "18",
    "object_repr": "To Side of House (Name TBD):2020-02-27",
    "action_flag": 1,
    "change_message": "[{\"added\": {}}]"
  }
},
{
  "model": "admin.logentry",
  "pk": 83,
  "fields": {
    "action_time": "2020-01-27T01:24:02.689Z",
    "user": 1,
    "content_type": 28,
    "object_id": "19",
    "object_repr": "Back (Name TBD):2019-10-14",
    "action_flag": 1,
    "change_message": "[{\"added\": {}}]"
  }
},
{
  "model": "admin.logentry",
  "pk": 84,
  "fields": {
    "action_time": "2020-01-27T01:24:16.861Z",
    "user": 1,
    "content_type": 28,
    "object_id": "20",
    "object_repr": "Back (Name TBD):2020-02-27",
    "action_flag": 1,
    "change_message": "[{\"added\": {}}]"
  }
},
{
  "model": "admin.logentry",
  "pk": 85,
  "fields": {
    "action_time": "2020-01-27T01:24:30.666Z",
    "user": 1,
    "content_type": 28,
    "object_id": "21",
    "object_repr": "Block A1:2019-10-14",
    "action_flag": 1,
    "change_message": "[{\"added\": {}}]"
  }
},
{
  "model": "admin.logentry",
  "pk": 86,
  "fields": {
    "action_time": "2020-01-27T01:24:40.966Z",
    "user": 1,
    "content_type": 28,
    "object_id": "22",
    "object_repr": "Block A1:2020-02-27",
    "action_flag": 1,
    "change_message": "[{\"added\": {}}]"
  }
},
{
  "model": "admin.logentry",
  "pk": 87,
  "fields": {
    "action_time": "2020-01-27T01:24:54.415Z",
    "user": 1,
    "content_type": 28,
    "object_id": "23",
    "object_repr": "Block D:2019-10-14",
    "action_flag": 1,
    "change_message": "[{\"added\": {}}]"
  }
},
{
  "model": "admin.logentry",
  "pk": 88,
  "fields": {
    "action_time": "2020-01-27T01:25:07.070Z",
    "user": 1,
    "content_type": 28,
    "object_id": "24",
    "object_repr": "Block D:2020-02-27",
    "action_flag": 1,
    "change_message": "[{\"added\": {}}]"
  }
},
{
  "model": "admin.logentry",
  "pk": 89,
  "fields": {
    "action_time": "2020-01-27T01:26:36.266Z",
    "user": 1,
    "content_type": 28,
    "object_id": "25",
    "object_repr": "Envy:2019-10-14",
    "action_flag": 1,
    "change_message": "[{\"added\": {}}]"
  }
},
{
  "model": "admin.logentry",
  "pk": 90,
  "fields": {
    "action_time": "2020-01-27T01:28:49.672Z",
    "user": 1,
    "content_type": 28,
    "object_id": "26",
    "object_repr": "Envy:2020-04-01",
    "action_flag": 1,
    "change_message": "[{\"added\": {}}]"
  }
},
{
  "model": "admin.logentry",
  "pk": 91,
  "fields": {
    "action_time": "2020-01-27T01:29:23.322Z",
    "user": 1,
    "content_type": 28,
    "object_id": "27",
    "object_repr": "Citrus:2019-10-14",
    "action_flag": 1,
    "change_message": "[{\"added\": {}}]"
  }
},
{
  "model": "admin.logentry",
  "pk": 92,
  "fields": {
    "action_time": "2020-01-27T01:29:38.125Z",
    "user": 1,
    "content_type": 28,
    "object_id": "28",
    "object_repr": "Citrus:2020-03-31",
    "action_flag": 1,
    "change_message": "[{\"added\": {}}]"
  }
},
{
  "model": "admin.logentry",
  "pk": 93,
  "fields": {
    "action_time": "2020-01-27T01:29:52.932Z",
    "user": 1,
    "content_type": 28,
    "object_id": "29",
    "object_repr": "Hops:2019-10-14",
    "action_flag": 1,
    "change_message": "[{\"added\": {}}]"
  }
},
{
  "model": "admin.logentry",
  "pk": 94,
  "fields": {
    "action_time": "2020-01-27T01:30:23.375Z",
    "user": 1,
    "content_type": 28,
    "object_id": "30",
    "object_repr": "Hops:2020-03-10",
    "action_flag": 1,
    "change_message": "[{\"added\": {}}]"
  }
},
{
  "model": "admin.logentry",
  "pk": 95,
  "fields": {
    "action_time": "2020-02-05T17:31:49.480Z",
    "user": 1,
    "content_type": 27,
    "object_id": "1",
    "object_repr": "Start",
    "action_flag": 2,
    "change_message": "[{\"changed\": {\"fields\": [\"name\"]}}]"
  }
},
{
  "model": "admin.logentry",
  "pk": 96,
  "fields": {
    "action_time": "2020-02-05T17:32:02.028Z",
    "user": 1,
    "content_type": 27,
    "object_id": "3",
    "object_repr": "End",
    "action_flag": 2,
    "change_message": "[{\"changed\": {\"fields\": [\"name\"]}}]"
  }
},
{
  "model": "admin.logentry",
  "pk": 97,
  "fields": {
    "action_time": "2020-02-05T17:32:18.245Z",
    "user": 1,
    "content_type": 27,
    "object_id": "2",
    "object_repr": "Harvest",
    "action_flag": 2,
    "change_message": "[{\"changed\": {\"fields\": [\"name\", \"season_flag\"]}}]"
  }
}
]
