[
{
  "model": "address.country",
  "pk": 1,
  "fields": {
    "name": "New Zealand",
    "code": "NZ"
  }
},
{
  "model": "address.state",
  "pk": 1,
  "fields": {
    "name": "Hawkes Bay",
    "code": "",
    "country": 1
  }
},
{
  "model": "address.locality",
  "pk": 1,
  "fields": {
    "name": "Longlands",
    "postal_code": "4172",
    "state": 1
  }
},
{
  "model": "address.address",
  "pk": 1,
  "fields": {
    "street_number": "999",
    "route": "Norton Road",
    "locality": 1,
    "raw": "999 Norton Road, Longlands, 4172",
    "formatted": "",
    "latitude": null,
    "longitude": null
  }
},
{
  "model": "address.address",
  "pk": 2,
  "fields": {
    "street_number": "0",
    "route": "",
    "locality": null,
    "raw": "0",
    "formatted": "",
    "latitude": null,
    "longitude": null
  }
},
{
  "model": "auth.group",
  "pk": 1,
  "fields": {
    "name": "Technician",
    "permissions": []
  }
},
{
  "model": "auth.user",
  "pk": 1,
  "fields": {
    "password": "pbkdf2_sha256$150000$WrRjg3RiPbm2$pw4Dw613H5hzaBnklxCWIRFwZbYuoIfMmu3nYhQkUbg=",
    "last_login": "2019-06-25T03:10:42.508Z",
    "is_superuser": true,
    "username": "admin",
    "first_name": "",
    "last_name": "",
    "email": "mabznz@gmail.com",
    "is_staff": true,
    "is_active": true,
    "date_joined": "2019-06-24T22:47:46.176Z",
    "groups": [],
    "user_permissions": []
  }
},
{
  "model": "auth.user",
  "pk": 2,
  "fields": {
    "password": "pbkdf2_sha256$150000$QybifmFYDUpP$TOXekms6kTL47epZOWp/QMAkOMpShIlVOXyWoRhw1zY=",
    "last_login": null,
    "is_superuser": false,
    "username": "tomg",
    "first_name": "Tom",
    "last_name": "Grant",
    "email": "",
    "is_staff": false,
    "is_active": true,
    "date_joined": "2019-06-25T05:01:48Z",
    "groups": [],
    "user_permissions": []
  }
},
{
  "model": "sessions.session",
  "pk": "o7onx08x60rwoibzcz0aw0d2k6xk9buz",
  "fields": {
    "session_data": "YmRjOWUyYzNjYmU3MTRlODEwNWU1NzEyNzliMWE1NDBkMTM3NGFkMjp7Il9hdXRoX3VzZXJfaWQiOiIxIiwiX2F1dGhfdXNlcl9iYWNrZW5kIjoiZGphbmdvLmNvbnRyaWIuYXV0aC5iYWNrZW5kcy5Nb2RlbEJhY2tlbmQiLCJfYXV0aF91c2VyX2hhc2giOiJjYmU1NzM1YzMxMTJiMzEzMGJiMTliMTYzODJlZTBhMjUyNWFkYjE0In0=",
    "expire_date": "2019-07-09T03:10:42.517Z"
  }
},
{
  "model": "admin.logentry",
  "pk": 1,
  "fields": {
    "action_time": "2019-06-24T23:33:30.289Z",
    "user": 1,
    "content_type": 7,
    "object_id": "1",
    "object_repr": "Test Report",
    "action_flag": 1,
    "change_message": "[{\"added\": {}}]"
  }
},
{
  "model": "admin.logentry",
  "pk": 2,
  "fields": {
    "action_time": "2019-06-24T23:40:58.662Z",
    "user": 1,
    "content_type": 5,
    "object_id": "1",
    "object_repr": "Grapes Pinot Noir",
    "action_flag": 1,
    "change_message": "[{\"added\": {}}]"
  }
},
{
  "model": "admin.logentry",
  "pk": 3,
  "fields": {
    "action_time": "2019-06-24T23:48:12.086Z",
    "user": 1,
    "content_type": 2,
    "object_id": "1",
    "object_repr": "New Zealand",
    "action_flag": 1,
    "change_message": "[{\"added\": {}}]"
  }
},
{
  "model": "admin.logentry",
  "pk": 4,
  "fields": {
    "action_time": "2019-06-24T23:48:22.357Z",
    "user": 1,
    "content_type": 4,
    "object_id": "1",
    "object_repr": "Hawkes Bay, New Zealand",
    "action_flag": 1,
    "change_message": "[{\"added\": {}}]"
  }
},
{
  "model": "admin.logentry",
  "pk": 5,
  "fields": {
    "action_time": "2019-06-24T23:48:24.733Z",
    "user": 1,
    "content_type": 3,
    "object_id": "1",
    "object_repr": "Longlands, Hawkes Bay 4172, New Zealand",
    "action_flag": 1,
    "change_message": "[{\"added\": {}}]"
  }
},
{
  "model": "admin.logentry",
  "pk": 6,
  "fields": {
    "action_time": "2019-06-24T23:49:44.040Z",
    "user": 1,
    "content_type": 1,
    "object_id": "1",
    "object_repr": "999 Norton Road, Longlands, Hawkes Bay 4172, New Zealand",
    "action_flag": 1,
    "change_message": "[{\"added\": {}}]"
  }
},
{
  "model": "admin.logentry",
  "pk": 7,
  "fields": {
    "action_time": "2019-06-24T23:50:31.799Z",
    "user": 1,
    "content_type": 6,
    "object_id": "1",
    "object_repr": "Byron Mabbett",
    "action_flag": 1,
    "change_message": "[{\"added\": {}}]"
  }
},
{
  "model": "admin.logentry",
  "pk": 8,
  "fields": {
    "action_time": "2019-06-24T23:52:00.595Z",
    "user": 1,
    "content_type": 6,
    "object_id": "1",
    "object_repr": "Springstone",
    "action_flag": 2,
    "change_message": "[{\"changed\": {\"fields\": [\"name\"]}}]"
  }
},
{
  "model": "admin.logentry",
  "pk": 9,
  "fields": {
    "action_time": "2019-06-24T23:52:21.789Z",
    "user": 1,
    "content_type": 6,
    "object_id": "1",
    "object_repr": "Springstone",
    "action_flag": 2,
    "change_message": "[{\"changed\": {\"fields\": [\"owner\"]}}]"
  }
},
{
  "model": "admin.logentry",
  "pk": 10,
  "fields": {
    "action_time": "2019-06-24T23:59:06.114Z",
    "user": 1,
    "content_type": 8,
    "object_id": "1",
    "object_repr": "Pinot Noir Springstone",
    "action_flag": 1,
    "change_message": "[{\"added\": {}}]"
  }
},
{
  "model": "admin.logentry",
  "pk": 11,
  "fields": {
    "action_time": "2019-06-25T00:02:51.538Z",
    "user": 1,
    "content_type": 10,
    "object_id": "3",
    "object_repr": "Calibration object (3)",
    "action_flag": 1,
    "change_message": "[{\"added\": {}}]"
  }
},
{
  "model": "admin.logentry",
  "pk": 12,
  "fields": {
    "action_time": "2019-06-25T00:11:05.552Z",
    "user": 1,
    "content_type": 9,
    "object_id": "1",
    "object_repr": "Reading object (1)",
    "action_flag": 1,
    "change_message": "[{\"added\": {}}]"
  }
},
{
  "model": "admin.logentry",
  "pk": 13,
  "fields": {
    "action_time": "2019-06-25T05:00:36.043Z",
    "user": 1,
    "content_type": 13,
    "object_id": "1",
    "object_repr": "Technician",
    "action_flag": 1,
    "change_message": "[{\"added\": {}}]"
  }
},
{
  "model": "admin.logentry",
  "pk": 14,
  "fields": {
    "action_time": "2019-06-25T05:01:48.684Z",
    "user": 1,
    "content_type": 14,
    "object_id": "2",
    "object_repr": "tomg",
    "action_flag": 1,
    "change_message": "[{\"added\": {}}]"
  }
},
{
  "model": "admin.logentry",
  "pk": 15,
  "fields": {
    "action_time": "2019-06-25T05:02:21.987Z",
    "user": 1,
    "content_type": 14,
    "object_id": "2",
    "object_repr": "tomg",
    "action_flag": 2,
    "change_message": "[{\"changed\": {\"fields\": [\"first_name\", \"last_name\"]}}]"
  }
},
{
  "model": "admin.logentry",
  "pk": 16,
  "fields": {
    "action_time": "2019-06-27T21:39:53.231Z",
    "user": 1,
    "content_type": 1,
    "object_id": "2",
    "object_repr": "0",
    "action_flag": 1,
    "change_message": "[{\"added\": {}}]"
  }
},
{
  "model": "admin.logentry",
  "pk": 17,
  "fields": {
    "action_time": "2019-06-27T21:39:59.458Z",
    "user": 1,
    "content_type": 6,
    "object_id": "2",
    "object_repr": "Mr Apple Kinross",
    "action_flag": 1,
    "change_message": "[{\"added\": {}}]"
  }
},
{
  "model": "admin.logentry",
  "pk": 18,
  "fields": {
    "action_time": "2019-06-27T21:45:08.015Z",
    "user": 1,
    "content_type": 5,
    "object_id": "2",
    "object_repr": "Apples",
    "action_flag": 1,
    "change_message": "[{\"added\": {}}]"
  }
},
{
  "model": "admin.logentry",
  "pk": 19,
  "fields": {
    "action_time": "2019-06-27T21:50:56.732Z",
    "user": 1,
    "content_type": 8,
    "object_id": "2",
    "object_repr": "Sandpit Pink Lady 22 Notchwood side (no weed mat)",
    "action_flag": 1,
    "change_message": "[{\"added\": {}}]"
  }
},
{
  "model": "admin.logentry",
  "pk": 20,
  "fields": {
    "action_time": "2019-06-27T22:20:24.503Z",
    "user": 1,
    "content_type": 17,
    "object_id": "1",
    "object_repr": "Probe",
    "action_flag": 1,
    "change_message": "[{\"added\": {}}]"
  }
},
{
  "model": "admin.logentry",
  "pk": 21,
  "fields": {
    "action_time": "2019-06-27T22:20:38.798Z",
    "user": 1,
    "content_type": 9,
    "object_id": "1",
    "object_repr": "Pinot Noir Springstone:2018-09-28",
    "action_flag": 2,
    "change_message": "[{\"changed\": {\"fields\": [\"type\"]}}]"
  }
},
{
  "model": "admin.logentry",
  "pk": 22,
  "fields": {
    "action_time": "2019-06-27T22:24:12.810Z",
    "user": 1,
    "content_type": 17,
    "object_id": "2",
    "object_repr": "Full Point",
    "action_flag": 1,
    "change_message": "[{\"added\": {}}]"
  }
},
{
  "model": "admin.logentry",
  "pk": 23,
  "fields": {
    "action_time": "2019-06-27T22:24:18.920Z",
    "user": 1,
    "content_type": 17,
    "object_id": "3",
    "object_repr": "Refill",
    "action_flag": 1,
    "change_message": "[{\"added\": {}}]"
  }
},
{
  "model": "admin.logentry",
  "pk": 24,
  "fields": {
    "action_time": "2019-06-28T00:31:26.611Z",
    "user": 1,
    "content_type": 5,
    "object_id": "3",
    "object_repr": "asdf",
    "action_flag": 1,
    "change_message": "[{\"added\": {}}]"
  }
},
{
  "model": "admin.logentry",
  "pk": 25,
  "fields": {
    "action_time": "2019-06-28T00:31:36.631Z",
    "user": 1,
    "content_type": 5,
    "object_id": "3",
    "object_repr": "asdf",
    "action_flag": 3,
    "change_message": ""
  }
},
{
  "model": "admin.logentry",
  "pk": 26,
  "fields": {
    "action_time": "2019-06-28T00:35:34.949Z",
    "user": 1,
    "content_type": 10,
    "object_id": "3",
    "object_repr": "Calibration object (3)",
    "action_flag": 3,
    "change_message": ""
  }
},
{
  "model": "admin.logentry",
  "pk": 27,
  "fields": {
    "action_time": "2019-06-28T00:37:08.243Z",
    "user": 1,
    "content_type": 18,
    "object_id": "1",
    "object_repr": "0001",
    "action_flag": 1,
    "change_message": "[{\"added\": {}}]"
  }
},
{
  "model": "admin.logentry",
  "pk": 28,
  "fields": {
    "action_time": "2019-06-28T00:43:11.353Z",
    "user": 1,
    "content_type": 10,
    "object_id": "7",
    "object_repr": "Pinot Noir Springstone:0001:",
    "action_flag": 1,
    "change_message": "[{\"added\": {}}]"
  }
},
{
  "model": "admin.logentry",
  "pk": 29,
  "fields": {
    "action_time": "2019-06-28T00:45:29.736Z",
    "user": 1,
    "content_type": 9,
    "object_id": "1",
    "object_repr": "Pinot Noir Springstone:2018-09-28",
    "action_flag": 2,
    "change_message": "[{\"changed\": {\"fields\": [\"serial_number\"]}}]"
  }
},
{
  "model": "admin.logentry",
  "pk": 30,
  "fields": {
    "action_time": "2019-06-30T19:05:16.912Z",
    "user": 1,
    "content_type": 9,
    "object_id": "2",
    "object_repr": "Sandpit Pink Lady 22 Notchwood side (no weed mat):2016-10-26",
    "action_flag": 1,
    "change_message": "[{\"added\": {}}]"
  }
},
{
  "model": "admin.logentry",
  "pk": 31,
  "fields": {
    "action_time": "2019-06-30T19:07:26.336Z",
    "user": 1,
    "content_type": 9,
    "object_id": "3",
    "object_repr": "Sandpit Pink Lady 22 Notchwood side (no weed mat):2016-10-26",
    "action_flag": 1,
    "change_message": "[{\"added\": {}}]"
  }
},
{
  "model": "admin.logentry",
  "pk": 32,
  "fields": {
    "action_time": "2019-06-30T19:16:22.752Z",
    "user": 1,
    "content_type": 9,
    "object_id": "4",
    "object_repr": "Sandpit Pink Lady 22 Notchwood side (no weed mat):2018-10-25",
    "action_flag": 1,
    "change_message": "[{\"added\": {}}]"
  }
},
{
  "model": "admin.logentry",
  "pk": 33,
  "fields": {
    "action_time": "2019-06-30T19:26:03.879Z",
    "user": 1,
    "content_type": 9,
    "object_id": "4",
    "object_repr": "Sandpit Pink Lady 22 Notchwood side (no weed mat):2018-10-25",
    "action_flag": 2,
    "change_message": "[{\"changed\": {\"fields\": [\"irrigation_mms\", \"comment\"]}}]"
  }
},
{
  "model": "admin.logentry",
  "pk": 34,
  "fields": {
    "action_time": "2019-06-30T19:44:41.250Z",
    "user": 1,
    "content_type": 9,
    "object_id": "5",
    "object_repr": "Sandpit Pink Lady 22 Notchwood side (no weed mat):2018-11-01",
    "action_flag": 1,
    "change_message": "[{\"added\": {}}]"
  }
},
{
  "model": "admin.logentry",
  "pk": 35,
  "fields": {
    "action_time": "2019-06-30T19:46:48.831Z",
    "user": 1,
    "content_type": 9,
    "object_id": "6",
    "object_repr": "Sandpit Pink Lady 22 Notchwood side (no weed mat):2018-11-08",
    "action_flag": 1,
    "change_message": "[{\"added\": {}}]"
  }
},
{
  "model": "admin.logentry",
  "pk": 36,
  "fields": {
    "action_time": "2019-06-30T19:55:00.553Z",
    "user": 1,
    "content_type": 9,
    "object_id": "7",
    "object_repr": "Sandpit Pink Lady 22 Notchwood side (no weed mat):2018-11-15",
    "action_flag": 1,
    "change_message": "[{\"added\": {}}]"
  }
},
{
  "model": "admin.logentry",
  "pk": 37,
  "fields": {
    "action_time": "2019-06-30T19:56:58.421Z",
    "user": 1,
    "content_type": 9,
    "object_id": "8",
    "object_repr": "Sandpit Pink Lady 22 Notchwood side (no weed mat):2018-11-22",
    "action_flag": 1,
    "change_message": "[{\"added\": {}}]"
  }
},
{
  "model": "admin.logentry",
  "pk": 38,
  "fields": {
    "action_time": "2019-06-30T19:58:45.547Z",
    "user": 1,
    "content_type": 9,
    "object_id": "9",
    "object_repr": "Sandpit Pink Lady 22 Notchwood side (no weed mat):2018-11-29",
    "action_flag": 1,
    "change_message": "[{\"added\": {}}]"
  }
},
{
  "model": "admin.logentry",
  "pk": 39,
  "fields": {
    "action_time": "2019-06-30T20:02:51.336Z",
    "user": 1,
    "content_type": 9,
    "object_id": "10",
    "object_repr": "Sandpit Pink Lady 22 Notchwood side (no weed mat):2018-12-06",
    "action_flag": 1,
    "change_message": "[{\"added\": {}}]"
  }
},
{
  "model": "admin.logentry",
  "pk": 40,
  "fields": {
    "action_time": "2019-06-30T20:04:34.712Z",
    "user": 1,
    "content_type": 9,
    "object_id": "11",
    "object_repr": "Sandpit Pink Lady 22 Notchwood side (no weed mat):2018-12-13",
    "action_flag": 1,
    "change_message": "[{\"added\": {}}]"
  }
},
{
  "model": "admin.logentry",
  "pk": 41,
  "fields": {
    "action_time": "2019-06-30T20:07:45.315Z",
    "user": 1,
    "content_type": 9,
    "object_id": "12",
    "object_repr": "Sandpit Pink Lady 22 Notchwood side (no weed mat):2018-12-20",
    "action_flag": 1,
    "change_message": "[{\"added\": {}}]"
  }
},
{
  "model": "admin.logentry",
  "pk": 42,
  "fields": {
    "action_time": "2019-06-30T20:09:30.643Z",
    "user": 1,
    "content_type": 9,
    "object_id": "13",
    "object_repr": "Sandpit Pink Lady 22 Notchwood side (no weed mat):2019-01-03",
    "action_flag": 1,
    "change_message": "[{\"added\": {}}]"
  }
},
{
  "model": "admin.logentry",
  "pk": 43,
  "fields": {
    "action_time": "2019-06-30T20:11:02.192Z",
    "user": 1,
    "content_type": 9,
    "object_id": "14",
    "object_repr": "Sandpit Pink Lady 22 Notchwood side (no weed mat):2019-01-10",
    "action_flag": 1,
    "change_message": "[{\"added\": {}}]"
  }
},
{
  "model": "admin.logentry",
  "pk": 44,
  "fields": {
    "action_time": "2019-06-30T20:12:38.960Z",
    "user": 1,
    "content_type": 9,
    "object_id": "15",
    "object_repr": "Sandpit Pink Lady 22 Notchwood side (no weed mat):2019-01-17",
    "action_flag": 1,
    "change_message": "[{\"added\": {}}]"
  }
},
{
  "model": "admin.logentry",
  "pk": 45,
  "fields": {
    "action_time": "2019-06-30T20:14:17.886Z",
    "user": 1,
    "content_type": 9,
    "object_id": "16",
    "object_repr": "Sandpit Pink Lady 22 Notchwood side (no weed mat):2019-01-24",
    "action_flag": 1,
    "change_message": "[{\"added\": {}}]"
  }
},
{
  "model": "admin.logentry",
  "pk": 46,
  "fields": {
    "action_time": "2019-06-30T20:15:56.706Z",
    "user": 1,
    "content_type": 9,
    "object_id": "17",
    "object_repr": "Sandpit Pink Lady 22 Notchwood side (no weed mat):2019-01-31",
    "action_flag": 1,
    "change_message": "[{\"added\": {}}]"
  }
},
{
  "model": "admin.logentry",
  "pk": 47,
  "fields": {
    "action_time": "2019-06-30T20:17:41.900Z",
    "user": 1,
    "content_type": 9,
    "object_id": "18",
    "object_repr": "Sandpit Pink Lady 22 Notchwood side (no weed mat):2019-02-07",
    "action_flag": 1,
    "change_message": "[{\"added\": {}}]"
  }
},
{
  "model": "admin.logentry",
  "pk": 48,
  "fields": {
    "action_time": "2019-06-30T20:19:22.864Z",
    "user": 1,
    "content_type": 9,
    "object_id": "19",
    "object_repr": "Sandpit Pink Lady 22 Notchwood side (no weed mat):2019-02-14",
    "action_flag": 1,
    "change_message": "[{\"added\": {}}]"
  }
},
{
  "model": "admin.logentry",
  "pk": 49,
  "fields": {
    "action_time": "2019-06-30T20:20:58.544Z",
    "user": 1,
    "content_type": 9,
    "object_id": "20",
    "object_repr": "Sandpit Pink Lady 22 Notchwood side (no weed mat):2019-02-21",
    "action_flag": 1,
    "change_message": "[{\"added\": {}}]"
  }
},
{
  "model": "admin.logentry",
  "pk": 50,
  "fields": {
    "action_time": "2019-06-30T20:22:39.866Z",
    "user": 1,
    "content_type": 9,
    "object_id": "21",
    "object_repr": "Sandpit Pink Lady 22 Notchwood side (no weed mat):2019-02-28",
    "action_flag": 1,
    "change_message": "[{\"added\": {}}]"
  }
},
{
  "model": "admin.logentry",
  "pk": 51,
  "fields": {
    "action_time": "2019-06-30T20:28:26.591Z",
    "user": 1,
    "content_type": 9,
    "object_id": "22",
    "object_repr": "Sandpit Pink Lady 22 Notchwood side (no weed mat):2019-03-07",
    "action_flag": 1,
    "change_message": "[{\"added\": {}}]"
  }
},
{
  "model": "admin.logentry",
  "pk": 52,
  "fields": {
    "action_time": "2019-06-30T20:29:49.345Z",
    "user": 1,
    "content_type": 9,
    "object_id": "23",
    "object_repr": "Sandpit Pink Lady 22 Notchwood side (no weed mat):2019-03-14",
    "action_flag": 1,
    "change_message": "[{\"added\": {}}]"
  }
},
{
  "model": "admin.logentry",
  "pk": 53,
  "fields": {
    "action_time": "2019-06-30T20:31:27.999Z",
    "user": 1,
    "content_type": 9,
    "object_id": "24",
    "object_repr": "Sandpit Pink Lady 22 Notchwood side (no weed mat):2019-03-21",
    "action_flag": 1,
    "change_message": "[{\"added\": {}}]"
  }
},
{
  "model": "admin.logentry",
  "pk": 54,
  "fields": {
    "action_time": "2019-06-30T20:32:57.415Z",
    "user": 1,
    "content_type": 9,
    "object_id": "25",
    "object_repr": "Sandpit Pink Lady 22 Notchwood side (no weed mat):2019-03-28",
    "action_flag": 1,
    "change_message": "[{\"added\": {}}]"
  }
},
{
  "model": "admin.logentry",
  "pk": 55,
  "fields": {
    "action_time": "2019-06-30T20:34:26.744Z",
    "user": 1,
    "content_type": 9,
    "object_id": "26",
    "object_repr": "Sandpit Pink Lady 22 Notchwood side (no weed mat):2019-04-04",
    "action_flag": 1,
    "change_message": "[{\"added\": {}}]"
  }
},
{
  "model": "admin.logentry",
  "pk": 56,
  "fields": {
    "action_time": "2019-06-30T20:35:48.091Z",
    "user": 1,
    "content_type": 9,
    "object_id": "27",
    "object_repr": "Sandpit Pink Lady 22 Notchwood side (no weed mat):2019-04-11",
    "action_flag": 1,
    "change_message": "[{\"added\": {}}]"
  }
},
{
  "model": "admin.logentry",
  "pk": 57,
  "fields": {
    "action_time": "2019-06-30T20:37:28.641Z",
    "user": 1,
    "content_type": 9,
    "object_id": "28",
    "object_repr": "Sandpit Pink Lady 22 Notchwood side (no weed mat):2019-04-17",
    "action_flag": 1,
    "change_message": "[{\"added\": {}}]"
  }
},
{
  "model": "admin.logentry",
  "pk": 58,
  "fields": {
    "action_time": "2019-06-30T20:39:03.188Z",
    "user": 1,
    "content_type": 9,
    "object_id": "29",
    "object_repr": "Sandpit Pink Lady 22 Notchwood side (no weed mat):2019-04-24",
    "action_flag": 1,
    "change_message": "[{\"added\": {}}]"
  }
},
{
  "model": "admin.logentry",
  "pk": 59,
  "fields": {
    "action_time": "2019-06-30T20:40:30.328Z",
    "user": 1,
    "content_type": 9,
    "object_id": "30",
    "object_repr": "Sandpit Pink Lady 22 Notchwood side (no weed mat):2019-05-01",
    "action_flag": 1,
    "change_message": "[{\"added\": {}}]"
  }
},
{
  "model": "admin.logentry",
  "pk": 60,
  "fields": {
    "action_time": "2019-06-30T20:42:10.797Z",
    "user": 1,
    "content_type": 9,
    "object_id": "31",
    "object_repr": "Sandpit Pink Lady 22 Notchwood side (no weed mat):2019-05-09",
    "action_flag": 1,
    "change_message": "[{\"added\": {}}]"
  }
},
{
  "model": "admin.logentry",
  "pk": 61,
  "fields": {
    "action_time": "2019-06-30T20:43:42.684Z",
    "user": 1,
    "content_type": 9,
    "object_id": "32",
    "object_repr": "Sandpit Pink Lady 22 Notchwood side (no weed mat):2019-05-16",
    "action_flag": 1,
    "change_message": "[{\"added\": {}}]"
  }
},
{
  "model": "admin.logentry",
  "pk": 62,
  "fields": {
    "action_time": "2019-06-30T20:45:22.317Z",
    "user": 1,
    "content_type": 9,
    "object_id": "33",
    "object_repr": "Sandpit Pink Lady 22 Notchwood side (no weed mat):2019-05-23",
    "action_flag": 1,
    "change_message": "[{\"added\": {}}]"
  }
},
{
  "model": "skeleton.calibration",
  "pk": 7,
  "fields": {
    "site": 1,
    "serial_number": 1,
    "soil_type": 1,
    "slope": 1.0,
    "intercept": 1.0,
    "created_date": "2019-06-28T00:43:09Z",
    "created_by": 1
  }
},
{
  "model": "skeleton.reading",
  "pk": 1,
  "fields": {
    "site": 1,
    "type": 1,
    "date": "2018-09-28",
    "depth1": 28.02894974,
    "depth2": 22.1584053,
    "depth3": 20.0728569,
    "depth4": 17.94698524,
    "depth5": 17.17899513,
    "depth6": 17.01572418,
    "depth7": 17.20900345,
    "depth8": 15.02739906,
    "depth9": null,
    "depth10": null,
    "depth11": null,
    "depth12": null,
    "serial_number": 1,
    "rz1": null,
    "rz2": null,
    "rz3": null,
    "deficit": null,
    "probe_dwu": 1.554421902,
    "estimated_dwu": 0.7131720781,
    "rain": 9.0,
    "meter": 70467.0,
    "irrigation_litres": 3.099999905,
    "irrigation_mms": 0.9393939376,
    "effective_rain_1": 3.799043179,
    "effective_rainfall": 3.799043179,
    "efflrr1": -13.6,
    "efflrr2": 0.0,
    "effective_irrigation": 0.0,
    "comment": null,
    "created_date": "2019-06-25T00:05:01Z",
    "created_by": 1
  }
},
{
  "model": "skeleton.reading",
  "pk": 2,
  "fields": {
    "site": 2,
    "type": 2,
    "date": "2016-10-26",
    "depth1": 22.0,
    "depth2": 23.0,
    "depth3": 31.0,
    "depth4": 34.0,
    "depth5": 32.8036422729492,
    "depth6": 27.0,
    "depth7": 26.39999962,
    "depth8": null,
    "depth9": null,
    "depth10": null,
    "depth11": null,
    "depth12": null,
    "serial_number": 1,
    "rz1": 159.401825,
    "rz2": 159.401825,
    "rz3": 0.0,
    "deficit": null,
    "probe_dwu": null,
    "estimated_dwu": null,
    "rain": null,
    "meter": null,
    "irrigation_litres": null,
    "irrigation_mms": null,
    "effective_rain_1": null,
    "effective_rainfall": null,
    "efflrr1": null,
    "efflrr2": null,
    "effective_irrigation": null,
    "comment": null,
    "created_date": "2019-06-30T19:03:38Z",
    "created_by": 1
  }
},
{
  "model": "skeleton.reading",
  "pk": 3,
  "fields": {
    "site": 2,
    "type": 3,
    "date": "2016-10-26",
    "depth1": 15.3999996185303,
    "depth2": 17.2999992370605,
    "depth3": 23.2999992370605,
    "depth4": 25.5,
    "depth5": 24.60000038,
    "depth6": 21.60000038,
    "depth7": 21.10000038,
    "depth8": null,
    "depth9": null,
    "depth10": null,
    "depth11": null,
    "depth12": null,
    "serial_number": null,
    "rz1": 116.8999939,
    "rz2": 116.8999939,
    "rz3": 0.0,
    "deficit": 42.50182343,
    "probe_dwu": null,
    "estimated_dwu": null,
    "rain": null,
    "meter": null,
    "irrigation_litres": null,
    "irrigation_mms": null,
    "effective_rain_1": null,
    "effective_rainfall": null,
    "efflrr1": null,
    "efflrr2": null,
    "effective_irrigation": null,
    "comment": null,
    "created_date": "2019-06-30T19:05:42Z",
    "created_by": 1
  }
},
{
  "model": "skeleton.reading",
  "pk": 4,
  "fields": {
    "site": 2,
    "type": 1,
    "date": "2018-10-25",
    "depth1": 6398.66650390625,
    "depth2": 6658.66650390625,
    "depth3": 7892.0,
    "depth4": 10308.0,
    "depth5": 11521.33301,
    "depth6": 10588.0,
    "depth7": 9506.666992,
    "depth8": null,
    "depth9": null,
    "depth10": null,
    "depth11": null,
    "depth12": null,
    "serial_number": 1,
    "rz1": 118.1945801,
    "rz2": 118.1945801,
    "rz3": 0.0,
    "deficit": 41.20723724,
    "probe_dwu": null,
    "estimated_dwu": 1.563016415,
    "rain": 0.0,
    "meter": 76555.0,
    "irrigation_litres": -9.99999961690316e+35,
    "irrigation_mms": -2.19780222156435e+36,
    "effective_rain_1": null,
    "effective_rainfall": null,
    "efflrr1": null,
    "efflrr2": null,
    "effective_irrigation": null,
    "comment": "\"Irrigation recommendation Fri Sat\t2hr Sun Mon\t2hr Tues Wed\t2hr Thurs\"",
    "created_date": "2019-06-30T19:08:02Z",
    "created_by": 1
  }
},
{
  "model": "skeleton.reading",
  "pk": 5,
  "fields": {
    "site": 2,
    "type": 1,
    "date": "2018-11-01",
    "depth1": 5841.333496,
    "depth2": 5881.333496,
    "depth3": 7114.666504,
    "depth4": 9365.333008,
    "depth5": 10190.66699,
    "depth6": 9364.0,
    "depth7": 8245.333008,
    "depth8": null,
    "depth9": null,
    "depth10": null,
    "depth11": null,
    "depth12": null,
    "serial_number": 1,
    "rz1": 115.611824,
    "rz2": 115.611824,
    "rz3": 0.0,
    "deficit": 43.79000092,
    "probe_dwu": 1.444873214,
    "estimated_dwu": 1.737292767,
    "rain": 8.0,
    "meter": 76752.0,
    "irrigation_litres": 19.70000076,
    "irrigation_mms": 4.329670429,
    "effective_rain_1": 3.0,
    "effective_rainfall": 3.0,
    "efflrr1": 4.329670429,
    "efflrr2": 4.329670429,
    "effective_irrigation": 4.329670429,
    "comment": "\"Irrigation recommendation Fri Sat\t2hr Sun Mon\t2hr Tues Wed\t2hr Thurs\"",
    "created_date": "2019-06-30T19:42:39Z",
    "created_by": 1
  }
},
{
  "model": "skeleton.reading",
  "pk": 6,
  "fields": {
    "site": 2,
    "type": 1,
    "date": "2018-11-08",
    "depth1": 7793.333496,
    "depth2": 7796.0,
    "depth3": 9062.666992,
    "depth4": 10805.33301,
    "depth5": 10949.33301,
    "depth6": 9510.666992,
    "depth7": 8096.0,
    "depth8": null,
    "depth9": null,
    "depth10": null,
    "depth11": null,
    "depth12": null,
    "serial_number": 1,
    "rz1": 144.4781799,
    "rz2": 144.4781799,
    "rz3": 0.0,
    "deficit": 14.9236412,
    "probe_dwu": -0.9982612729,
    "estimated_dwu": 1.627228856,
    "rain": 2.0,
    "meter": 77747.0,
    "irrigation_litres": 99.5,
    "irrigation_mms": 21.86813164,
    "effective_rain_1": -3.0,
    "effective_rainfall": 0.0,
    "efflrr1": 21.86813164,
    "efflrr2": 21.86813164,
    "effective_irrigation": 21.86813164,
    "comment": "\"Irrigation recommendation Fri Sat\t2hr Sun Mon\t2hr Tues Wed\t2hr Thurs\"",
    "created_date": "2019-06-30T19:44:44Z",
    "created_by": 1
  }
},
{
  "model": "skeleton.reading",
  "pk": 7,
  "fields": {
    "site": 2,
    "type": 1,
    "date": "2018-11-15",
    "depth1": 9890.666992,
    "depth2": 10388.0,
    "depth3": 11164.0,
    "depth4": 11789.33301,
    "depth5": 11201.33301,
    "depth6": 9185.333008,
    "depth7": 8388.0,
    "depth8": null,
    "depth9": null,
    "depth10": null,
    "depth11": null,
    "depth12": null,
    "serial_number": 1,
    "rz1": 174.7702789,
    "rz2": 174.7702789,
    "rz3": 0.0,
    "deficit": -15.36846256,
    "probe_dwu": -0.7261304259,
    "estimated_dwu": 2.156591177,
    "rain": 10.0,
    "meter": 78667.0,
    "irrigation_litres": 92.0,
    "irrigation_mms": 20.21977997,
    "effective_rain_1": 5.0,
    "effective_rainfall": 5.0,
    "efflrr1": 20.21977997,
    "efflrr2": 20.21977997,
    "effective_irrigation": 20.21977997,
    "comment": "\"Irrigation recommendation Fri Sat\t2hr Sun Mon\t Tues Wed\t2hr Thurs\"",
    "created_date": "2019-06-30T19:52:53Z",
    "created_by": 1
  }
},
{
  "model": "skeleton.reading",
  "pk": 8,
  "fields": {
    "site": 2,
    "type": 1,
    "date": "2018-11-22",
    "depth1": 9358.666992,
    "depth2": 9153.333008,
    "depth3": 10472.0,
    "depth4": 11806.66699,
    "depth5": 11044.0,
    "depth6": 9144.0,
    "depth7": 8290.666992,
    "depth8": null,
    "depth9": null,
    "depth10": null,
    "depth11": null,
    "depth12": null,
    "serial_number": 1,
    "rz1": 165.6452026,
    "rz2": 165.6452026,
    "rz3": 0.0,
    "deficit": -6.243375301,
    "probe_dwu": 1.2952317,
    "estimated_dwu": 2.078241587,
    "rain": 21.0,
    "meter": 79535.0,
    "irrigation_litres": 86.80000305,
    "irrigation_mms": 19.07692337,
    "effective_rain_1": -9.133733749,
    "effective_rainfall": 0.0,
    "efflrr1": -4.977251053,
    "efflrr2": 0.0,
    "effective_irrigation": 0.0,
    "comment": "\"Irrigation recommendation Thurs Fri\t2hr Sat Sun Mon Tues\t2hr Wed \"",
    "created_date": "2019-06-30T19:55:08Z",
    "created_by": 1
  }
},
{
  "model": "skeleton.reading",
  "pk": 9,
  "fields": {
    "site": 2,
    "type": 1,
    "date": "2018-11-29",
    "depth1": 9249.333008,
    "depth2": 9745.333008,
    "depth3": 11185.33301,
    "depth4": 12872.0,
    "depth5": 12324.0,
    "depth6": 9629.333008,
    "depth7": 8488.0,
    "depth8": null,
    "depth9": null,
    "depth10": null,
    "depth11": null,
    "depth12": null,
    "serial_number": 1,
    "rz1": 172.9837646,
    "rz2": 172.9837646,
    "rz3": 0.0,
    "deficit": -13.5819397,
    "probe_dwu": -0.856210351,
    "estimated_dwu": 2.53285718,
    "rain": 68.0,
    "meter": 79535.0,
    "irrigation_litres": 0.0,
    "irrigation_mms": 0.0,
    "effective_rain_1": 1.355199933,
    "effective_rainfall": 1.355199933,
    "efflrr1": 0.0,
    "efflrr2": 0.0,
    "effective_irrigation": 0.0,
    "comment": "\"Irrigation recommendation Thurs Fri\t2hr Sat Sun Mon Tues\t2hr Wed Rain forecast- adjust as required\"",
    "created_date": "2019-06-30T19:57:04Z",
    "created_by": 1
  }
},
{
  "model": "skeleton.reading",
  "pk": 10,
  "fields": {
    "site": 2,
    "type": 1,
    "date": "2018-12-06",
    "depth1": 7609.333496,
    "depth2": 8574.666992,
    "depth3": 10574.66699,
    "depth4": 12106.66699,
    "depth5": 11785.33301,
    "depth6": 9950.666992,
    "depth7": 8744.0,
    "depth8": null,
    "depth9": null,
    "depth10": null,
    "depth11": null,
    "depth12": null,
    "serial_number": 1,
    "rz1": 154.123291,
    "rz2": 154.123291,
    "rz3": 0.0,
    "deficit": 5.278525352,
    "probe_dwu": 2.724899054,
    "estimated_dwu": 2.865350962,
    "rain": 19.0,
    "meter": 79535.0,
    "irrigation_litres": 0.0,
    "irrigation_mms": 0.0,
    "effective_rain_1": -4.985882759,
    "effective_rainfall": 0.0,
    "efflrr1": 0.0,
    "efflrr2": 0.0,
    "effective_irrigation": 0.0,
    "comment": "\"Irrigation recommendation Thurs Fri\t2hr Sat Sun Mon Tues\t2hr Wed \"",
    "created_date": "2019-06-30T19:58:48Z",
    "created_by": 1
  }
},
{
  "model": "skeleton.reading",
  "pk": 11,
  "fields": {
    "site": 2,
    "type": 1,
    "date": "2018-12-13",
    "depth1": 6421.333496,
    "depth2": 7108.0,
    "depth3": 9178.666992,
    "depth4": 11237.33301,
    "depth5": 11344.0,
    "depth6": 9572.0,
    "depth7": 8873.333008,
    "depth8": null,
    "depth9": null,
    "depth10": null,
    "depth11": null,
    "depth12": null,
    "serial_number": 1,
    "rz1": 135.1819153,
    "rz2": 135.1819153,
    "rz3": 0.0,
    "deficit": 24.21990585,
    "probe_dwu": 3.832712412,
    "estimated_dwu": 3.462639809,
    "rain": 13.0,
    "meter": 79538.0,
    "irrigation_litres": 0.3000000119,
    "irrigation_mms": 0.06593406945,
    "effective_rain_1": 8.0,
    "effective_rainfall": 8.0,
    "efflrr1": 0.06593406945,
    "efflrr2": 0.06593406945,
    "effective_irrigation": 0.06593406945,
    "comment": "\"Irrigation recommendation Thurs Fri\t2hr Sat Sun\t2hr Mon Tues\t2hr Wed \"",
    "created_date": "2019-06-30T20:02:53Z",
    "created_by": 1
  }
},
{
  "model": "skeleton.reading",
  "pk": 12,
  "fields": {
    "site": 2,
    "type": 1,
    "date": "2018-12-20",
    "depth1": 6777.333496,
    "depth2": 7338.666504,
    "depth3": 9164.0,
    "depth4": 10860.0,
    "depth5": 11060.0,
    "depth6": 9470.666992,
    "depth7": 9146.666992,
    "depth8": null,
    "depth9": null,
    "depth10": null,
    "depth11": null,
    "depth12": null,
    "serial_number": 1,
    "rz1": 136.846283,
    "rz2": 136.846283,
    "rz3": 0.0,
    "deficit": 22.55553818,
    "probe_dwu": 1.974561572,
    "estimated_dwu": 3.129261017,
    "rain": 10.0,
    "meter": 80016.0,
    "irrigation_litres": 47.79999924,
    "irrigation_mms": 10.50549412,
    "effective_rain_1": 5.0,
    "effective_rainfall": 5.0,
    "efflrr1": 10.50549412,
    "efflrr2": 10.50549412,
    "effective_irrigation": 10.50549412,
    "comment": "\"Irrigation recommendation Fri\t2hr Sat Sun Mon\t2hr Tues Wed Thurs\t2hr\"",
    "created_date": "2019-06-30T20:06:02Z",
    "created_by": 1
  }
},
{
  "model": "skeleton.reading",
  "pk": 13,
  "fields": {
    "site": 2,
    "type": 1,
    "date": "2019-01-03",
    "depth1": 6322.666504,
    "depth2": 7132.0,
    "depth3": 8984.0,
    "depth4": 10782.66699,
    "depth5": 11260.0,
    "depth6": 9820.0,
    "depth7": 9006.666992,
    "depth8": null,
    "depth9": null,
    "depth10": null,
    "depth11": null,
    "depth12": null,
    "serial_number": 1,
    "rz1": 132.7137909,
    "rz2": 132.7137909,
    "rz3": 0.0,
    "deficit": 26.68802834,
    "probe_dwu": 3.028348684,
    "estimated_dwu": 4.223368645,
    "rain": 64.0,
    "meter": 80149.0,
    "irrigation_litres": 13.30000019,
    "irrigation_mms": 2.923076868,
    "effective_rain_1": 35.22564697,
    "effective_rainfall": 35.22564697,
    "efflrr1": 2.923076868,
    "efflrr2": 2.923076868,
    "effective_irrigation": 2.923076868,
    "comment": "\"Irrigation recommendation Fri\t3hr Sat Sun Mon\t3hr Tues Wed Thurs\t3hr\"",
    "created_date": "2019-06-30T20:07:54Z",
    "created_by": 1
  }
},
{
  "model": "skeleton.reading",
  "pk": 14,
  "fields": {
    "site": 2,
    "type": 1,
    "date": "2019-01-10",
    "depth1": 5328.0,
    "depth2": 5786.666504,
    "depth3": 7394.666504,
    "depth4": 9809.333008,
    "depth5": 10204.0,
    "depth6": 9184.0,
    "depth7": 8790.666992,
    "depth8": null,
    "depth9": null,
    "depth10": null,
    "depth11": null,
    "depth12": null,
    "serial_number": 1,
    "rz1": 113.8207169,
    "rz2": 113.8207169,
    "rz3": 0.0,
    "deficit": 45.58110046,
    "probe_dwu": 2.700349808,
    "estimated_dwu": 4.673223972,
    "rain": 1.0,
    "meter": 80149.0,
    "irrigation_litres": 0.0,
    "irrigation_mms": 0.0,
    "effective_rain_1": 0.0,
    "effective_rainfall": 0.0,
    "efflrr1": 0.0,
    "efflrr2": 0.0,
    "effective_irrigation": 0.0,
    "comment": "\"Irrigation recommendation Fri\t2hr Sat Sun\t2hr Mon\t Tues\t2hr Wed Thurs\t2hr\"",
    "created_date": "2019-06-30T20:09:32Z",
    "created_by": 1
  }
},
{
  "model": "skeleton.reading",
  "pk": 15,
  "fields": {
    "site": 2,
    "type": 1,
    "date": "2019-01-17",
    "depth1": 10090.66699,
    "depth2": 9936.0,
    "depth3": 10422.66699,
    "depth4": 11002.66699,
    "depth5": 10278.66699,
    "depth6": 8845.333008,
    "depth7": 8749.333008,
    "depth8": null,
    "depth9": null,
    "depth10": null,
    "depth11": null,
    "depth12": null,
    "serial_number": 1,
    "rz1": 169.5508423,
    "rz2": 169.5508423,
    "rz3": 0.0,
    "deficit": -10.14901829,
    "probe_dwu": 1.526818871,
    "estimated_dwu": 4.603219032,
    "rain": 74.0,
    "meter": 80471.0,
    "irrigation_litres": 32.20000076,
    "irrigation_mms": 7.076922894,
    "effective_rain_1": 59.39076233,
    "effective_rainfall": 59.39076233,
    "efflrr1": 7.076922894,
    "efflrr2": 7.076922894,
    "effective_irrigation": 7.076922894,
    "comment": "\"Irrigation recommendation Fri\t Sat Sun\t Mon\t Tues\t2hr Wed Thurs\t2hr\"",
    "created_date": "2019-06-30T20:11:05Z",
    "created_by": 1
  }
},
{
  "model": "skeleton.reading",
  "pk": 16,
  "fields": {
    "site": 2,
    "type": 1,
    "date": "2019-01-24",
    "depth1": 7742.666504,
    "depth2": 7913.333496,
    "depth3": 9354.666992,
    "depth4": 10752.0,
    "depth5": 10629.33301,
    "depth6": 8901.333008,
    "depth7": 9202.666992,
    "depth8": null,
    "depth9": null,
    "depth10": null,
    "depth11": null,
    "depth12": null,
    "serial_number": 1,
    "rz1": 144.724823,
    "rz2": 144.724823,
    "rz3": 0.0,
    "deficit": 14.67699814,
    "probe_dwu": 4.604542732,
    "estimated_dwu": 3.731518745,
    "rain": 1.0,
    "meter": 80810.0,
    "irrigation_litres": 33.90000153,
    "irrigation_mms": 7.450549603,
    "effective_rain_1": -4.0,
    "effective_rainfall": 0.0,
    "efflrr1": 7.450549603,
    "efflrr2": 7.450549603,
    "effective_irrigation": 7.450549603,
    "comment": "\"Irrigation recommendation Fri\t Sat\t2hr Sun\t Mon\t2hr Tues\t Wed\t2hr Thurs\t\"",
    "created_date": "2019-06-30T20:12:41Z",
    "created_by": 1
  }
},
{
  "model": "skeleton.reading",
  "pk": 17,
  "fields": {
    "site": 2,
    "type": 1,
    "date": "2019-01-31",
    "depth1": 6912.0,
    "depth2": 7004.0,
    "depth3": 8274.666992,
    "depth4": 10189.33301,
    "depth5": 10025.33301,
    "depth6": 8550.666992,
    "depth7": 8818.666992,
    "depth8": null,
    "depth9": null,
    "depth10": null,
    "depth11": null,
    "depth12": null,
    "serial_number": 1,
    "rz1": 131.2473297,
    "rz2": 131.2473297,
    "rz3": 0.0,
    "deficit": 28.15449333,
    "probe_dwu": 3.293933392,
    "estimated_dwu": 4.350397587,
    "rain": 0.0,
    "meter": 81241.0,
    "irrigation_litres": 43.09999847,
    "irrigation_mms": 9.472527504,
    "effective_rain_1": -5.0,
    "effective_rainfall": 0.0,
    "efflrr1": 9.472527504,
    "efflrr2": 9.472527504,
    "effective_irrigation": 9.472527504,
    "comment": "\"Irrigation recommendation Fri\t Sat\t2hr Sun\t Mon\t2hr Tues\t Wed\t2hr Thurs\t\"",
    "created_date": "2019-06-30T20:14:21Z",
    "created_by": 1
  }
},
{
  "model": "skeleton.reading",
  "pk": 18,
  "fields": {
    "site": 2,
    "type": 1,
    "date": "2019-02-07",
    "depth1": 6900.0,
    "depth2": 6989.333496,
    "depth3": 8124.0,
    "depth4": 9456.0,
    "depth5": 9577.333008,
    "depth6": 8156.0,
    "depth7": 8658.666992,
    "depth8": null,
    "depth9": null,
    "depth10": null,
    "depth11": null,
    "depth12": null,
    "serial_number": 1,
    "rz1": 128.1873932,
    "rz2": 128.1873932,
    "rz3": 0.0,
    "deficit": 31.21443176,
    "probe_dwu": 1.963142872,
    "estimated_dwu": 4.207514763,
    "rain": 8.0,
    "meter": 81595.0,
    "irrigation_litres": 35.40000153,
    "irrigation_mms": 7.780219555,
    "effective_rain_1": 3.0,
    "effective_rainfall": 3.0,
    "efflrr1": 7.780219555,
    "efflrr2": 7.780219555,
    "effective_irrigation": 7.780219555,
    "comment": "\"Irrigation recommendation Fri\t Sat\t2hr Sun\t Mon\t2hr Tues\t Wed\t2hr Thurs\t\"",
    "created_date": "2019-06-30T20:15:58Z",
    "created_by": 1
  }
},
{
  "model": "skeleton.reading",
  "pk": 19,
  "fields": {
    "site": 2,
    "type": 1,
    "date": "2019-02-14",
    "depth1": 8992.0,
    "depth2": 8814.666992,
    "depth3": 10296.0,
    "depth4": 11064.0,
    "depth5": 9649.333008,
    "depth6": 7981.333496,
    "depth7": 8569.333008,
    "depth8": null,
    "depth9": null,
    "depth10": null,
    "depth11": null,
    "depth12": null,
    "serial_number": 1,
    "rz1": 157.9638519,
    "rz2": 157.9638519,
    "rz3": 0.0,
    "deficit": 1.437968016,
    "probe_dwu": -1.260602832,
    "estimated_dwu": 3.005383015,
    "rain": 3.0,
    "meter": 82550.0,
    "irrigation_litres": 95.5,
    "irrigation_mms": 20.98901176,
    "effective_rain_1": -2.0,
    "effective_rainfall": 0.0,
    "efflrr1": 20.98901176,
    "efflrr2": 20.98901176,
    "effective_irrigation": 20.98901176,
    "comment": "\"Irrigation recommendation Fri\t Sat\t2hr Sun\t Mon\t2hr Tues\t Wed\t2hr Thurs\t\"",
    "created_date": "2019-06-30T20:17:44Z",
    "created_by": 1
  }
},
{
  "model": "skeleton.reading",
  "pk": 20,
  "fields": {
    "site": 2,
    "type": 1,
    "date": "2019-02-21",
    "depth1": 9046.0,
    "depth2": 9014.0,
    "depth3": 9876.0,
    "depth4": 9896.0,
    "depth5": 8536.0,
    "depth6": 6918.0,
    "depth7": 8358.0,
    "depth8": null,
    "depth9": null,
    "depth10": null,
    "depth11": null,
    "depth12": null,
    "serial_number": 1,
    "rz1": 153.1809387,
    "rz2": 153.1809387,
    "rz3": 0.0,
    "deficit": 6.2208848,
    "probe_dwu": 3.711996317,
    "estimated_dwu": 4.050429821,
    "rain": 0.0,
    "meter": 83515.0,
    "irrigation_litres": 96.5,
    "irrigation_mms": 21.20879173,
    "effective_rain_1": -5.0,
    "effective_rainfall": 0.0,
    "efflrr1": 21.20879173,
    "efflrr2": 21.20879173,
    "effective_irrigation": 21.20879173,
    "comment": "\"Irrigation recommendation Fri\t Sat\t2hr Sun\t Mon\t2hr Tues\t Wed\t2hr Thurs\t Adjust for forecast rain if required\"",
    "created_date": "2019-06-30T20:19:28Z",
    "created_by": 1
  }
},
{
  "model": "skeleton.reading",
  "pk": 21,
  "fields": {
    "site": 2,
    "type": 1,
    "date": "2019-02-28",
    "depth1": 7869.333496,
    "depth2": 7650.666504,
    "depth3": 8722.666992,
    "depth4": 9846.666992,
    "depth5": 8942.666992,
    "depth6": 7794.666504,
    "depth7": 8324.0,
    "depth8": null,
    "depth9": null,
    "depth10": null,
    "depth11": null,
    "depth12": null,
    "serial_number": 1,
    "rz1": 138.5381012,
    "rz2": 138.5381012,
    "rz3": 0.0,
    "deficit": 20.86371231,
    "probe_dwu": 4.07648468,
    "estimated_dwu": 2.559112072,
    "rain": 44.0,
    "meter": 83515.0,
    "irrigation_litres": 0.0,
    "irrigation_mms": 0.0,
    "effective_rain_1": 13.89822483,
    "effective_rainfall": 13.89822483,
    "efflrr1": 0.0,
    "efflrr2": 0.0,
    "effective_irrigation": 0.0,
    "comment": "\"Irrigation recommendation Fri\t Sat\t2hr Sun\t Mon\t2hr Tues\t Wed\t2hr Thurs\t \"",
    "created_date": "2019-06-30T20:21:11Z",
    "created_by": 1
  }
},
{
  "model": "skeleton.reading",
  "pk": 22,
  "fields": {
    "site": 2,
    "type": 1,
    "date": "2019-03-07",
    "depth1": 5666.666504,
    "depth2": 5936.0,
    "depth3": 7270.666504,
    "depth4": 8708.0,
    "depth5": 8769.333008,
    "depth6": 7608.0,
    "depth7": 7950.666504,
    "depth8": null,
    "depth9": null,
    "depth10": null,
    "depth11": null,
    "depth12": null,
    "serial_number": 1,
    "rz1": 111.447937,
    "rz2": 111.447937,
    "rz3": 0.0,
    "deficit": 47.95388412,
    "probe_dwu": 3.878874779,
    "estimated_dwu": 2.877482653,
    "rain": 0.0,
    "meter": 83515.0,
    "irrigation_litres": 0.0,
    "irrigation_mms": 0.0,
    "effective_rain_1": 0.0,
    "effective_rainfall": 0.0,
    "efflrr1": 0.0,
    "efflrr2": 0.0,
    "effective_irrigation": 0.0,
    "comment": "\"Irrigation recommendation Fri\t Sat\t2hr Sun\t Mon\t2hr Tues\t Wed\t2hr Thurs\t \"",
    "created_date": "2019-06-30T20:27:07Z",
    "created_by": 1
  }
},
{
  "model": "skeleton.reading",
  "pk": 23,
  "fields": {
    "site": 2,
    "type": 1,
    "date": "2019-03-14",
    "depth1": 5229.333496,
    "depth2": 5412.0,
    "depth3": 6530.666504,
    "depth4": 7925.333496,
    "depth5": 7766.666504,
    "depth6": 7226.666504,
    "depth7": 7580.0,
    "depth8": null,
    "depth9": null,
    "depth10": null,
    "depth11": null,
    "depth12": null,
    "serial_number": 1,
    "rz1": 101.5824127,
    "rz2": 101.5824127,
    "rz3": 0.0,
    "deficit": 57.81940842,
    "probe_dwu": 2.695342302,
    "estimated_dwu": 2.80659771,
    "rain": 14.0,
    "meter": 83515.0,
    "irrigation_litres": 0.0,
    "irrigation_mms": 0.0,
    "effective_rain_1": 9.0,
    "effective_rainfall": 9.0,
    "efflrr1": 0.0,
    "efflrr2": 0.0,
    "effective_irrigation": 0.0,
    "comment": "\"Irrigation recommendation Fri\t Sat\t2hr Sun\t Mon\t2hr Tues\t Wed\t2hr Thurs\t Some rain forecast\"",
    "created_date": "2019-06-30T20:28:29Z",
    "created_by": 1
  }
},
{
  "model": "skeleton.reading",
  "pk": 24,
  "fields": {
    "site": 2,
    "type": 1,
    "date": "2019-03-21",
    "depth1": 9096.0,
    "depth2": 9073.333008,
    "depth3": 9552.0,
    "depth4": 9316.0,
    "depth5": 8477.333008,
    "depth6": 6796.0,
    "depth7": 7345.333496,
    "depth8": null,
    "depth9": null,
    "depth10": null,
    "depth11": null,
    "depth12": null,
    "serial_number": 1,
    "rz1": 151.1632233,
    "rz2": 151.1632233,
    "rz3": 0.0,
    "deficit": 8.238591194,
    "probe_dwu": -5.26144743,
    "estimated_dwu": 2.167300224,
    "rain": 0.0,
    "meter": 84091.0,
    "irrigation_litres": 57.59999847,
    "irrigation_mms": 12.65934086,
    "effective_rain_1": -5.0,
    "effective_rainfall": 0.0,
    "efflrr1": 12.65934086,
    "efflrr2": 12.65934086,
    "effective_irrigation": 12.65934086,
    "comment": "\"Irrigation recommendation Fri\t Sat\t2hr Sun\t Mon\t Tues\t Wed\t2hr Thurs\t \"",
    "created_date": "2019-06-30T20:29:53Z",
    "created_by": 1
  }
},
{
  "model": "skeleton.reading",
  "pk": 25,
  "fields": {
    "site": 2,
    "type": 1,
    "date": "2019-03-28",
    "depth1": 5544.0,
    "depth2": 5808.0,
    "depth3": 6548.0,
    "depth4": 7946.666504,
    "depth5": 7940.0,
    "depth6": 6829.333496,
    "depth7": 7096.0,
    "depth8": null,
    "depth9": null,
    "depth10": null,
    "depth11": null,
    "depth12": null,
    "serial_number": 1,
    "rz1": 105.1465073,
    "rz2": 105.1465073,
    "rz3": 0.0,
    "deficit": 54.25531006,
    "probe_dwu": 6.930783749,
    "estimated_dwu": 1.847946405,
    "rain": 1.0,
    "meter": 84199.0,
    "irrigation_litres": 10.80000019,
    "irrigation_mms": 2.373626471,
    "effective_rain_1": -4.0,
    "effective_rainfall": 0.0,
    "efflrr1": 2.373626471,
    "efflrr2": 2.373626471,
    "effective_irrigation": 2.373626471,
    "comment": "\"Irrigation recommendation Fri\t Sat\t2hr Sun\t Mon\t Tues\t Wed\t2hr Thurs\t Rain forecast- adjust as required\"",
    "created_date": "2019-06-30T20:31:33Z",
    "created_by": 1
  }
},
{
  "model": "skeleton.reading",
  "pk": 26,
  "fields": {
    "site": 2,
    "type": 1,
    "date": "2019-04-04",
    "depth1": 5254.666504,
    "depth2": 5316.0,
    "depth3": 6201.333496,
    "depth4": 7329.333496,
    "depth5": 7398.666504,
    "depth6": 6620.0,
    "depth7": 6981.333496,
    "depth8": null,
    "depth9": null,
    "depth10": null,
    "depth11": null,
    "depth12": null,
    "serial_number": 1,
    "rz1": 98.51747894,
    "rz2": 98.51747894,
    "rz3": 0.0,
    "deficit": 60.88433838,
    "probe_dwu": 2.371810436,
    "estimated_dwu": 1.853495002,
    "rain": 15.0,
    "meter": 84199.0,
    "irrigation_litres": 0.0,
    "irrigation_mms": 0.0,
    "effective_rain_1": 10.0,
    "effective_rainfall": 10.0,
    "efflrr1": 0.0,
    "efflrr2": 0.0,
    "effective_irrigation": 0.0,
    "comment": "\"Irrigation recommendation Fri\t Sat\t2hr Sun\t Mon\t Tues\t Wed\t2hr Thurs\t Rain forecast- adjust as required\"",
    "created_date": "2019-06-30T20:33:13Z",
    "created_by": 1
  }
},
{
  "model": "skeleton.reading",
  "pk": 27,
  "fields": {
    "site": 2,
    "type": 1,
    "date": "2019-04-11",
    "depth1": 5141.333496,
    "depth2": 5006.666504,
    "depth3": 5920.0,
    "depth4": 6692.0,
    "depth5": 7040.0,
    "depth6": 6320.0,
    "depth7": 6976.0,
    "depth8": null,
    "depth9": null,
    "depth10": null,
    "depth11": null,
    "depth12": null,
    "serial_number": 1,
    "rz1": 93.9577179,
    "rz2": 93.9577179,
    "rz3": 0.0,
    "deficit": 65.44409943,
    "probe_dwu": 1.365680695,
    "estimated_dwu": 1.479773521,
    "rain": 10.0,
    "meter": 84199.0,
    "irrigation_litres": 0.0,
    "irrigation_mms": 0.0,
    "effective_rain_1": 5.0,
    "effective_rainfall": 5.0,
    "efflrr1": 0.0,
    "efflrr2": 0.0,
    "effective_irrigation": 0.0,
    "comment": "\"Irrigation recommendation Fri\t Sat\t2hr Sun\t Mon\t Tues\t Wed\t2hr Thurs\t Rain forecast- adjust as required\"",
    "created_date": "2019-06-30T20:34:32Z",
    "created_by": 1
  }
},
{
  "model": "skeleton.reading",
  "pk": 28,
  "fields": {
    "site": 2,
    "type": 1,
    "date": "2019-04-17",
    "depth1": 4996.0,
    "depth2": 4884.0,
    "depth3": 5542.666504,
    "depth4": 6312.0,
    "depth5": 6698.666504,
    "depth6": 5985.333496,
    "depth7": 6952.0,
    "depth8": null,
    "depth9": null,
    "depth10": null,
    "depth11": null,
    "depth12": null,
    "serial_number": 1,
    "rz1": 92.6204834,
    "rz2": 92.6204834,
    "rz3": 0.0,
    "deficit": 66.78133392,
    "probe_dwu": 0.2216153294,
    "estimated_dwu": 1.500253916,
    "rain": 2.0,
    "meter": 84199.0,
    "irrigation_litres": 0.0,
    "irrigation_mms": 0.0,
    "effective_rain_1": -3.0,
    "effective_rainfall": 0.0,
    "efflrr1": 0.0,
    "efflrr2": 0.0,
    "effective_irrigation": 0.0,
    "comment": "\"Irrigation recommendation Fri\t Sat\t2hr Sun\t Mon\t Tues\t Wed\t2hr Thurs\t \"",
    "created_date": "2019-06-30T20:35:50Z",
    "created_by": 1
  }
},
{
  "model": "skeleton.reading",
  "pk": 29,
  "fields": {
    "site": 2,
    "type": 1,
    "date": "2019-04-24",
    "depth1": 5207.205566,
    "depth2": 4996.43457,
    "depth3": 5585.10791,
    "depth4": 6305.333496,
    "depth5": 6213.333496,
    "depth6": 5726.666504,
    "depth7": 6941.333496,
    "depth8": null,
    "depth9": null,
    "depth10": null,
    "depth11": null,
    "depth12": null,
    "serial_number": 1,
    "rz1": 93.93292236,
    "rz2": 93.93292236,
    "rz3": 0.0,
    "deficit": 65.46889496,
    "probe_dwu": 1.244413137,
    "estimated_dwu": 1.390957117,
    "rain": 15.0,
    "meter": 84199.0,
    "irrigation_litres": 0.0,
    "irrigation_mms": 0.0,
    "effective_rain_1": 10.0,
    "effective_rainfall": 10.0,
    "efflrr1": 0.0,
    "efflrr2": 0.0,
    "effective_irrigation": 0.0,
    "comment": "\"Irrigation recommendation Fri\t Sat\t2hr Sun\t Mon\t Tues\t Wed\t2hr Thurs\t \"",
    "created_date": "2019-06-30T20:37:31Z",
    "created_by": 1
  }
},
{
  "model": "skeleton.reading",
  "pk": 30,
  "fields": {
    "site": 2,
    "type": 1,
    "date": "2019-05-01",
    "depth1": 4897.333496,
    "depth2": 4701.333496,
    "depth3": 5400.0,
    "depth4": 5830.666504,
    "depth5": 6097.333496,
    "depth6": 5586.666504,
    "depth7": 6911.995117,
    "depth8": null,
    "depth9": null,
    "depth10": null,
    "depth11": null,
    "depth12": null,
    "serial_number": 1,
    "rz1": 88.92787933,
    "rz2": 88.92787933,
    "rz3": 0.0,
    "deficit": 70.47394562,
    "probe_dwu": 3.424875498,
    "estimated_dwu": 1.248129845,
    "rain": 24.0,
    "meter": 84199.0,
    "irrigation_litres": 0.0,
    "irrigation_mms": 0.0,
    "effective_rain_1": 19.0,
    "effective_rainfall": 19.0,
    "efflrr1": 0.0,
    "efflrr2": 0.0,
    "effective_irrigation": 0.0,
    "comment": "\"Irrigation recommendation Fri\t Sat\t2hr Sun\t Mon\t Tues\t Wed\t2hr Thurs\t \"",
    "created_date": "2019-06-30T20:39:16Z",
    "created_by": 1
  }
},
{
  "model": "skeleton.reading",
  "pk": 31,
  "fields": {
    "site": 2,
    "type": 1,
    "date": "2019-05-09",
    "depth1": 5028.0,
    "depth2": 4669.333496,
    "depth3": 5261.333496,
    "depth4": 6456.0,
    "depth5": 5998.666504,
    "depth6": 5464.0,
    "depth7": 6817.333496,
    "depth8": null,
    "depth9": null,
    "depth10": null,
    "depth11": null,
    "depth12": null,
    "serial_number": 1,
    "rz1": 90.90393829,
    "rz2": 90.90393829,
    "rz3": 0.0,
    "deficit": 68.49787903,
    "probe_dwu": -0.2471579313,
    "estimated_dwu": 1.060813785,
    "rain": 1.0,
    "meter": 84199.0,
    "irrigation_litres": 0.0,
    "irrigation_mms": 0.0,
    "effective_rain_1": -4.0,
    "effective_rainfall": 0.0,
    "efflrr1": 0.0,
    "efflrr2": 0.0,
    "effective_irrigation": 0.0,
    "comment": "\"No irrigation recommended \"",
    "created_date": "2019-06-30T20:40:33Z",
    "created_by": 1
  }
},
{
  "model": "skeleton.reading",
  "pk": 32,
  "fields": {
    "site": 2,
    "type": 1,
    "date": "2019-05-16",
    "depth1": 4542.666504,
    "depth2": 4401.333496,
    "depth3": 5028.0,
    "depth4": 5882.666504,
    "depth5": 5758.666504,
    "depth6": 5416.0,
    "depth7": 6080.0,
    "depth8": null,
    "depth9": null,
    "depth10": null,
    "depth11": null,
    "depth12": null,
    "serial_number": 1,
    "rz1": 84.17332458,
    "rz2": 84.17332458,
    "rz3": 0.0,
    "deficit": 75.22850037,
    "probe_dwu": 0.9573376179,
    "estimated_dwu": 0.9751222134,
    "rain": 3.0,
    "meter": 84199.0,
    "irrigation_litres": 0.0,
    "irrigation_mms": 0.0,
    "effective_rain_1": -2.0,
    "effective_rainfall": 0.0,
    "efflrr1": 0.0,
    "efflrr2": 0.0,
    "effective_irrigation": 0.0,
    "comment": "\"Final reading next week Harvested Fortnightly Post harvest readings until end of May Bring soil moisture level back up towards field capacity prior to leaf fall Postharvest Irrigation Recommendation  Apply (13mm) 1 x 4hr per week to raise soil moisture levels  Adjust as required for significant rainfall.\"",
    "created_date": "2019-06-30T20:42:15Z",
    "created_by": 1
  }
},
{
  "model": "skeleton.reading",
  "pk": 33,
  "fields": {
    "site": 2,
    "type": 1,
    "date": "2019-05-23",
    "depth1": 6369.333496,
    "depth2": 6041.333496,
    "depth3": 6357.333496,
    "depth4": 6954.666504,
    "depth5": 6336.0,
    "depth6": 5592.0,
    "depth7": 6264.0,
    "depth8": null,
    "depth9": null,
    "depth10": null,
    "depth11": null,
    "depth12": null,
    "serial_number": 1,
    "rz1": 109.3397064,
    "rz2": 109.3397064,
    "rz3": 0.0,
    "deficit": 50.06211853,
    "probe_dwu": -2.546387434,
    "estimated_dwu": 0.8559550047,
    "rain": 4.0,
    "meter": 84525.0,
    "irrigation_litres": 32.59999847,
    "irrigation_mms": 7.164834976,
    "effective_rain_1": -1.0,
    "effective_rainfall": 0.0,
    "efflrr1": 7.164834976,
    "efflrr2": 7.164834976,
    "effective_irrigation": 7.164834976,
    "comment": "\"Final reading  Harvested Fortnightly Post harvest readings until end of May Bring soil moisture level back up towards field capacity prior to leaf fall Postharvest Irrigation Recommendation  Apply (13mm) 1 x 4hr per week to raise soil moisture levels  Adjust as required for significant rainfall.\"",
    "created_date": "2019-06-30T20:43:52Z",
    "created_by": 1
  }
},
{
  "model": "skeleton.site",
  "pk": 1,
  "fields": {
    "farm": 1,
    "selected": null,
    "name": "Pinot Noir Springstone",
    "variety": "Grapes",
    "crop": 1,
    "report": null,
    "season_start": "2018-09-30",
    "bud_break": "2018-09-14",
    "cd2": "2018-11-28",
    "cd3": "2019-02-02",
    "cd4": "2019-03-20",
    "cd5": null,
    "cd6": null,
    "season_end": "2019-04-29",
    "irrigation_method": 1,
    "irrigation_area": 10.0,
    "irrigation_time": 3.0,
    "irrigation_delivered_volume": 295.0,
    "irrigation_position": 30.0,
    "irrigation_yield": null,
    "irrigation_allocation_volume": 0.0,
    "rz1_top": 0,
    "rz1_bottom": 120,
    "rz2_top": 0,
    "rz2_bottom": 70,
    "rz3_top": 0,
    "rz3_bottom": 45,
    "depth1": 20,
    "depth2": 30,
    "depth3": 40,
    "depth4": 50,
    "depth5": 60,
    "depth6": 80,
    "depth7": 100,
    "depth8": 120,
    "depth9": null,
    "depth10": null,
    "depth11": null,
    "depth12": null,
    "depth_he1": 1,
    "depth_he2": 2,
    "depth_he3": 3,
    "depth_he4": 4,
    "depth_he5": 5,
    "depth_he6": 6,
    "depth_he7": 7,
    "depth_he8": 8,
    "depth_he9": null,
    "depth_he10": null,
    "depth_he11": null,
    "depth_he12": null,
    "created_date": "2019-06-24T23:53:03Z",
    "created_by": 1
  }
},
{
  "model": "skeleton.site",
  "pk": 2,
  "fields": {
    "farm": 2,
    "selected": null,
    "name": "Sandpit Pink Lady 22 Notchwood side (no weed mat)",
    "variety": "Pink Lady",
    "crop": 2,
    "report": null,
    "season_start": "2017-10-14",
    "bud_break": "2017-10-24",
    "cd2": "2018-04-10",
    "cd3": null,
    "cd4": null,
    "cd5": null,
    "cd6": null,
    "season_end": "2018-05-09",
    "irrigation_method": 1,
    "irrigation_area": 10.0,
    "irrigation_time": 1.0,
    "irrigation_delivered_volume": 330.0,
    "irrigation_position": 10.0,
    "irrigation_yield": null,
    "irrigation_allocation_volume": 0.0,
    "rz1_top": 0,
    "rz1_bottom": 60,
    "rz2_top": 0,
    "rz2_bottom": 60,
    "rz3_top": 0,
    "rz3_bottom": 0,
    "depth1": 20,
    "depth2": 30,
    "depth3": 40,
    "depth4": 50,
    "depth5": 60,
    "depth6": 80,
    "depth7": 100,
    "depth8": null,
    "depth9": null,
    "depth10": null,
    "depth11": null,
    "depth12": null,
    "depth_he1": 1,
    "depth_he2": 2,
    "depth_he3": 3,
    "depth_he4": 4,
    "depth_he5": 5,
    "depth_he6": 6,
    "depth_he7": 7,
    "depth_he8": null,
    "depth_he9": null,
    "depth_he10": null,
    "depth_he11": null,
    "depth_he12": null,
    "created_date": "2019-06-27T21:46:01Z",
    "created_by": 1
  }
},
{
  "model": "skeleton.crop",
  "pk": 1,
  "fields": {
    "name": "Grapes Pinot Noir",
    "report": 1,
    "dwu_formaula": null,
    "season_start": "2018-09-01",
    "critical_label1": "Bud Break",
    "critical_label2": "Flowering",
    "critical_label3": "Veraison Estimate",
    "critical_label4": "Harvest estimate",
    "critical_label5": null,
    "critical_label6": null,
    "critical_date1": "2018-09-24",
    "critical_date2": "2018-12-04",
    "critical_date3": "2019-02-02",
    "critical_date4": "2019-03-27",
    "critical_date5": null,
    "critical_date6": null,
    "season_end": null,
    "irrigation_method": 1,
    "irrigation_area": 0.0,
    "irrigation_time": 1.0,
    "irrigation_delivered_volume": 13.0,
    "irrigation_position": 30.0,
    "irrigation_upper": "formula?",
    "irrigation_lower": "formula?",
    "irrigation_crop_factor": 1,
    "irrigation_deliver_factor": 0,
    "irrigation_yield": null,
    "irrigation_drip_days": 7,
    "irrigation_row_space": 300,
    "irrigation_emit_space": 40,
    "irrigation_plant_space": 180,
    "irrigation_wet_width": 300,
    "created_date": "2019-06-24T23:33:38Z",
    "created_by": 1
  }
},
{
  "model": "skeleton.crop",
  "pk": 2,
  "fields": {
    "name": "Apples",
    "report": 1,
    "dwu_formaula": null,
    "season_start": "2016-10-10",
    "critical_label1": "Bud Break",
    "critical_label2": null,
    "critical_label3": null,
    "critical_label4": null,
    "critical_label5": null,
    "critical_label6": null,
    "critical_date1": "2016-09-10",
    "critical_date2": null,
    "critical_date3": null,
    "critical_date4": null,
    "critical_date5": null,
    "critical_date6": null,
    "season_end": null,
    "irrigation_method": 1,
    "irrigation_area": 0.0,
    "irrigation_time": null,
    "irrigation_delivered_volume": 0.0,
    "irrigation_position": 10.0,
    "irrigation_upper": "FULL",
    "irrigation_lower": "REFILL",
    "irrigation_crop_factor": null,
    "irrigation_deliver_factor": 0,
    "irrigation_yield": null,
    "irrigation_drip_days": 0,
    "irrigation_row_space": 0,
    "irrigation_emit_space": 0,
    "irrigation_plant_space": 0,
    "irrigation_wet_width": 0,
    "created_date": "2019-06-27T21:43:09Z",
    "created_by": 1
  }
},
{
  "model": "skeleton.farm",
  "pk": 1,
  "fields": {
    "name": "Springstone",
    "owner": "Paula Black",
    "comment": null,
    "address": 1,
    "report": 1,
    "landline": "0276839241",
    "mobile": "276839241",
    "email": "mabznz@gmail.com",
    "folder": "springstone",
    "created_date": "2019-06-24T23:45:49Z",
    "created_by": 1
  }
},
{
  "model": "skeleton.farm",
  "pk": 2,
  "fields": {
    "name": "Mr Apple Kinross",
    "owner": "Mark Anderson",
    "comment": null,
    "address": 2,
    "report": 1,
    "landline": null,
    "mobile": null,
    "email": null,
    "folder": null,
    "created_date": "2019-06-27T21:35:39Z",
    "created_by": 1
  }
},
{
  "model": "skeleton.report",
  "pk": 1,
  "fields": {
    "name": "Test Report",
    "created_date": "2019-06-24T23:33:20Z",
    "created_by": 1
  }
},
{
  "model": "skeleton.readingtype",
  "pk": 1,
  "fields": {
    "name": "Probe",
    "comment": null,
    "created_date": "2019-06-27T22:20:18Z",
    "created_by": 1
  }
},
{
  "model": "skeleton.readingtype",
  "pk": 2,
  "fields": {
    "name": "Full Point",
    "comment": null,
    "created_date": "2019-06-27T22:23:37Z",
    "created_by": 1
  }
},
{
  "model": "skeleton.readingtype",
  "pk": 3,
  "fields": {
    "name": "Refill",
    "comment": null,
    "created_date": "2019-06-27T22:24:12Z",
    "created_by": 1
  }
},
{
  "model": "skeleton.probe",
  "pk": 1,
  "fields": {
    "serial_number": "0001",
    "comment": "Test",
    "created_date": "2019-06-28T00:36:49Z",
    "created_by": 1
  }
}
]
